# https://github.com/mikedh/trimesh
v 0.11771772 -0.01621541 -0.02874004
v 0.11901173 -0.01847619 -0.02561520
v 0.11845153 -0.01949261 -0.02728839
v 0.11768573 -0.01744238 -0.03039642
v 0.11835606 -0.01706354 -0.02543153
v 0.11755828 -0.01812223 -0.03037151
v 0.11789981 -0.01990945 -0.02920848
v 0.11777977 -0.01612613 -0.02715335
v 0.11877166 -0.01717280 -0.02924977
v 0.11998382 -0.01846767 -0.02706795
v 0.11770853 -0.01611411 -0.02585518
v 0.11901102 -0.01717755 -0.02739162
v 0.11898504 -0.01859362 -0.02916889
v -0.04669495 0.01901645 -0.04648460
v 0.02471221 -0.00660929 -0.03860124
v -0.06099085 0.01676244 -0.04666606
v -0.03043048 0.00236853 -0.04346120
v 0.03631740 -0.01244145 -0.03670078
v -0.05415703 0.01408091 -0.04707802
v -0.05316001 0.01946361 -0.04006568
v 0.00679365 -0.00379468 -0.04044821
v -0.03743665 0.02268248 -0.04376260
v -0.03055882 0.02733678 -0.02061098
v -0.06052610 0.01832689 -0.03868382
v -0.05725026 0.01557089 -0.04734880
v 0.03037082 -0.03111075 -0.00364931
v -0.02831906 0.02804611 -0.01888959
v 0.09372018 -0.02034061 -0.01859714
v -0.03862529 0.02179404 -0.04552051
v 0.10053455 -0.01864357 -0.01680144
v -0.09009139 0.00076210 -0.01675358
v 0.10487087 -0.01767374 -0.01667723
v -0.00719855 0.03294595 -0.01643665
v 0.04063481 -0.01401281 -0.03615027
v 0.08876107 -0.02075081 -0.01527217
v -0.00534787 0.03249482 -0.02076974
v 0.11336178 -0.01585627 -0.01851712
v -0.09191555 0.00224957 -0.01486549
v 0.03258813 -0.01714472 -0.03617237
v -0.01580119 0.03138018 -0.01477720
v 0.01090352 -0.00529213 -0.03964365
v -0.04729210 0.02060668 -0.04352783
v -0.01818908 0.03126226 -0.01280235
v -0.02430200 0.02965680 -0.01506324
v -0.05400341 0.01904635 -0.04173196
v 0.02873387 -0.01565208 -0.03671869
v 0.09759458 -0.01880557 -0.01480851
v 0.02020336 -0.03414632 -0.01300939
v -0.01978590 0.03115328 -0.01111243
v 0.02491922 -0.03315233 -0.01307568
v -0.05132931 0.01319093 -0.04658945
v -0.01233018 0.03172534 -0.01672893
v -0.02018630 0.00385970 -0.04320007
v -0.01665006 0.00352006 -0.04282368
v -0.03422975 0.02283631 -0.04532574
v -0.00857316 0.03221804 -0.01867290
v 0.02160184 -0.03367940 -0.01127051
v 0.00292649 -0.00229610 -0.04071352
v 0.11014339 -0.01284955 -0.01529734
v 0.11243565 -0.01399032 -0.01672219
v -0.09899738 0.01477229 -0.01121182
v 0.09646215 -0.01941493 -0.01661683
v -0.02305979 0.03039009 -0.01299319
v -0.02261944 0.00551580 -0.04317626
v -0.01638172 0.03093505 -0.01688044
v -0.10222426 0.01448063 -0.00913306
v 0.01432750 -0.03495282 -0.00907010
v -0.00057350 -0.00074723 -0.04099292
v 0.02107080 -0.00787531 -0.03871538
v 0.01762862 -0.03418705 -0.00786151
v -0.00866119 0.00079186 -0.04219724
v -0.02568351 0.02862522 -0.02055271
v -0.02670421 0.03015970 -0.00727824
v -0.09452229 0.01602028 -0.00721315
v 0.02611069 -0.03238236 -0.00718065
v -0.01938196 0.00830904 -0.04262345
v -0.04919333 0.02001618 -0.04186428
v -0.09974903 0.00678972 -0.00603681
v 0.11150174 -0.01735065 -0.02044863
v 0.10081385 -0.01742484 -0.01092791
v -0.01272298 0.00547661 -0.04279126
v -0.05379004 0.02453335 -0.00590039
v -0.08733139 0.01743747 -0.00619011
v -0.00506114 0.00242393 -0.04217318
v 0.02920605 -0.03160653 -0.00599671
v -0.10697953 0.01267790 -0.00907172
v 0.03308452 -0.03077348 -0.00612894
v 0.10227491 -0.00888963 -0.00580050
v -0.04836549 0.02568969 -0.00564233
v 0.01837408 -0.00915362 -0.03866752
v 0.11462715 -0.01563727 -0.02063333
v -0.09900374 0.01503194 -0.00892081
v 0.01441624 -0.01090669 -0.03873679
v -0.02695877 0.00097677 -0.04315605
v 0.07031253 -0.02303898 -0.00420084
v 0.10831729 -0.01669232 -0.01488375
v 0.05106849 -0.02690459 -0.00440857
v -0.10354902 0.00937680 -0.00428163
v -0.10619571 0.01117031 -0.00438426
v -0.09132918 0.01709964 -0.00413600
v -0.05099627 0.02526007 -0.00424324
v -0.10539562 0.01404396 -0.00729036
v -0.04237083 0.02005593 -0.04615855
v -0.07137079 0.02104999 -0.00419657
v -0.05772968 0.01913758 -0.03706045
v -0.00482921 0.03360750 -0.01480876
v 0.04335769 -0.02827197 -0.00290122
v 0.09940760 -0.00706469 -0.00243892
v -0.06814074 0.02190826 -0.00229372
v 0.04812287 -0.02708314 -0.00246315
v -0.10237505 0.00831651 -0.00244583
v -0.06380424 0.02264064 -0.00233604
v 0.05178744 -0.02634154 -0.00239405
v 0.05699915 -0.02516619 -0.00206176
v -0.07672870 0.02049589 -0.00067786
v 0.09818766 -0.00641886 -0.00057156
v -0.10113337 0.00714054 -0.00073212
v -0.06702139 0.02239837 -0.00003556
v 0.04462128 -0.02742495 -0.00052763
v 0.05483559 -0.02539588 -0.00059511
v -0.05704538 0.02436939 -0.00046672
v 0.06409018 -0.02346378 -0.00049061
v 0.10072741 -0.00798729 -0.00038815
v 0.03646554 -0.02869111 0.00135918
v 0.09125874 -0.00110427 0.00096556
v 0.09626735 -0.00524980 0.00148143
v -0.09413108 0.00226347 0.00145669
v -0.08401224 0.01899885 0.00133726
v -0.08012051 0.01981191 0.00145353
v -0.04618442 0.02708019 0.00147307
v 0.00270729 -0.03580075 0.00123130
v 0.04076085 -0.02799841 0.00158244
v 0.07517847 -0.02053677 0.00152349
v 0.07812285 -0.01970232 0.00327611
v 0.09016910 -0.00045914 0.00313261
v 0.09224215 -0.00208975 0.00333668
v -0.09310048 0.00115260 0.00369566
v -0.08248436 0.01951397 0.00335809
v -0.04222622 0.02798869 0.00312007
v -0.00067657 -0.03598929 0.00327295
v 0.03754476 -0.02810222 0.00378609
v -0.00386914 0.03589874 0.00339972
v -0.03611100 0.02965471 0.00526043
v 0.09408133 -0.00370240 0.00522767
v 0.08568959 -0.01821528 0.00513212
v -0.09130585 0.01837859 0.00529719
v 0.02913286 -0.02942510 0.00519388
v 0.10534587 -0.01096572 0.00519047
v -0.09747180 0.00401017 0.00514168
v -0.03855688 0.02936040 0.00706312
v 0.08173510 -0.01865440 0.00725183
v -0.08878148 0.01918104 0.00719808
v 0.10305325 -0.00992988 0.00702277
v 0.03223457 -0.02874616 0.00708052
v -0.09971686 0.00547564 0.00729943
v -0.07926279 0.02124364 0.00709707
v -0.07431677 -0.01347387 0.00902603
v -0.06911106 -0.01700123 0.00893645
v 0.02259621 0.04198546 0.00900495
v -0.01651023 -0.03829304 0.00907064
v 0.04374995 0.03341043 0.00896452
v 0.07015025 0.01416886 0.00900129
v -0.07330579 -0.01412410 0.01050531
v 0.07198961 0.01247734 0.01046940
v 0.02447852 0.04265308 0.01045737
v -0.07562915 -0.01235706 0.01047349
v -0.01271344 -0.03737609 0.01048287
v 0.04241512 0.03439102 0.01058141
v 0.00279302 0.03855024 0.01195653
v 0.00676607 0.03946250 0.01195678
v 0.01120492 0.04038671 0.01208901
v -0.07089916 -0.01545550 0.01174376
v -0.05078732 -0.03076831 0.01195857
v 0.06768457 0.01543998 0.01194083
v -0.00053850 0.03826501 0.01392745
v -0.05225969 -0.02999982 0.01394648
v 0.04681808 0.03071430 0.01387780
v 0.06589807 0.01670900 0.01395151
v 0.01842022 0.04201403 0.01384163
v 0.04501019 0.03209398 0.01399621
v -0.04960380 -0.03177118 0.01390928
v -0.00870450 -0.03588926 0.01389401
v 0.05370917 0.02550729 0.01522025
v 0.04873558 0.02919176 0.01576521
v -0.05953014 -0.02533595 0.01588934
v 0.05938917 0.02160012 0.01569594
v -0.06390235 -0.02170282 0.01567393
v -0.05428113 -0.02884997 0.01585402
v 0.01316678 0.04156450 0.01752363
v -0.05853755 -0.02621531 0.01766465
v 0.05497242 0.02457002 0.01774125
v 0.05796152 0.02249953 0.01777521
v -0.06095567 -0.02444129 0.01778638
v -0.06357355 -0.02225099 0.01817932
v 0.05290873 0.02592497 0.01774825
v -0.06612248 -0.01884581 0.01955256
v -0.05707702 -0.02754469 0.01967499
v -0.02781684 -0.03886531 0.01957398
v 0.05053586 0.02746574 0.01963642
v -0.02300199 -0.03797267 0.01957108
v 0.04032810 0.03513695 0.01964129
v -0.04601313 -0.03496358 0.01964163
v 0.04178986 0.03406052 0.02144441
v -0.02058970 -0.03728032 0.02130407
v -0.05600063 -0.02851507 0.02164352
v -0.06572562 -0.02004637 0.02146974
v -0.06727842 -0.01851077 0.02161972
v -0.03047697 -0.03922151 0.02147060
v 0.06184247 0.01853863 0.02136533
v 0.05942187 0.02023092 0.02152102
v -0.04772290 -0.03390678 0.02137445
v -0.03852913 -0.04041648 0.02345082
v -0.03366319 -0.03970674 0.02337157
v -0.04356407 -0.03706963 0.02348614
v 0.03211702 0.04068388 0.02348333
v 0.03758701 0.03684761 0.02348222
v 0.07374994 0.00940524 0.02334965
v -0.07906922 -0.00954964 0.02333941
v 0.03075513 0.04155165 0.02512931
v 0.03864289 0.03601750 0.02488941
v 0.03336789 0.03941248 0.02531767
v -0.04320079 -0.03820369 0.02536732
v -0.04480380 -0.03634535 0.02522596
v 0.03596420 0.03767325 0.02527587
v -0.07847649 -0.01050089 0.02539752
v 0.03461628 0.03845118 0.02701850
v -0.04118254 -0.03964261 0.02664195
v -0.08266927 -0.00773301 0.02663947
v -0.08098424 -0.00883752 0.02869323
v 0.07431545 0.00820020 0.02805844
v -0.08449819 -0.00663695 0.02806160
v 0.07632575 0.00658385 0.02805520
v 0.08332927 0.00118781 0.03021918
v 0.07753755 0.00534933 0.03020382
v -0.09014496 -0.00232859 0.03014146
v -0.00494429 -0.03287290 0.03000360
v 0.07894487 0.00408052 0.03203919
v 0.08395665 0.00048435 0.03202085
v -0.09255459 -0.00110246 0.03192940
v -0.00894156 -0.03336749 0.03196779
v 0.08156540 0.00223035 0.03200294
v -0.01615102 -0.03465844 0.03405423
v -0.01244933 -0.03377370 0.03401063
v 0.07011100 0.01102152 0.03393496
v -0.08900546 -0.00419629 0.03409176
v -0.08943503 -0.00331434 0.03543395
v 0.02834320 0.04218427 0.03390715
v 0.00000614 0.03193659 0.03533030
v 0.00613781 0.03480010 0.03516991
v -0.08670525 -0.00516975 0.03571462
v 0.00294311 0.03077074 0.03561600
v 0.01039210 0.03310146 0.03562010
v 0.07162226 0.00934104 0.03598898
v -0.00472845 -0.03209008 0.03593284
v -0.08205409 -0.00004328 0.03654051
v 0.00510260 0.01311905 0.03820475
v -0.06114941 -0.00815292 0.03807098
v 0.00924323 0.01475538 0.03821507
v 0.00096180 0.01639164 0.03749522
v 0.01338404 0.02130057 0.03757319
v -0.05700861 -0.00651666 0.03784286
v 0.01752485 0.02293690 0.03761935
v -0.04458636 -0.00160773 0.03759708
v -0.03630493 -0.00324400 0.03827709
v -0.04044556 0.00002860 0.03755997
v 0.02580628 0.01802797 0.03876899
v -0.04872717 -0.01142552 0.03897604
v -0.05275891 -0.00980434 0.03855529
v 0.01017785 0.01258003 0.03855734
v -0.03596039 -0.00496716 0.03854744
v 0.04236916 0.00493753 0.04155736
v 0.05686180 0.00940586 0.04223328
v 0.05479140 0.01115550 0.04198314
v -0.02802332 -0.02124337 0.04154004
v -0.03216412 -0.02287970 0.04166912
v 0.03408772 0.00166493 0.04148698
v 0.03822852 0.00330119 0.04150950
v -0.02388269 -0.01960711 0.04145678
v -0.01974188 -0.01797078 0.04139399
v -0.01560125 -0.01633444 0.04134613
v 0.04650996 0.00821012 0.04142982
v -0.00317901 -0.01306185 0.04151709
v -0.00731964 -0.01469818 0.04154900
v 0.05168597 0.00950555 0.04175306
v -0.04633574 0.01840052 -0.04667903
v -0.01770188 0.00978260 -0.04303806
v -0.04512765 0.02106648 -0.04379297
v 0.02437422 -0.01071975 -0.03767263
v 0.01979360 -0.03399396 -0.01051731
v -0.01286016 0.01138107 -0.04314171
v -0.04228615 0.02141988 -0.04521331
v -0.06055456 0.01259638 -0.04731868
v -0.01269841 0.00079975 -0.04216064
v -0.03848652 0.02006361 -0.04631722
v -0.02651753 0.00544490 -0.04334509
v -0.08915218 0.00044069 -0.02104819
v 0.11397785 -0.01439004 -0.02049120
v 0.08977294 -0.02136443 -0.02062565
v 0.01771912 -0.00787077 -0.03885009
v -0.09166771 0.00233479 -0.02053343
v -0.05778200 0.01409460 -0.04736407
v -0.05408367 0.01567149 -0.04727082
v 0.10847905 -0.01767109 -0.02012241
v -0.00906300 0.00548639 -0.04261160
v -0.02854092 0.02811254 -0.01751941
v -0.05390866 0.01963078 -0.03850271
v -0.00680203 0.03283223 -0.01764431
v 0.01469395 -0.00663276 -0.03918152
v 0.11307434 -0.01409755 -0.01872451
v -0.03487322 0.01872648 -0.04643836
v 0.04052944 -0.01559794 -0.03595721
v -0.01272086 0.03089893 -0.02059494
v -0.05025876 0.01723593 -0.04694553
v -0.00384881 0.03292255 -0.02028680
v 0.03656948 -0.01711419 -0.03597197
v -0.02683397 0.02907643 -0.01473275
v 0.09004871 -0.02036513 -0.01463626
v 0.10919676 -0.01236845 -0.01471893
v 0.02866228 -0.01398012 -0.03690160
v -0.09501161 0.01520659 -0.01283545
v -0.05000792 0.01260504 -0.04625853
v 0.01095301 -0.00069254 -0.04036315
v -0.01691699 0.00246675 -0.04254019
v 0.01774794 -0.03467437 -0.01298201
v -0.00881711 0.03247065 -0.01684231
v 0.10122309 -0.01887836 -0.01876588
v -0.09810254 0.01495797 -0.01081146
v -0.09945117 0.01485870 -0.00977613
v -0.01185571 0.03147567 -0.01854732
v -0.01665678 0.03050438 -0.01869533
v 0.11155001 -0.01236481 -0.02061772
v 0.00294788 -0.00379831 -0.04060347
v 0.10026673 -0.01944483 -0.02081863
v -0.10188820 0.01424815 -0.01119024
v 0.09349991 -0.02003750 -0.01680963
v 0.09712895 -0.01964169 -0.01870241
v -0.02529354 0.02992443 -0.01246946
v 0.02097163 -0.03361569 -0.00910235
v -0.05033442 0.02051202 -0.03700824
v 0.02408537 -0.03285480 -0.00775376
v -0.03039707 0.00402778 -0.04340728
v 0.11305331 -0.01553786 -0.01679914
v 0.03330478 -0.01240708 -0.03703195
v -0.02298254 0.02914789 -0.02062557
v -0.10083409 0.00746684 -0.00578249
v 0.10038058 -0.01732977 -0.00923646
v -0.02329632 0.03089823 -0.00745816
v -0.01959268 0.03163676 -0.00726672
v -0.01960294 0.00906706 -0.04288621
v 0.09762004 -0.01749791 -0.00723038
v -0.06018793 0.01813255 -0.04005859
v -0.05725945 0.01841149 -0.04175090
v 0.09803829 -0.00590806 -0.00579802
v -0.06557872 0.02210896 -0.00618729
v 0.05519268 -0.02614559 -0.00577831
v -0.05575367 0.02415465 -0.00582105
v -0.08523093 0.01787604 -0.00584059
v -0.00496569 0.00402149 -0.04220560
v -0.10641279 0.01266400 -0.01115603
v 0.10081986 -0.00785289 -0.00617296
v 0.03669906 -0.02996447 -0.00574282
v -0.07625229 0.01974904 -0.00603953
v 0.02164603 -0.00956620 -0.03832432
v -0.07283963 0.02066368 -0.00476201
v -0.00062724 -0.00542759 -0.04077887
v 0.09929552 -0.00693825 -0.00436711
v 0.04406020 -0.02834560 -0.00439398
v -0.06839370 0.02160005 -0.00428914
v -0.10195202 0.00811644 -0.00426243
v -0.06355393 0.02255918 -0.00417124
v 0.04839917 -0.02746589 -0.00419717
v 0.05306235 -0.02643501 -0.00431464
v -0.03109056 0.02807203 -0.01489911
v -0.09000601 0.00072682 -0.01873509
v 0.01468688 -0.03507982 -0.01105280
v -0.06100092 0.01750509 -0.04576714
v -0.02015624 0.03117801 -0.00963699
v 0.00684615 -0.00230875 -0.04052891
v -0.10358366 0.00924736 -0.00253259
v -0.10641774 0.01110870 -0.00244677
v 0.02992340 -0.03099353 -0.00246324
v -0.09165870 0.01727736 -0.00241572
v 0.07039862 -0.02270087 -0.00243995
v -0.07203971 0.02123420 -0.00245991
v -0.08906998 0.01784432 -0.00107097
v 0.02739674 -0.03134792 -0.00106918
v -0.07487132 0.02094074 -0.00006337
v -0.09999139 0.00637959 -0.00053514
v -0.10483648 0.01000258 -0.00058641
v -0.05479378 0.02495277 -0.00049871
v -0.04964057 0.02619776 -0.00060629
v 0.06655091 -0.02300111 -0.00040640
v 0.10217114 -0.00888502 -0.00062829
v 0.03273715 -0.03001134 -0.00057523
v 0.07148862 -0.02200153 -0.00057267
v -0.03826891 0.02861796 0.00155582
v 0.08296600 -0.01909317 0.00147026
v -0.08751135 0.01844907 0.00144560
v 0.10658790 -0.01145150 0.00134203
v 0.10349625 -0.00975642 0.00152673
v -0.09583468 0.00348331 0.00143946
v -0.09854325 0.00532977 0.00160394
v 0.03364560 -0.02930222 0.00172158
v 0.07319787 -0.02103659 0.00148629
v 0.08088764 -0.01928912 0.00285339
v 0.03047265 -0.02954931 0.00328728
v -0.03561533 0.02953665 0.00320974
v 0.08516898 -0.01844601 0.00331219
v 0.09417785 -0.00365930 0.00329283
v -0.09093603 0.01814198 0.00335084
v -0.09726904 0.00421995 0.00323524
v 0.10519808 -0.01077941 0.00339853
v -0.00177682 -0.03594626 0.00526341
v 0.07802333 -0.01954312 0.00520796
v 0.09205671 -0.00221731 0.00519542
v 0.08994371 -0.00068953 0.00507291
v -0.09334425 0.00118683 0.00539206
v -0.08355120 0.01975365 0.00528235
v 0.03733934 -0.02797096 0.00539240
v -0.04328052 0.02813504 0.00527152
v -0.00468267 0.03600821 0.00526981
v -0.08083150 0.02082051 0.00670012
v 0.03543476 -0.02834197 0.00668315
v 0.04008644 -0.02708664 0.00708300
v 0.09602834 -0.00531065 0.00720695
v 0.07890049 -0.01912048 0.00712275
v 0.09114667 -0.00190302 0.00718665
v -0.09545974 0.00248037 0.00717368
v -0.04626591 0.02786252 0.00708752
v 0.07384540 -0.02015779 0.00721165
v -0.04178570 0.02874035 0.00715773
v -0.00723885 0.03585613 0.00731624
v 0.06872579 0.01525870 0.00857175
v 0.01066788 0.03968954 0.00872437
v 0.06589419 0.01729930 0.00882486
v -0.04880124 -0.03164348 0.00890233
v 0.04782995 0.03037996 0.00909871
v 0.04548519 0.03208671 0.00900453
v -0.00851924 -0.03666278 0.00870569
v 0.00016843 0.03751510 0.00905444
v 0.00686984 0.03913333 0.01044645
v 0.01179358 0.04023261 0.01044619
v -0.05035245 -0.03088483 0.01061741
v 0.06757126 0.01567267 0.01044713
v -0.00570143 -0.03568737 0.01049320
v 0.04649034 0.03133470 0.01074512
v -0.07149242 -0.01534163 0.01054651
v 0.08776335 0.00032717 0.01068779
v 0.00269969 0.03829309 0.01071048
v 0.00406794 0.03896372 0.01256863
v 0.08005714 0.00327102 0.03191251
v -0.07003790 -0.01596294 0.01254969
v -0.07249085 -0.01415749 0.01196173
v 0.02422520 0.04278854 0.01189596
v -0.01362312 -0.03723827 0.01205344
v -0.07481298 -0.01240743 0.01191447
v 0.07158744 0.01254454 0.01185023
v -0.04817917 -0.03267751 0.01371443
v 0.06476087 0.01755609 0.01379488
v -0.06831256 -0.01718370 0.01387507
v 0.06074098 0.02067437 0.01569952
v 0.04340860 0.03336545 0.01380333
v 0.02162482 0.04257778 0.01398743
v 0.02520648 0.04338777 0.01403443
v -0.01669001 -0.03746020 0.01395091
v 0.06958032 0.01391304 0.01390826
v -0.01261019 -0.03671343 0.01384956
v -0.07319477 -0.01273149 0.01406310
v -0.06672971 -0.01827892 0.01524115
v -0.02967211 -0.03973377 0.01568894
v 0.06330954 0.01869385 0.01571206
v -0.01994835 -0.03775339 0.01577110
v 0.04209621 0.03417167 0.01575932
v -0.04706618 -0.03393703 0.01584190
v -0.06496106 -0.02024071 0.01569073
v -0.05676925 -0.02743306 0.01765151
v -0.06596444 -0.01861584 0.01773247
v -0.02686896 -0.03889423 0.01776522
v 0.05077840 0.02747167 0.01769280
v 0.06167241 0.01978306 0.01780737
v -0.02270695 -0.03809988 0.01769280
v 0.04051230 0.03518997 0.01766814
v -0.04593994 -0.03488457 0.01771319
v -0.05863672 -0.02641908 0.01955615
v 0.05791857 0.02239355 0.01923743
v -0.02564479 -0.03845161 0.01977770
v -0.06102585 -0.02460713 0.01962192
v 0.01188109 0.04176115 0.02006827
v -0.06346748 -0.02254215 0.01977710
v 0.05264604 0.02594872 0.01965536
v 0.05477708 0.02454389 0.01958694
v -0.05494439 -0.02919597 0.02133453
v 0.04833712 0.02894831 0.02150796
v -0.05966944 -0.02578373 0.02142214
v 0.05799688 0.02172286 0.02131363
v -0.06458966 -0.02166391 0.02142837
v -0.08052851 -0.00847755 0.02327534
v -0.08449926 -0.00646392 0.02343368
v 0.07702366 0.00683673 0.02347804
v 0.07604185 0.00720124 0.02511548
v 0.07517123 0.00820614 0.02359739
v -0.04185924 -0.03950080 0.02533235
v -0.08282165 -0.00758519 0.02524328
v 0.03468469 0.03853207 0.02537901
v -0.07821733 -0.01080798 0.02670175
v -0.03754943 -0.04009605 0.02774049
v -0.04372829 -0.03821640 0.02668230
v -0.04557313 -0.03628779 0.02670132
v 0.03576214 0.03754835 0.02671881
v 0.03069591 0.04098560 0.02684925
v 0.03302017 0.03937846 0.02682024
v 0.03131092 0.04024441 0.02769357
v -0.04507338 -0.03764812 0.02841640
v -0.08020236 -0.00942202 0.02817975
v -0.03465454 -0.03954006 0.02817531
v 0.07299299 0.00902696 0.02824100
v 0.03631351 0.03660639 0.02831403
v 0.02747823 0.04341508 0.02969026
v -0.08616997 -0.00530534 0.03022652
v -0.08954003 -0.00298776 0.03084033
v -0.01273906 -0.03440982 0.03000829
v 0.07147006 0.00955375 0.03028487
v -0.00388629 -0.03257545 0.03071774
v 0.02799831 0.04219608 0.03185859
v -0.08851066 -0.00416981 0.03198775
v 0.06998037 0.01093685 0.03221306
v -0.01637977 -0.03498887 0.03200353
v -0.01153982 -0.03384796 0.03211606
v 0.08406643 0.00020108 0.03324045
v -0.00839161 -0.03300870 0.03393752
v 0.08124967 0.00221107 0.03393470
v 0.07905305 0.00382785 0.03400654
v -0.09277875 -0.00109868 0.03445681
v -0.00007340 0.03316384 0.03511847
v -0.00041847 0.03493646 0.03478678
v 0.00303220 0.03480010 0.03498906
v 0.07217363 0.00879951 0.03568817
v 0.00622407 0.03070934 0.03576069
v 0.01019889 0.03193659 0.03575659
v -0.09020524 -0.00222960 0.03584131
v 0.07700598 0.00515464 0.03591595
v -0.08531932 -0.00580691 0.03643712
v 0.08234427 0.00091627 0.03599930
v 0.01338404 0.02784583 0.03666319
v 0.01752485 0.02948216 0.03662463
v -0.06059734 -0.00994469 0.03841879
v 0.01752485 0.01802797 0.03827146
v 0.00096180 0.01475538 0.03772820
v 0.00924323 0.01639164 0.03799156
v -0.04872717 -0.00815292 0.03843500
v 0.01338404 0.01966431 0.03779978
v -0.05286780 -0.00651666 0.03800034
v 0.02580628 0.02130057 0.03838671
v 0.02166548 0.02293690 0.03790863
v -0.04044556 -0.00488033 0.03831156
v -0.04458636 -0.00324400 0.03785625
v -0.03630493 -0.00160773 0.03803080
v -0.06114941 -0.01106373 0.03864026
v -0.05700861 -0.01033651 0.03855734
v 0.02994691 0.00493753 0.04077012
v -0.02388269 -0.02124337 0.04177243
v 0.03822852 0.00166493 0.04174607
v -0.03216412 -0.01797078 0.04077174
v -0.02802332 -0.01960711 0.04123659
v 0.03408772 0.00330119 0.04124504
v -0.01560125 -0.01306185 0.04083137
v -0.01146044 -0.01469818 0.04131022
v -0.00317901 -0.01633444 0.04205711
v 0.04650996 0.00984645 0.04123165
v 0.05667654 0.00784651 0.04236807
v 0.05065077 0.00821012 0.04178744
v -0.00186309 -0.00027486 -0.04118282
v -0.03945667 0.02222059 -0.04357356
v -0.05026901 0.01411926 -0.04676886
v 0.04065673 -0.01237746 -0.03642881
v -0.01964377 0.00712636 -0.04278111
v -0.05516624 0.01905362 -0.04022512
v -0.06067123 0.01857440 -0.03696362
v -0.05177709 0.01950608 -0.04208241
v 0.09425510 -0.02052377 -0.02054657
v -0.05736693 0.01896734 -0.03855150
v 0.01091412 -0.00382115 -0.04016719
v -0.03072039 0.02744429 -0.01873969
v -0.03768820 0.02238852 -0.04510735
v -0.02162649 0.00833999 -0.04292400
v -0.05579963 0.01949253 -0.03718056
v -0.00620029 0.03266073 -0.01927195
v -0.02678765 0.00242225 -0.04324229
v 0.09535041 -0.01937232 -0.01522926
v -0.01502443 0.03132275 -0.01609046
v 0.10750695 -0.01712613 -0.01673541
v -0.00474348 0.03336482 -0.01673644
v -0.02304830 0.00414004 -0.04324460
v 0.09856561 -0.01902136 -0.01679146
v -0.04638878 0.02018928 -0.04572602
v -0.09192492 0.00222155 -0.01678208
v 0.02867023 -0.01714311 -0.03643589
v 0.00297263 -0.00070741 -0.04075345
v -0.01280889 0.00386005 -0.04269810
v 0.10055930 -0.01818468 -0.01488273
v -0.01250519 0.03197229 -0.01485184
v -0.09004791 0.00070104 -0.01484664
v -0.02753541 0.02814663 -0.02052652
v 0.10412805 -0.01741387 -0.01484323
v -0.00806086 0.03298766 -0.01476713
v -0.00456635 0.00077817 -0.04185387
v 0.10072511 -0.01769798 -0.01298849
v -0.01729158 0.03112646 -0.01500429
v -0.00869213 0.00235414 -0.04240719
v -0.09837442 0.01458940 -0.01318095
v 0.02217707 -0.03374821 -0.01322404
v -0.05446339 0.01270612 -0.04674932
v -0.00067179 -0.00236442 -0.04093379
v 0.02120409 -0.00670988 -0.03884130
v 0.02487785 -0.00807824 -0.03827697
v -0.03417283 0.02343736 -0.04371858
v 0.02513011 -0.03294143 -0.01107285
v -0.01878092 0.03132241 -0.01087877
v 0.11189472 -0.01381742 -0.01483282
v -0.03089381 0.00084446 -0.04347545
v 0.11072675 -0.01289384 -0.01684998
v -0.03477847 0.02186453 -0.04592744
v -0.10544653 0.01375447 -0.00911694
v 0.01773910 -0.03428310 -0.00906387
v -0.02609239 0.02998674 -0.00895476
v -0.02429669 0.02940259 -0.01696055
v -0.02660963 0.02857416 -0.01867324
v -0.01960081 0.03101091 -0.01321209
v 0.03651079 -0.01395085 -0.03644485
v 0.03274334 -0.01562337 -0.03643128
v 0.02580858 -0.03259675 -0.00865532
v 0.00722127 -0.00547921 -0.04002072
v -0.10235631 0.01472492 -0.00749365
v -0.05719917 0.01717250 -0.04672680
v 0.11388027 -0.01559424 -0.01926043
v -0.00851376 0.03184088 -0.02058112
v -0.09783950 0.01545493 -0.00734461
v 0.01466425 -0.03470574 -0.00737464
v -0.07091365 0.02097748 -0.00578087
v 0.11139037 -0.01674995 -0.01873483
v 0.05110880 -0.02707958 -0.00612007
v -0.10342297 0.00941886 -0.00568464
v -0.01673438 0.00588178 -0.04289039
v -0.09122577 0.01680408 -0.00602768
v 0.11430259 -0.01695030 -0.02085300
v -0.05093033 0.02508948 -0.00607869
v -0.10746160 0.01264667 -0.00750867
v 0.07030935 -0.02331924 -0.00602230
v 0.01889999 -0.01096034 -0.03828235
v -0.09519704 0.01561860 -0.00917810
v 0.01464428 -0.00935649 -0.03879754
v 0.10215576 -0.00887406 -0.00377778
v -0.09978085 0.00660690 -0.00437743
v -0.10511525 0.01040161 -0.00383290
v -0.05380260 0.02471099 -0.00416100
v -0.08783856 0.01764690 -0.00440959
v -0.04917618 0.02566224 -0.00423624
v 0.08875771 -0.02100781 -0.01670675
v 0.02876729 -0.03153611 -0.00431686
v -0.04209170 0.01894625 -0.04651975
v 0.06746431 -0.02352595 -0.00424324
v -0.01946063 0.00550784 -0.04306323
v 0.03270462 -0.03063901 -0.00406682
v -0.06017290 0.01549251 -0.04731288
v -0.06576981 0.02218608 -0.00288023
v 0.01894913 -0.03385760 -0.00712647
v -0.02285367 0.03060365 -0.01100528
v -0.10548967 0.01091135 -0.00569181
v -0.10095553 0.00711511 -0.00232776
v 0.04430026 -0.02791332 -0.00214187
v 0.10055611 -0.00779700 -0.00248866
v -0.04965047 0.02010385 -0.04026505
v 0.09820251 -0.00632155 -0.00244686
v -0.05709965 0.02413907 -0.00242562
v 0.05557010 -0.02557954 -0.00256757
v 0.03523871 -0.02976181 -0.00262336
v -0.07620757 0.02048757 -0.00251690
v 0.04728795 -0.02677479 -0.00103292
v -0.06886764 0.02204266 -0.00071514
v 0.09935669 -0.00714845 -0.00056627
v -0.10259036 0.00829646 -0.00051859
v -0.06443798 0.02279013 -0.00051756
v -0.05935885 0.02386279 -0.00003871
v 0.05239325 -0.02579693 -0.00052243
v 0.05684802 -0.02491576 -0.00041195
v 0.03953561 -0.02830061 0.00093357
v 0.07754285 -0.02005573 0.00138136
v 0.09054846 -0.00056477 0.00170912
v 0.09261020 -0.00230176 0.00150225
v -0.04228156 0.02778142 0.00148646
v -0.00110772 -0.03638790 0.00147102
v -0.00396513 0.03572620 0.00194595
v 0.07441533 -0.02041025 0.00317868
v 0.09613512 -0.00528208 0.00327773
v -0.09427657 0.00216315 0.00318610
v -0.08470131 0.01907611 0.00325205
v -0.07969430 0.02011174 0.00333429
v -0.04600765 0.02725372 0.00327977
v 0.03628593 -0.02847246 0.00310344
v -0.04112668 0.02836333 0.00375077
v 0.04038202 -0.02783341 0.00321895
v 0.08226861 -0.01878503 0.00522289
v -0.03874692 0.02907915 0.00514696
v -0.08783184 0.01892676 0.00516010
v 0.03303855 -0.02890425 0.00515106
v 0.10286269 -0.00971290 0.00524942
v -0.07903033 0.02086780 0.00569756
v -0.09954663 0.00554647 0.00505278
v -0.03630493 0.02972435 0.00633508
v 0.08504365 -0.01807207 0.00698967
v -0.10869763 0.01169229 0.00720695
v 0.09392948 -0.00375011 0.00716336
v -0.09153548 0.01870866 0.00716003
v 0.02862392 -0.02931626 0.00727145
v -0.08690447 0.01950957 0.00702592
v 0.10535470 -0.01101133 0.00718503
v -0.09764875 0.00401597 0.00716788
v 0.00604800 0.03852809 0.00826114
v -0.07577535 -0.01230718 0.00877291
v -0.07337685 -0.01414393 0.00902441
v -0.01249105 -0.03759929 0.00897953
v 0.02504509 0.04264023 0.00893765
v 0.07181619 0.01292785 0.00898832
v -0.06913387 -0.01708073 0.01045771
v -0.07428583 -0.01343992 0.01039355
v 0.02223593 0.04205085 0.01037282
v -0.01558039 -0.03787431 0.01079758
v 0.02618176 0.04315256 0.01047912
v 0.06991761 0.01404312 0.01052868
v 0.04336122 0.03366387 0.01044158
v -0.07405726 -0.01331222 0.01126432
v -0.01037858 -0.03673697 0.01084476
v 0.00957999 0.03999803 0.01161409
v -0.05198993 -0.02996719 0.01211273
v -0.00105681 0.03783357 0.01203587
v 0.06597002 0.01677586 0.01192496
v 0.04718755 0.03060246 0.01198655
v 0.01917523 0.04189332 0.01213320
v 0.04526493 0.03206268 0.01194066
v -0.00848159 -0.03609778 0.01198724
v -0.04894355 -0.03195532 0.01203356
v 0.00200372 0.03868171 0.01346063
v -0.07043317 -0.01515072 0.01340655
v 0.00685446 0.03985356 0.01389691
v 0.01110045 0.04060082 0.01382772
v 0.06751735 0.01543774 0.01387200
v -0.05108625 -0.03076545 0.01374557
v -0.02527162 -0.03886475 0.01526316
v 0.01378302 0.04137659 0.01583730
v -0.05830438 -0.02609005 0.01562743
v 0.05797284 0.02257888 0.01582237
v -0.06070341 -0.02438345 0.01562743
v 0.05501113 0.02461815 0.01570941
v 0.05267786 0.02620244 0.01581034
v -0.05982501 -0.02537695 0.01767736
v 0.04871701 0.02908474 0.01769962
v -0.05451429 -0.02892073 0.01769621
v 0.05918376 0.02160061 0.01766115
v -0.06410175 -0.02166782 0.01761354
v -0.05560677 -0.02853708 0.01962764
v -0.06699346 -0.01826976 0.02008584
v -0.03096982 -0.03955920 0.01959838
v -0.01970599 -0.03731595 0.01949447
v 0.06228477 0.01880590 0.01972899
v -0.04761331 -0.03391279 0.01957679
v 0.04190565 0.03405116 0.01965041
v -0.06516011 -0.02033201 0.01960494
v 0.06026262 0.02036420 0.01966091
v -0.06645518 -0.01903693 0.02098620
v -0.02779581 -0.03871092 0.02097332
v -0.05730418 -0.02752632 0.02135986
v 0.05076903 0.02712742 0.02132318
v -0.02351499 -0.03779600 0.02147341
v 0.06071906 0.01910440 0.02192923
v 0.04029910 0.03511027 0.02148775
v -0.01857940 -0.03686509 0.02146053
v -0.04612397 -0.03501884 0.02142513
v 0.03875850 0.03611670 0.02334052
v 0.07255617 0.01045847 0.02291704
v -0.03550820 -0.04014188 0.02353136
v -0.04269044 -0.03807676 0.02350414
v -0.04446121 -0.03638035 0.02350064
v 0.03089673 0.04162891 0.02394818
v 0.03582649 0.03795513 0.02347565
v 0.03349022 0.03951266 0.02345867
v -0.07831810 -0.01041343 0.02395859
v -0.04411720 -0.03726258 0.02570327
v -0.04392045 -0.03708262 0.02491159
v 0.07329174 0.00935494 0.02538984
v -0.07982582 -0.00939470 0.02542320
v -0.03852984 -0.04030897 0.02539283
v -0.03442226 -0.03974593 0.02536084
v 0.03177655 0.04066796 0.02543037
v 0.03734200 0.03666864 0.02545604
v 0.07469570 0.00801766 0.02672427
v 0.07645674 0.00669995 0.02667803
v -0.08490531 -0.00626636 0.02628603
v -0.08148363 -0.00843186 0.02709170
v -0.04251349 -0.03914166 0.02830883
v 0.07553291 0.00713467 0.02840181
v -0.08245095 -0.00798065 0.02839985
v 0.03467638 0.03794046 0.02882922
v 0.08164707 0.00236846 0.03019888
v 0.07924256 0.00407374 0.03015315
v 0.08427202 0.00048623 0.03036975
v -0.09178226 -0.00117343 0.03008874
v -0.00877009 -0.03357147 0.03023496
v 0.07725754 0.00534654 0.03190219
v 0.07233432 0.00883311 0.03203689
v -0.09129383 -0.00224343 0.03210292
v 0.08305209 0.00116999 0.03203612
v -0.00581439 -0.03279773 0.03198673
v 0.07159698 0.00945567 0.03389802
v -0.08761458 -0.00528976 0.03394375
v -0.00493227 -0.03239976 0.03394861
v -0.08985876 -0.00354683 0.03394051
v 0.00303220 0.03193659 0.03544785
v 0.00579274 0.03330020 0.03535666
v 0.01044231 0.03471089 0.03542977
v -0.00003805 0.03076250 0.03548488
v 0.02827938 0.04202339 0.03581076
v -0.01636103 -0.03439005 0.03593251
v -0.01265598 -0.03360633 0.03591501
v 0.07012780 0.01104960 0.03588840
v -0.00781655 -0.03260290 0.03644906
v -0.08814491 -0.00399126 0.03609221
v 0.07957489 0.00293808 0.03649078
v -0.07984456 -0.00044245 0.03643746
v 0.00510260 0.01475538 0.03797629
v 0.00924323 0.01311905 0.03843594
v -0.05700861 -0.00815292 0.03814443
v -0.06114941 -0.00651666 0.03772820
v 0.01338404 0.02293690 0.03734158
v 0.02166548 0.01966431 0.03831079
v 0.01752485 0.02130057 0.03784158
v -0.04458636 0.00002860 0.03733825
v -0.04044556 -0.00160773 0.03781377
v 0.02209451 0.01802797 0.03854061
v 0.02571949 0.01970929 0.03856092
v -0.05286780 -0.01142552 0.03884065
v -0.04872717 -0.00936005 0.03862609
v 0.05479140 0.00950555 0.04204696
v 0.02994691 0.00166493 0.04122857
v -0.02802332 -0.02287970 0.04187070
v -0.03216412 -0.02124337 0.04133760
v -0.02388269 -0.01797078 0.04117304
v 0.04236916 0.00330119 0.04178864
v -0.01974188 -0.01960711 0.04168644
v 0.03822852 0.00493753 0.04128223
v -0.01146044 -0.01633444 0.04158364
v 0.04650996 0.00657386 0.04163508
v -0.00317901 -0.01469818 0.04178403
v 0.05213516 0.01129822 0.04164762
v -0.00731964 -0.01306185 0.04128258
v 0.05713068 0.01110514 0.04234409
v 0.04429001 -0.01097152 -0.03644092
v -0.04273145 0.00755228 -0.04469590
v -0.02949038 0.01216641 -0.04466911
v -0.02629975 0.01402768 -0.04467995
v 0.03229008 -0.00060703 -0.03942363
v -0.03036259 0.01412646 -0.04505079
v -0.03350179 0.01060112 -0.04470170
v 0.04802087 -0.00944053 -0.03634401
v 0.07768127 -0.02445219 -0.03279518
v -0.04539794 0.00669450 -0.04476688
v -0.03946940 0.02358210 -0.03135966
v -0.01942881 0.01711096 -0.04453227
v 0.05259319 -0.00809843 -0.03615965
v -0.00383891 0.02279998 -0.04461204
v 0.04046227 -0.00234899 -0.03831536
v 0.01098625 -0.01402839 -0.03797549
v -0.05171628 0.02259258 -0.02378163
v -0.03758885 0.00902431 -0.04475417
v -0.05633703 0.02099348 -0.02730648
v -0.04345482 0.02211398 -0.03508619
v 0.03362103 -0.02067571 -0.03568447
v -0.09946531 0.00810527 -0.02052746
v -0.06019482 0.00241750 -0.04504149
v -0.04787052 0.02415207 -0.02013964
v 0.03323018 -0.03226186 -0.02067010
v 0.01441995 -0.03609016 -0.02046373
v -0.06504768 0.02081856 -0.01926896
v 0.02975882 -0.03257698 -0.01824054
v 0.08563001 -0.02385086 -0.02931315
v 0.05201707 -0.01572976 -0.03514796
v 0.02778900 -0.03283322 -0.01673567
v -0.05312130 0.00361227 -0.04476474
v 0.01463491 -0.02297729 -0.03662391
v 0.03779807 -0.03106611 -0.01663432
v -0.10384140 0.01089145 -0.01880683
v -0.07294887 0.01930608 -0.01685869
v -0.05727077 0.00074449 -0.04500890
v 0.05629912 -0.00661502 -0.03627849
v -0.02329526 0.01568518 -0.04462586
v -0.02300181 0.01739144 -0.04493477
v 0.04067034 -0.03044949 -0.01484186
v 0.10112639 -0.00647544 -0.01474239
v -0.10123661 0.00893971 -0.01488853
v 0.03301645 -0.00538421 -0.03804425
v 0.02882951 -0.00358497 -0.03866966
v -0.08102861 0.01785333 -0.01496812
v 0.03585195 -0.03127226 -0.01484510
v -0.06702705 0.02096651 -0.01485491
v 0.08172184 -0.02463116 -0.03121208
v 0.09930206 -0.00567265 -0.01291385
v -0.00873650 0.02312118 -0.04518490
v -0.06433616 0.02131915 -0.01674275
v -0.00114749 -0.01555218 -0.03857761
v -0.03949662 0.02663122 -0.01354438
v 0.04326453 -0.02971738 -0.01312303
v -0.01644447 0.01859878 -0.04456580
v 0.04066380 -0.02289291 -0.03496377
v -0.01241132 0.02012320 -0.04464292
v 0.03691720 -0.00088352 -0.03916488
v -0.08010248 0.01826710 -0.01300121
v 0.02470691 -0.01873299 -0.03636935
v 0.00321428 -0.03767410 -0.01299404
v -0.04231514 0.02271734 -0.03303610
v 0.10314925 -0.00881964 -0.01087646
v 0.00303874 -0.01706096 -0.03815063
v -0.10146907 0.00954816 -0.02059980
v -0.07226935 0.01977070 -0.01486012
v -0.07625212 0.01887695 -0.01480612
v 0.09213697 -0.00054360 -0.01100724
v -0.01676002 0.02034576 -0.04515342
v -0.00087685 -0.03819587 -0.01106944
v 0.05491744 -0.02821881 -0.02055382
v 0.10684599 -0.01163152 -0.00926734
v -0.05504834 0.02216715 -0.02251954
v 0.05628940 -0.01716239 -0.03499192
v -0.09735549 0.00565028 -0.00908077
v 0.00945448 -0.03572935 -0.00761394
v 0.08608663 -0.02033914 -0.00918143
v -0.09129577 0.01536928 -0.01860456
v 0.01851851 -0.02191435 -0.03649544
v -0.04606475 0.02577631 -0.00912402
v 0.06567587 -0.02690892 -0.02747599
v -0.03560295 0.02795033 -0.00928696
v -0.09460255 0.00363993 -0.00928227
v 0.00665328 -0.03650623 -0.00919943
v -0.09304780 0.00274590 -0.01102354
v -0.04669036 0.00805560 -0.04515803
v -0.04976626 0.02325664 -0.02237699
v -0.00458137 0.01245338 -0.04271670
v -0.00754344 0.02122834 -0.04463618
v 0.07688312 -0.02231966 -0.00905219
v -0.03354528 0.02867748 -0.00726843
v -0.08756067 0.01590334 -0.02059357
v 0.09412217 -0.00183980 -0.01287111
v 0.05564876 -0.02789719 -0.01871931
v -0.04320663 0.02653594 -0.00764985
v 0.07778309 -0.02193614 -0.00740416
v 0.07442682 -0.02270240 -0.00745569
v 0.10550337 -0.01091137 -0.00724847
v -0.03865640 0.02759455 -0.00747403
v -0.03083282 0.02944276 -0.00580357
v 0.01102673 -0.03519250 -0.00567151
v 0.08464943 -0.02090324 -0.01106073
v -0.10808898 0.01301573 -0.00573600
v 0.08995891 -0.01881025 -0.00578838
v 0.09658943 -0.00368752 -0.01311126
v 0.08298774 -0.02064742 -0.00734402
v 0.05944114 -0.02762761 -0.02364257
v -0.01219831 0.03302056 -0.00605873
v 0.03642346 -0.02175193 -0.03541276
v 0.00661227 -0.01234980 -0.03860200
v 0.05190694 -0.02857452 -0.01865805
v -0.06853071 0.01990580 -0.02062625
v 0.06239879 -0.02695698 -0.02249958
v 0.09796316 -0.00490694 -0.01094872
v -0.04633680 0.02191936 -0.03296401
v 0.00790062 -0.03555799 -0.00376780
v 0.04859946 -0.02904662 -0.01670427
v 0.09308749 -0.01798698 -0.00423650
v -0.08579344 0.01643824 -0.01826878
v -0.01498695 0.03290376 -0.00350650
v 0.10857786 -0.01245765 -0.00422592
v 0.06989816 -0.02572051 -0.02383571
v 0.10354010 -0.00934133 -0.00907070
v 0.04531938 -0.02952108 -0.01469684
v -0.10835574 0.01376488 -0.00375484
v 0.02094158 -0.01998462 -0.03664601
v -0.09600102 0.00451769 -0.00736176
v 0.07397975 -0.02557556 -0.03250803
v 0.06648338 -0.02613218 -0.02240796
v -0.05422137 0.00548660 -0.04519872
v -0.08342428 0.01712849 -0.01675828
v -0.09814179 0.00671155 -0.01876136
v -0.06160284 0.02053158 -0.02391761
v 0.08201353 -0.02179517 -0.01307116
v 0.04864135 -0.01414414 -0.03559703
v -0.03849925 0.01100049 -0.04520059
v -0.01718799 0.03255727 -0.00255580
v 0.10379094 -0.01565243 -0.00249881
v -0.00794277 0.03439982 -0.00225235
v -0.09176777 0.00067240 -0.00048625
v -0.00499185 0.03521016 -0.00056832
v 0.10702665 -0.01492522 -0.00057788
v 0.01806737 -0.03260891 0.00204542
v -0.02299598 0.03190837 0.00132309
v -0.10252283 0.01606541 0.00147401
v 0.09856738 -0.01606095 0.00145746
v -0.01988896 0.03269761 0.00315949
v -0.10125216 0.01656454 0.00354995
v 0.01589267 -0.03259431 0.00381586
v 0.09628361 -0.01650734 0.00321477
v 0.10020274 -0.01541352 0.00335706
v -0.10565000 0.01573799 0.00330298
v -0.02854092 0.03123690 0.00468467
v 0.01362516 -0.03280590 0.00490033
v -0.09868007 0.01727547 0.00519772
v 0.02162093 -0.03100946 0.00558299
v 0.09381016 -0.01652320 0.00516326
v -0.01990027 0.03298179 0.00514492
v -0.09664449 0.01780883 0.00670217
v -0.02246759 0.03278270 0.00733424
v -0.03146762 0.03090871 0.00691536
v -0.02742599 0.03175887 0.00691041
v 0.08945987 -0.01680172 0.00710467
v 0.02479000 -0.03006562 0.00726266
v 0.09492597 -0.01617154 0.00717812
v 0.03807349 0.03797622 0.00895257
v -0.03560012 -0.04151198 0.00946248
v -0.04064638 -0.03778979 0.00860400
v 0.07628580 0.00902158 0.00907866
v 0.07397197 0.01098848 0.00903430
v -0.03913777 -0.03939224 0.00914265
v -0.07822052 -0.01040274 0.00900632
v 0.03966872 0.03665536 0.00894797
v -0.03772868 -0.04066657 0.01046095
v 0.07521877 0.00972972 0.01041241
v 0.03402390 0.04080976 0.01047374
v -0.04292060 -0.03639837 0.01048236
v -0.07876817 -0.00976229 0.01057552
v 0.07837653 0.00687892 0.01192632
v 0.07602293 0.00883394 0.01194288
v -0.08322629 -0.00683081 0.01197700
v -0.08059816 -0.00833693 0.01187992
v -0.08212815 -0.00753057 0.01345671
v 0.07701995 0.00788745 0.01391244
v 0.03579485 0.03917336 0.01391517
v 0.08604208 0.00098061 0.01567998
v -0.09189416 -0.00080724 0.01570413
v -0.00519055 -0.03502380 0.01580718
v 0.08347759 0.00288988 0.01576939
v 0.07945592 0.00564469 0.01775857
v -0.08502057 -0.00578931 0.01766243
v 0.08440230 0.00205494 0.01760416
v -0.08978204 -0.00229121 0.01770525
v -0.00833699 -0.03524517 0.01763641
v -0.01560125 -0.00160773 0.03914999
v 0.03125135 0.04185783 0.01964786
v -0.01176874 -0.03556666 0.02006758
v -0.08624864 -0.00499273 0.01964231
v 0.08015084 0.00500613 0.01969188
v -0.07739480 -0.00943843 0.01959599
v 0.02866865 0.04375634 0.01960725
v 0.08151148 0.00384063 0.02144518
v -0.08788399 -0.00386495 0.02148118
v 0.03042297 0.04232930 0.02166843
v 0.07159822 0.01130940 0.02126927
v -0.07635376 -0.01101182 0.02145695
v 0.00016012 0.04017937 0.02392890
v 0.06625781 0.01415021 0.02342898
v -0.07346205 -0.01398473 0.02338155
v 0.06382997 0.01584075 0.02340416
v 0.06111203 0.01763622 0.02394204
v -0.01640558 -0.03606900 0.02347983
v 0.02160432 0.04430709 0.02340714
v -0.07545096 -0.01236698 0.02347804
v 0.06910886 0.01218150 0.02349203
v 0.04244941 0.03295930 0.02456933
v -0.07453562 -0.01356859 0.02533448
v -0.04834003 -0.03343392 0.02544461
v -0.00194935 0.03983812 0.02505875
v 0.04340966 0.03201560 0.02670695
v 0.06176717 0.01671466 0.02534941
v -0.06968364 -0.01710371 0.02527536
v 0.02632389 0.04452407 0.02536826
v 0.00281388 0.04077567 0.02511932
v 0.06749330 0.01251849 0.02518066
v 0.00592479 0.04154997 0.02638746
v -0.07055108 -0.01667493 0.02670038
v -0.05019123 -0.03187813 0.02678373
v 0.02438306 0.04480559 0.02650238
v 0.01574347 0.04334704 0.02715304
v -0.05223212 -0.03054295 0.02701782
v -0.09303543 -0.00028178 0.02870868
v 0.01396970 0.04301250 0.02822249
v 0.06486729 0.01444130 0.02819212
v -0.07209858 -0.01574785 0.02819348
v 0.04484208 0.03065604 0.02840659
v 0.01836560 0.04411093 0.02855913
v 0.02144274 0.04478750 0.02830388
v 0.04861625 0.02738240 0.03011689
v 0.01109214 0.04281851 0.03023906
v 0.04658208 0.02834922 0.03155796
v -0.02673833 -0.03741703 0.03017738
v 0.04576379 0.02939030 0.03026798
v -0.05845499 -0.02616131 0.03018054
v -0.06111830 -0.02445079 0.03007057
v -0.06335152 -0.02264386 0.03021312
v 0.05050493 0.02589437 0.03027421
v 0.01127280 0.04344715 0.03223779
v -0.06482000 -0.02142535 0.03192573
v -0.02568846 -0.03701270 0.03199500
v 0.04131097 0.03205290 0.03214370
v -0.03066718 -0.03811539 0.03202682
v 0.05189704 0.02450373 0.03192411
v -0.05941489 -0.02531073 0.03196642
v -0.05436209 -0.02893177 0.03199372
v 0.00650320 0.04249136 0.03198604
v 0.00350278 0.04210701 0.03368108
v -0.06645252 -0.02053404 0.03406523
v -0.02299191 -0.03601695 0.03397471
v -0.06909993 -0.01849771 0.03412179
v 0.03906097 0.03334875 0.03416462
v 0.03680159 0.03522665 0.03395637
v 0.05777945 0.01975687 0.03403273
v 0.03872191 0.03466143 0.03611413
v -0.07824244 -0.01211040 0.03556388
v 0.01453733 0.03648945 0.03547097
v 0.01852204 0.03792229 0.03560176
v -0.06781794 -0.02019502 0.03594172
v -0.05768531 -0.02725199 0.03594726
v 0.05925712 0.01860269 0.03592662
v -0.04737536 -0.03500983 0.03596270
v 0.04907604 0.02621997 0.03583764
v 0.02228066 0.03962722 0.03612198
v 0.05395418 0.02138244 0.04091284
v 0.02994691 0.01639164 0.03926959
v -0.01146044 0.00002860 0.03913198
v 0.00924323 0.00166493 0.04007833
v 0.00096180 0.00330119 0.03935925
v -0.04458636 -0.01469818 0.03976277
v -0.04044556 -0.01306185 0.03964555
v -0.00731964 -0.00488033 0.04011416
v 0.01338404 0.00984645 0.03912704
v -0.00317901 -0.00324400 0.04010128
v 0.02166548 0.00657386 0.04009813
v -0.02388269 -0.01142552 0.04020366
v 0.02580628 0.00821012 0.04011792
v 0.01752485 0.01148272 0.03914162
v -0.03216412 -0.00815292 0.03924562
v -0.02802332 -0.00651666 0.03921150
v -0.01974188 -0.00978925 0.04017098
v 0.03822852 0.01311905 0.04027224
v 0.05679639 0.02070231 0.03961459
v 0.04507436 0.01997894 0.04040413
v 0.04782589 0.01850070 0.04097614
v -0.05389293 -0.01843505 0.04063259
v -0.04976237 -0.02001619 0.04081636
v -0.06143225 -0.02164861 0.04151487
v 0.05086767 0.02305824 0.04122559
v -0.05866535 -0.02370967 0.04202972
v -0.05487668 -0.02039272 0.04263500
v -0.05965283 -0.02249493 0.04294715
v 0.04884323 0.02029777 0.04289963
v 0.05301268 0.02172425 0.04318235
v -0.00778792 0.01219868 -0.04294303
v 0.05605464 -0.01560018 -0.03541430
v -0.04214933 0.00830499 -0.04485313
v -0.00603448 0.02309087 -0.04490209
v 0.05232890 -0.01697636 -0.03494151
v -0.04220183 0.00681724 -0.04447682
v -0.02780040 0.01447644 -0.04485023
v -0.00125515 -0.01233450 -0.03944428
v -0.03479844 0.01116081 -0.04496804
v 0.03260510 -0.00379412 -0.03836732
v 0.02867342 -0.00066480 -0.03941715
v 0.01878314 -0.02297897 -0.03636559
v -0.02042971 0.01571571 -0.04442598
v -0.04122779 0.02261339 -0.03496053
v -0.03431637 0.00954600 -0.04455300
v 0.06520900 -0.02669257 -0.02587694
v 0.04422601 -0.00970207 -0.03664481
v -0.05723824 0.00235365 -0.04490482
v 0.00276828 -0.01563448 -0.03824515
v 0.06614503 -0.02634741 -0.02413498
v 0.01623102 -0.03576372 -0.02101817
v 0.03666971 -0.02319811 -0.03516391
v 0.07395005 -0.02441446 -0.03330133
v 0.05674495 -0.02788140 -0.02051807
v -0.09053210 0.01531675 -0.02044096
v -0.09778664 0.00679656 -0.02037313
v 0.05186010 -0.02875154 -0.02048847
v 0.08199673 -0.02442487 -0.02933909
v -0.02680886 0.01263627 -0.04453253
v -0.04874644 0.02411113 -0.01880078
v 0.03284392 -0.03208854 -0.01878952
v 0.10174334 -0.00655599 -0.01670376
v 0.04597875 -0.02955462 -0.01661760
v 0.01438831 -0.03589366 -0.01883874
v -0.08028827 0.01769217 -0.01705089
v -0.10427645 0.01132889 -0.01829642
v 0.04088212 -0.03052297 -0.01677918
v -0.06015911 0.00082700 -0.04515453
v 0.05222478 -0.00664247 -0.03643094
v -0.02153510 0.01689147 -0.04466527
v 0.08472386 -0.02389857 -0.03124543
v 0.10232405 -0.00740182 -0.01441659
v 0.04842144 -0.02891996 -0.01479417
v -0.06431848 0.02144147 -0.01493340
v 0.02850654 -0.00538910 -0.03843309
v -0.04988700 0.00388541 -0.04466979
v 0.03749261 -0.03100562 -0.01485935
v 0.05607267 -0.00812079 -0.03598861
v -0.05007438 0.00553494 -0.04493929
v -0.07132943 0.01971020 -0.01680187
v 0.02116838 -0.01847095 -0.03685835
v 0.09825466 -0.00484728 -0.01293680
v -0.01433589 0.01948058 -0.04459634
v -0.01286175 0.01874687 -0.04436916
v 0.03632553 -0.00221353 -0.03870242
v -0.03096540 0.01273379 -0.04493545
v 0.02809854 -0.03267241 -0.01484963
v -0.00023957 -0.03825001 -0.01291956
v 0.09277972 -0.00072607 -0.01297544
v 0.04220351 -0.02952912 -0.01066097
v -0.00089258 -0.01710902 -0.03834778
v -0.07579055 0.01870307 -0.01679513
v -0.01776923 0.01919585 -0.04480612
v -0.01379318 0.02079138 -0.04497495
v 0.04063852 -0.02177128 -0.03519505
v 0.00309708 -0.03749206 -0.01103463
v 0.03613214 -0.03136000 -0.01677662
v -0.04927429 0.02308304 -0.02395276
v -0.06851126 0.02014751 -0.01891654
v 0.10305732 -0.00839575 -0.01294959
v -0.05318228 0.02257113 -0.02226259
v -0.05367196 0.02215786 -0.02396982
v 0.04032739 -0.00068667 -0.03863613
v -0.07960326 0.01846242 -0.01106415
v 0.01439661 -0.02168452 -0.03676143
v 0.10555588 -0.01080023 -0.00910661
v -0.03851322 0.02738282 -0.00916591
v -0.04257783 0.02649444 -0.00935973
v -0.09621368 0.00487452 -0.00909655
v -0.05720783 0.02115883 -0.02544927
v -0.00966564 0.02197706 -0.04492581
v 0.06264468 -0.02703326 -0.02401256
v -0.04636421 0.00708528 -0.04496403
v -0.00499414 0.02186997 -0.04458201
v 0.07434126 -0.02289752 -0.00920472
v -0.03549158 0.02816396 -0.00784956
v 0.08539790 -0.02005573 -0.00727142
v 0.08751285 -0.01942066 -0.00640398
v 0.10714986 -0.01179576 -0.00724838
v 0.00985135 -0.03580291 -0.00916044
v -0.04647433 0.02588843 -0.00738121
v 0.10345542 -0.00951835 -0.00759321
v -0.10187990 0.00962088 -0.01883550
v 0.09280430 -0.01822596 -0.00608347
v 0.09417838 -0.00217860 -0.01101467
v -0.01444425 0.03278933 -0.00501513
v 0.10895864 -0.01264361 -0.00577601
v 0.05935329 -0.02753449 -0.02212549
v 0.00706924 -0.01394596 -0.03818006
v 0.01086215 -0.01241281 -0.03838668
v -0.06545763 0.02050154 -0.02050357
v 0.09916435 -0.00574257 -0.01098524
v 0.09607483 -0.00371951 -0.01105050
v 0.10965638 -0.01480178 -0.00415588
v -0.04619697 0.02158349 -0.03490627
v 0.00664480 -0.03629988 -0.00733796
v -0.03154877 0.02952547 -0.00436967
v 0.01088195 -0.03502331 -0.00422720
v -0.03348217 0.02843423 -0.00911523
v 0.08985832 -0.01872223 -0.00425663
v -0.08779896 0.01603705 -0.01875957
v 0.07035920 -0.02551730 -0.02241214
v -0.10353558 0.01095585 -0.02058487
v -0.01213219 0.03332109 -0.00425416
v -0.09753827 0.00553459 -0.00728711
v -0.10834425 0.01267594 -0.00413097
v 0.02524573 -0.02036443 -0.03619651
v -0.09499252 0.00379480 -0.00727474
v -0.05459933 0.00413731 -0.04485970
v -0.08379834 0.01728483 -0.01491839
v -0.09958269 0.00791365 -0.01873876
v -0.06196082 0.02066864 -0.02296418
v -0.10118958 0.00896604 -0.01627585
v 0.08548629 -0.02100425 -0.01312550
v 0.08168879 -0.02157785 -0.01104751
v 0.07902919 -0.02185958 -0.00905978
v 0.04827560 -0.01088545 -0.03617996
v -0.03866772 0.00955187 -0.04496804
v -0.09150083 0.00080716 -0.00243918
v -0.00973688 0.03403670 -0.00250803
v 0.10743218 -0.01506521 -0.00246964
v -0.00458721 0.03496252 -0.00245206
v -0.01769092 0.03265088 -0.00049444
v -0.00884521 0.03449580 -0.00054128
v 0.10401386 -0.01533297 -0.00051261
v -0.10619977 0.01533694 0.00129998
v 0.09663893 -0.01660703 0.00126372
v -0.02038287 0.03240750 0.00150404
v 0.10067879 -0.01561764 0.00150122
v -0.10255783 0.01627470 0.00322714
v 0.01850578 -0.03216818 0.00330136
v -0.02273912 0.03215308 0.00330707
v 0.09786523 -0.01604384 0.00323149
v 0.02070010 -0.03143664 0.00467085
v 0.10129840 -0.01474156 0.00644598
v 0.01277345 -0.03269756 0.00608529
v -0.03105079 0.03077962 0.00521368
v -0.02656085 0.03168629 0.00521641
v -0.09560522 0.01769322 0.00521478
v 0.08969993 -0.01713836 0.00517597
v 0.02521356 -0.03034889 0.00528440
v -0.02955172 0.03139666 0.00738406
v -0.09920492 0.01750440 0.00712949
v 0.02166760 -0.03069615 0.00695751
v 0.09290489 -0.01634988 0.00714220
v -0.01984600 0.03327847 0.00710868
v 0.02580628 0.00657386 0.04033452
v -0.03770553 -0.04062396 0.00902210
v 0.07545460 0.00978121 0.00905350
v -0.04218628 -0.03662597 0.00900146
v -0.07937946 -0.00945527 0.00898576
v 0.03389309 0.04105888 0.00906544
v -0.03438231 -0.04146685 0.01041710
v 0.07365731 0.01107985 0.01021517
v -0.03937977 -0.03938071 0.01045737
v -0.04116716 -0.03780914 0.01034177
v -0.04411402 -0.03570840 0.01136319
v 0.03936679 0.03675910 0.01043868
v 0.03815675 0.03774500 0.01056196
v -0.08171467 -0.00774384 0.01195269
v 0.07705141 0.00792336 0.01193929
v 0.03585106 0.03928821 0.01199739
v 0.07845237 0.00671839 0.01383753
v 0.07600190 0.00878826 0.01385605
v -0.08343471 -0.00676996 0.01399254
v -0.08017743 -0.00827741 0.01406139
v -0.08478952 -0.00583178 0.01564262
v 0.07932193 0.00583812 0.01574908
v 0.08434785 0.00226500 0.01568877
v -0.08977355 -0.00228542 0.01570199
v -0.00783688 -0.03543372 0.01620379
v 0.08340511 0.00276756 0.01755937
v 0.08598957 0.00086199 0.01765842
v -0.09188019 -0.00081548 0.01769826
v -0.00474542 -0.03459816 0.01774995
v 0.08158908 0.00395038 0.01962346
v -0.08775795 -0.00382884 0.01971073
v 0.07203627 0.01141132 0.01957662
v -0.07577057 -0.01088440 0.01969665
v 0.03113626 0.04183373 0.02095925
v 0.03048431 0.04258686 0.01958583
v -0.07757546 -0.00981503 0.02117568
v 0.08007977 0.00488513 0.02139254
v -0.08620904 -0.00526119 0.02141719
v -0.01119050 -0.03527961 0.02144577
v 0.02840083 0.04374628 0.02151769
v -0.00108615 0.03976896 0.02312733
v -0.06961151 -0.01687067 0.02339503
v -0.04854474 -0.03327164 0.02351737
v -0.07418666 -0.01348875 0.02394716
v 0.06222130 0.01722588 0.02314328
v 0.04265518 0.03318605 0.02311547
v 0.00291553 0.04067515 0.02336304
v 0.02529699 0.04455816 0.02335724
v 0.06797749 0.01298527 0.02346976
v 0.06343116 0.01548064 0.02485614
v 0.06073904 0.01761435 0.02542312
v -0.01656114 -0.03586040 0.02491927
v 0.06584186 0.01376509 0.02509296
v -0.07349317 -0.01434009 0.02517085
v 0.02086716 0.04428816 0.02527092
v -0.07593569 -0.01244962 0.02538464
v 0.00011610 0.04028458 0.02544427
v 0.00591012 0.04164903 0.02769169
v 0.04526634 0.03054175 0.02668980
v 0.01386911 0.04289528 0.02676923
v 0.06478208 0.01442796 0.02631904
v 0.02188274 0.04474733 0.02672282
v -0.07206871 -0.01559990 0.02657259
v 0.01574772 0.04347670 0.02868863
v 0.01824963 0.04385316 0.02695623
v -0.07068791 -0.01672893 0.02812157
v 0.04309889 0.03199688 0.02825533
v -0.05034132 -0.03206570 0.02832964
v -0.05266645 -0.03030139 0.02828008
v 0.02445925 0.04484366 0.02820287
v -0.05445543 -0.02894525 0.03019009
v 0.00689547 0.04220795 0.03028666
v 0.04673146 0.02868251 0.03018625
v 0.04184519 0.03222251 0.03027079
v -0.03031204 -0.03821997 0.03026371
v -0.05971540 -0.02535062 0.03024981
v 0.05269890 0.02438783 0.03016074
v -0.06476219 -0.02138749 0.03021415
v 0.01000054 0.04297687 0.03156845
v 0.05004407 0.02564086 0.03160795
v -0.06338917 -0.02263450 0.03199151
v 0.04768694 0.02749347 0.03197197
v 0.00843325 0.04318351 0.03266273
v 0.04527059 0.02917060 0.03211222
v -0.02777035 -0.03743254 0.03198076
v -0.06094471 -0.02441949 0.03205506
v -0.05820132 -0.02604723 0.03203604
v -0.02109652 -0.03576058 0.03355234
v -0.04654911 -0.03509421 0.03403315
v -0.07851821 -0.01234728 0.03393104
v -0.06759167 -0.01970498 0.03397753
v -0.05659283 -0.02738073 0.03388531
v 0.03811681 0.03389315 0.03389836
v 0.05903244 0.01874436 0.03389589
v 0.04908772 0.02608536 0.03392191
v 0.01446061 0.03805635 0.03529020
v -0.02409181 -0.03579935 0.03569892
v 0.01883246 0.03628575 0.03577041
v 0.05785900 0.01975533 0.03595656
v -0.06971882 -0.01864937 0.03579797
v -0.05601141 -0.02840735 0.03603513
v 0.03990118 0.03352430 0.03590674
v 0.03812087 0.03510586 0.03581904
v 0.02169747 0.04085175 0.03620388
v 0.02364625 0.03958147 0.03645418
v 0.05735112 0.02076386 0.03776053
v 0.00510260 0.00166493 0.03984876
v 0.00096180 0.00493753 0.03911083
v -0.01560125 0.00002860 0.03889337
v 0.03822852 0.01475538 0.04008900
v -0.04458636 -0.01306185 0.03945565
v 0.03408772 0.01639164 0.03957756
v -0.04044556 -0.01469818 0.03993058
v -0.00731964 -0.00324400 0.03987623
v -0.00317901 -0.00488033 0.04032642
v -0.01146044 -0.00160773 0.03939065
v 0.01752485 0.00984645 0.03938433
v -0.03216412 -0.00651666 0.03897834
v 0.01338404 0.01148272 0.03888783
v 0.02166548 0.00821012 0.03987606
v -0.02802332 -0.00815292 0.03947809
v -0.02388269 -0.00978925 0.03995779
v 0.04563121 0.01802797 0.04047204
v -0.06020490 -0.02306489 0.04108457
v 0.05286348 0.02182310 0.04128701
v 0.04729980 0.02012026 0.04138068
v -0.05366365 -0.01988472 0.04132173
v -0.04993491 -0.01910197 0.04062099
v 0.04972570 0.01907807 0.04231330
v 0.05104781 0.02275716 0.04302820
v -0.05792555 -0.02302871 0.04351063
v -0.06052858 -0.02157736 0.04341346
v 0.05724169 0.01458353 0.04409483
v -0.04544355 0.02092145 -0.04510684
v -0.02362017 0.00277224 -0.04312610
v 0.02564259 -0.01133331 -0.03742822
v -0.04227890 0.01833625 -0.04661905
v -0.05783627 0.01765151 -0.04640680
v 0.02465794 -0.00952617 -0.03792276
v -0.05989200 0.01791949 -0.04173622
v 0.04028850 -0.01697350 -0.03579307
v -0.04882404 0.01356194 -0.04642335
v 0.00698386 -0.00070071 -0.04054452
v -0.05725610 0.01260707 -0.04699169
v -0.01683833 0.01113615 -0.04341385
v 0.09218240 -0.02091281 -0.02062676
v 0.00292260 -0.00533475 -0.04053369
v 0.09890096 -0.01935283 -0.01919159
v -0.04172400 0.02173089 -0.04368028
v -0.05518216 0.01927066 -0.03926231
v -0.00471555 0.03308008 -0.01863348
v -0.06038822 0.01419408 -0.04747429
v 0.01453291 -0.00804115 -0.03890964
v 0.11104195 -0.01247372 -0.01874814
v -0.02679596 0.00403700 -0.04329169
v -0.01112492 0.03133826 -0.02007020
v -0.05004203 0.01562901 -0.04706053
v 0.03652547 -0.01566354 -0.03615684
v -0.00971036 0.03257445 -0.01474614
v -0.02352188 0.02933532 -0.01882552
v -0.02953210 0.02841628 -0.01493263
v 0.09349708 -0.01965643 -0.01486217
v -0.10229885 0.01387064 -0.01297587
v -0.05304829 0.01216599 -0.04646097
v 0.10067756 -0.01920990 -0.02012582
v 0.01091412 -0.00230498 -0.04030113
v -0.06196895 0.01758396 -0.04352424
v -0.01633894 0.00087597 -0.04213676
v -0.01278379 0.00243245 -0.04244882
v -0.00054928 -0.00383499 -0.04077810
v 0.01441818 -0.03538698 -0.01303874
v -0.10471769 0.01366198 -0.01086503
v -0.02561686 0.02997046 -0.01105988
v 0.01811510 -0.03438342 -0.01092449
v -0.09524725 0.01538137 -0.01108633
v -0.00502066 0.00548933 -0.04228997
v 0.10772616 -0.01743330 -0.01864321
v 0.11320269 -0.01375169 -0.02056559
v 0.11197780 -0.01578090 -0.01482591
v 0.08993981 -0.02105923 -0.01870617
v 0.10938962 -0.01203865 -0.01678361
v 0.02184367 -0.01103606 -0.03788770
v 0.09735717 -0.01992356 -0.02050076
v -0.03062316 0.00555653 -0.04346163
v -0.03447494 0.02039976 -0.04635621
v -0.01341630 0.03106708 -0.01892925
v 0.09854440 -0.01758998 -0.00862427
v -0.02677651 0.02874775 -0.01668414
v 0.03249691 -0.01392025 -0.03687746
v 0.02470656 -0.03286081 -0.00922127
v -0.01949828 0.02963696 -0.02068503
v 0.01884766 -0.00703290 -0.03895229
v -0.05373330 0.01992313 -0.03683062
v -0.01952939 0.03139848 -0.00896474
v -0.10565177 0.01274538 -0.01304420
v -0.05425143 0.01727401 -0.04686133
v 0.10097542 -0.01689651 -0.00730964
v 0.11068769 -0.01654150 -0.01676817
v -0.10060286 0.01505807 -0.00727253
v -0.07286809 0.02047514 -0.00613244
v 0.04423733 -0.02845416 -0.00577524
v -0.06846919 0.02148786 -0.00609447
v -0.05709311 0.01870615 -0.04008368
v 0.09908940 -0.00656738 -0.00628293
v 0.04806382 -0.02772862 -0.00603083
v -0.10168491 0.00805832 -0.00567731
v -0.06329654 0.02257120 -0.00578343
v 0.05299005 -0.02662907 -0.00580050
v -0.00898593 0.00406955 -0.04257312
v -0.04368180 -0.03856122 0.02767591
v -0.05669713 0.02406572 -0.00440320
v 0.10088014 -0.00801565 -0.00441420
v -0.06584583 0.02212383 -0.00432164
v -0.10111216 0.00745783 -0.00425279
v 0.09813994 -0.00620726 -0.00407014
v -0.03062104 0.02778359 -0.01673396
v -0.08994997 0.00091991 -0.02037220
v 0.05589961 -0.02577619 -0.00415435
v 0.09074662 -0.02059747 -0.01664916
v -0.01625285 0.03019163 -0.02059827
v 0.03628469 -0.02993010 -0.00432147
v -0.07580098 0.02020786 -0.00421637
v 0.04526387 -0.02803557 -0.00390012
v -0.03827103 0.01859996 -0.04651745
v -0.10000253 0.00640976 -0.00252858
v -0.09190547 0.00223979 -0.01879412
v 0.02177066 -0.03327276 -0.00709653
v -0.02286728 0.03070473 -0.00904877
v 0.02865645 -0.01240526 -0.03707324
v 0.10212323 -0.00887217 -0.00246981
v -0.04996761 0.02032453 -0.03870668
v -0.10475092 0.01003437 -0.00248226
v -0.05391467 0.02489150 -0.00231138
v 0.02816077 -0.03139556 -0.00257806
v -0.08835545 0.01775476 -0.00265749
v -0.05007898 0.02577715 -0.00242007
v 0.03250027 -0.03033038 -0.00244387
v 0.06655656 -0.02344240 -0.00239431
v -0.07231548 0.02143763 -0.00044394
v -0.10369539 0.00916325 -0.00047977
v 0.04852327 -0.02640190 -0.00039344
v -0.10638451 0.01104094 -0.00051031
v -0.09131221 0.01751054 -0.00043421
v -0.05276545 0.02549479 -0.00048182
v 0.02968122 -0.03080953 -0.00053659
v 0.06916932 -0.02257540 -0.00058837
v -0.04000291 0.02811715 0.00081302
v 0.08090885 -0.01949946 0.00148118
v -0.03478624 0.02947490 0.00142589
v 0.08560032 -0.01866543 0.00141566
v 0.09421727 -0.00367264 0.00146548
v -0.09039687 0.01798711 0.00158517
v 0.10502572 -0.01054420 0.00124666
v -0.09707017 0.00440095 0.00122593
v 0.10628755 -0.01132730 0.00284264
v 0.08205295 -0.01899006 0.00343709
v -0.08751877 0.01865809 0.00325521
v -0.09620503 0.00344454 0.00351054
v 0.10329561 -0.00980462 0.00320411
v 0.03322346 -0.02910516 0.00327449
v -0.09862120 0.00515010 0.00327884
v -0.03843667 0.02892114 0.00334470
v -0.08477220 0.01933856 0.00471188
v -0.08026776 0.02038460 0.00503853
v 0.04068165 -0.02726763 0.00527928
v 0.09614537 -0.00528333 0.00523441
v -0.09495221 0.00236301 0.00514483
v 0.03587121 -0.02842754 0.00498871
v -0.04630816 0.02748460 0.00506046
v 0.07418906 -0.02035123 0.00516872
v -0.04127694 0.02853574 0.00521206
v -0.04406877 0.02813036 0.00633508
v -0.00194086 -0.03562799 0.00666191
v 0.07685944 -0.01948653 0.00720038
v 0.09223119 -0.00257043 0.00699103
v 0.08960341 -0.00077804 0.00689267
v -0.09358237 0.00118089 0.00720977
v -0.08344284 0.02028666 0.00707822
v 0.03664567 -0.02791549 0.00712898
v -0.00487889 0.03625851 0.00710808
v -0.00178566 0.03701366 0.00845965
v -0.05057183 -0.03045808 0.00895428
v 0.00745320 0.03902066 0.00921294
v 0.08782946 0.00048274 0.00857414
v 0.04656989 0.03135915 0.00913002
v -0.07129513 -0.01545320 0.00882418
v -0.00527699 -0.03590833 0.00886957
v 0.06782175 0.01580289 0.00887887
v 0.00311971 0.03807318 0.00891146
v -0.05166855 -0.02996642 0.01045924
v 0.06560728 0.01718522 0.01045950
v 0.01980420 0.04167243 0.01046479
v 0.04773644 0.03043571 0.01041983
v 0.04542102 0.03210019 0.01045208
v -0.04846501 -0.03206311 0.01037726
v -0.00098680 0.03754465 0.01054745
v -0.00811142 -0.03626879 0.01025962
v 0.00992807 0.03985342 0.01044065
v -0.06904724 -0.01699906 0.01184929
v 0.06487171 0.01760953 0.01192223
v 0.02173743 0.04225329 0.01204644
v -0.01672466 -0.03778399 0.01204781
v 0.04346146 0.03350097 0.01204653
v 0.02576651 0.04325295 0.01200097
v -0.01167664 -0.03683247 0.01212450
v 0.06970778 0.01397550 0.01196352
v -0.07382886 -0.01280261 0.01276749
v 0.02395614 0.04297988 0.01350662
v 0.00351834 0.03910958 0.01394844
v -0.06970998 -0.01561939 0.01402172
v -0.07158628 -0.01389427 0.01394093
v -0.07435106 -0.01197837 0.01380887
v 0.07128886 0.01263040 0.01389094
v -0.05644151 -0.02733693 0.01573228
v -0.03170115 -0.04027272 0.01586050
v -0.02300959 -0.03837135 0.01566267
v -0.02674452 -0.03908005 0.01576794
v 0.05083356 0.02758009 0.01571232
v 0.04069668 0.03525878 0.01566736
v 0.06170476 0.01994911 0.01566650
v -0.04585827 -0.03487423 0.01568468
v -0.06594181 -0.01878852 0.01586246
v -0.04736069 -0.03389721 0.01756867
v -0.03060619 -0.03972867 0.01770679
v 0.06322910 0.01859039 0.01760791
v 0.04199245 0.03411320 0.01770483
v -0.01950659 -0.03743883 0.01771251
v 0.06053256 0.02061332 0.01770150
v -0.06498670 -0.02022450 0.01764528
v 0.04851655 0.02902613 0.01959658
v -0.05980627 -0.02561014 0.01976260
v -0.06444594 -0.02162200 0.01968232
v 0.05848213 0.02186983 0.01963318
v -0.05444217 -0.02924857 0.01943577
v -0.05848115 -0.02663333 0.02152946
v 0.04984025 0.02777695 0.02162092
v 0.01132814 0.04206314 0.02167730
v -0.02658542 -0.03839622 0.02160599
v -0.06123338 -0.02457234 0.02141813
v 0.05470601 0.02437882 0.02140917
v -0.06345122 -0.02269786 0.02150481
v 0.05251275 0.02585832 0.02135014
v -0.04155271 -0.03932504 0.02335784
v -0.08239562 -0.00765896 0.02348256
v 0.03481939 0.03856547 0.02341184
v -0.08105937 -0.00848663 0.02515089
v 0.05479140 0.00821012 0.04214865
v 0.07495450 0.00802039 0.02532552
v 0.07702808 0.00649778 0.02521556
v -0.08476495 -0.00635166 0.02523236
v -0.03862706 -0.04018952 0.02666754
v -0.03475407 -0.03976618 0.02679891
v -0.08545279 -0.00589801 0.02669117
v 0.03176930 0.04022255 0.02669987
v -0.04465318 -0.03742870 0.02695725
v 0.03740563 0.03634017 0.02669646
v 0.07304425 0.00934285 0.02668579
v -0.07991032 -0.00950417 0.02682963
v 0.03505133 0.03795345 0.02770432
v 0.03273238 0.03931720 0.02833646
v -0.03872888 -0.03991805 0.02838987
v 0.03018361 0.04093516 0.02832401
v -0.04655777 -0.03655695 0.02828818
v -0.01974188 -0.02287970 0.04232950
v -0.07850725 -0.01075803 0.02823350
v 0.08017629 0.00340437 0.03014854
v -0.07771282 -0.01158158 0.02959778
v -0.01648619 -0.03517692 0.03014069
v -0.08791086 -0.00386775 0.03025220
v 0.02842487 0.04215214 0.03022805
v -0.01163528 -0.03408960 0.03071296
v 0.06983965 0.01090912 0.03019751
v -0.01345095 -0.03432523 0.03186141
v -0.00392783 -0.03243881 0.03212450
v -0.08711678 -0.00518889 0.03195499
v 0.07131326 0.00948180 0.03206581
v -0.08971256 -0.00344616 0.03201676
v 0.07709331 0.00531916 0.03395527
v 0.07227492 0.00884973 0.03400244
v 0.08303724 0.00080548 0.03395629
v -0.09149128 -0.00228730 0.03388855
v 0.00303220 0.03316384 0.03524029
v 0.00096180 0.03439102 0.03494333
v 0.07870197 0.00378202 0.03586195
v 0.00673814 0.03215587 0.03556081
v 0.01027844 0.03070934 0.03595835
v -0.09135163 -0.00080501 0.03608649
v -0.00879961 -0.03287890 0.03573663
v 0.08071440 0.00228156 0.03583935
v 0.01451541 0.02904038 0.03651620
v -0.05700861 -0.00978925 0.03845496
v 0.00096180 0.01311905 0.03796084
v 0.01338404 0.01802797 0.03802031
v 0.00510260 0.01639164 0.03774800
v -0.05286780 -0.00815292 0.03827734
v 0.01752485 0.01966431 0.03805409
v 0.02166548 0.02130057 0.03810664
v -0.04872717 -0.00651666 0.03817497
v -0.04458636 -0.00488033 0.03810809
v 0.02580628 0.02293690 0.03820219
v -0.04044556 -0.00324400 0.03806450
v -0.03630493 0.00002860 0.03778451
v -0.05700861 -0.01142552 0.03875952
v 0.02994691 0.00330119 0.04099585
v -0.02388269 -0.02287970 0.04209840
v -0.01974188 -0.02124337 0.04200242
v -0.03216412 -0.01960711 0.04104029
v -0.02802332 -0.01797078 0.04095899
v 0.04236916 0.00166493 0.04200848
v 0.03408772 0.00493753 0.04101624
v -0.00731964 -0.01633444 0.04181901
v -0.01560125 -0.01469818 0.04108107
v 0.05065077 0.00657386 0.04195806
v 0.04650996 0.01148272 0.04105864
v -0.01146044 -0.01306185 0.04105181
v 0.05618157 0.00657386 0.04244476
v 0.02377990 -0.00192558 -0.03939787
v 0.04440898 -0.01244501 -0.03618951
v -0.05295530 0.01953256 -0.04404370
v -0.04535375 0.01525961 -0.04655021
v -0.04768243 0.01457801 -0.04659508
v 0.02128894 -0.00063595 -0.03978245
v -0.04044556 0.01659618 -0.04644749
v 0.00705298 -0.01105458 -0.03906046
v 0.01095107 -0.00934021 -0.03909510
v -0.04265067 0.02198433 -0.03702436
v 0.01840926 -0.03505544 -0.01881886
v 0.01472842 -0.00384260 -0.03984387
v 0.02044024 -0.03438810 -0.01652461
v 0.03233711 -0.02009743 -0.03577806
v -0.01313310 0.00802367 -0.04257866
v -0.03963097 0.02197155 -0.04196699
v 0.02860359 -0.01867039 -0.03604969
v -0.09902779 0.01420337 -0.01476943
v 0.02247069 -0.03383190 -0.01483154
v 0.09961725 -0.01792355 -0.01286659
v -0.02352613 0.00851693 -0.04337504
v 0.11173703 -0.01385354 -0.01305742
v -0.01258120 0.03215580 -0.01310392
v -0.00802232 0.03319367 -0.01290242
v 0.10373402 -0.01712732 -0.01295949
v 0.10853809 -0.01625285 -0.01245931
v -0.09008044 0.00065361 -0.01300683
v -0.04587842 0.02113214 -0.03868604
v -0.04977227 0.01998348 -0.04532489
v 0.10690061 -0.01631111 -0.01142851
v -0.03855122 0.01278744 -0.04547154
v -0.03066559 0.01101845 -0.04449482
v 0.02164303 -0.00544868 -0.03889974
v -0.01621714 0.03173051 -0.01105178
v -0.00498336 0.03393813 -0.01100861
v -0.09584334 0.01458011 -0.01680264
v -0.02769734 0.02959393 -0.00922426
v 0.08979256 -0.01956938 -0.00900740
v 0.10877391 -0.01260163 -0.00909143
v 0.00203112 -0.01053295 -0.03941399
v 0.00703565 -0.00657108 -0.03978748
v 0.08995873 -0.01908416 -0.00711632
v -0.00506309 0.01099518 -0.04251033
v -0.03455909 0.02314249 -0.04175414
v -0.03735710 0.02262995 -0.04023903
v 0.02517590 -0.00375262 -0.03887688
v -0.01203620 0.03287267 -0.00765190
v 0.00866995 -0.03578210 -0.00668124
v -0.01649909 0.00699433 -0.04270885
v -0.03480163 0.01407944 -0.04547069
v 0.01113085 -0.03534102 -0.00707606
v -0.02211528 0.02999191 -0.01675102
v 0.11035783 -0.01509769 -0.00729419
v -0.03445780 0.02872652 -0.00588145
v 0.09688253 -0.01830232 -0.01101168
v 0.08326156 -0.02029303 -0.00579393
v 0.10551929 -0.01092632 -0.00577149
v 0.07434285 -0.02261285 -0.00577857
v -0.03806031 0.02798694 -0.00576509
v 0.07806629 -0.02165560 -0.00610889
v 0.02455294 -0.03353416 -0.01684290
v -0.09178526 0.00184097 -0.01104615
v -0.00083142 -0.00974133 -0.03983781
v 0.07536249 -0.02202095 -0.00356408
v 0.00661192 -0.03591035 -0.00440439
v -0.02657976 0.00934963 -0.04372055
v 0.04729255 -0.01357250 -0.03584588
v -0.04337474 0.02671799 -0.00612280
v -0.02009596 0.03069663 -0.01493929
v 0.10670333 -0.01145856 -0.00441258
v -0.08605029 0.01804649 -0.00397281
v -0.10285835 0.01276396 -0.01878645
v 0.10353426 -0.00970899 -0.00436284
v -0.04611760 0.02639546 -0.00420707
v -0.01686785 0.00512453 -0.04305367
v -0.03730478 0.02832435 -0.00424614
v -0.03080701 0.02923137 -0.00730904
v 0.08592099 -0.01957134 -0.00430611
v -0.09783702 0.00534535 -0.00414215
v -0.09567788 0.00394213 -0.00418881
v 0.09367351 -0.01878754 -0.00905167
v -0.04738014 0.02058160 -0.04021377
v -0.05443616 0.01868875 -0.04587062
v 0.09659527 -0.00525895 -0.00234286
v -0.00865642 0.00963073 -0.04257218
v 0.09169079 -0.00073627 -0.00240011
v -0.09376233 0.00238048 -0.00241197
v -0.04526430 0.02689158 -0.00202227
v -0.08361060 0.01875498 -0.00253541
v -0.07996636 0.01964510 -0.00243082
v 0.03689687 -0.02944347 -0.00246008
v 0.00254235 -0.03647745 -0.00249770
v -0.00209749 -0.03736205 -0.00246784
v 0.09501683 -0.00415933 -0.00101578
v 0.04045520 -0.02842782 -0.00061968
v 0.07838360 -0.02033432 -0.00031563
v 0.09286953 -0.00236701 -0.00058035
v 0.09074963 -0.00028827 -0.00040103
v -0.04271749 0.02752141 -0.00053667
v -0.00065323 -0.03671259 -0.00043251
v -0.04044556 -0.01142552 0.03935882
v -0.06907023 0.02215583 0.00133820
v 0.09932610 -0.00722676 0.00146855
v -0.10274981 0.00827886 0.00146437
v -0.06447670 0.02299789 0.00143895
v 0.05206445 -0.02559833 0.00143562
v -0.05929556 0.02401340 0.00143818
v 0.05603149 -0.02483633 0.00152665
v -0.10105205 0.00692231 0.00326476
v 0.04369780 -0.02709767 0.00316230
v -0.06777781 0.02267626 0.00346072
v 0.09778179 -0.00645050 0.00313594
v 0.05324178 -0.02513231 0.00376118
v -0.05748254 0.02461417 0.00317902
v 0.06263054 -0.02321809 0.00328737
v -0.07690000 0.02066082 0.00334598
v 0.10060632 -0.00812470 0.00331961
v -0.07408908 0.02199656 0.00601389
v -0.07107098 0.02248283 0.00567777
v 0.04465381 -0.02635544 0.00532594
v -0.10491568 0.00973105 0.00524319
v -0.05081808 0.02671324 0.00516855
v 0.06597815 -0.02252546 0.00493864
v 0.10186267 -0.00914552 0.00516829
v 0.07058618 -0.02122011 0.00527373
v -0.07604122 0.02130518 0.00518877
v -0.10403338 0.00901655 0.00672461
v -0.03436852 0.03031912 0.00726300
v 0.04820649 -0.02547489 0.00714570
v 0.08672284 -0.01751300 0.00717070
v -0.10683016 0.01078561 0.00715585
v -0.05411018 0.02629039 0.00715022
v 0.06723432 -0.02191120 0.00741946
v 0.07264314 0.01219386 0.00899199
v -0.06656991 -0.01907591 0.00902270
v -0.05566440 -0.02689565 0.00907798
v -0.03079623 -0.04117269 0.00898747
v -0.02579169 -0.03997925 0.00895368
v 0.06211577 0.01997566 0.00872548
v 0.05137467 0.02738526 0.00903746
v 0.04153707 0.03515518 0.00896759
v -0.04473663 -0.03469435 0.00881497
v -0.04649926 -0.03344887 0.01045208
v -0.02771024 -0.04016032 0.01048142
v -0.06791906 -0.01809135 0.01027403
v 0.06361907 0.01865732 0.01044107
v 0.06073320 0.02078984 0.01046086
v -0.01869713 -0.03832964 0.01054797
v -0.04398692 -0.03557280 0.01043365
v -0.06520519 -0.02025154 0.01046155
v -0.05362299 -0.02881483 0.01190585
v 0.04899773 0.02911820 0.01203049
v 0.01727400 0.04154801 0.01194842
v 0.05915123 0.02172914 0.01204619
v -0.06364284 -0.02164225 0.01194919
v 0.05285923 0.02614914 0.01385255
v 0.05374117 0.02559266 0.01195072
v 0.01458099 0.04129709 0.01396849
v -0.05826655 -0.02585547 0.01378507
v 0.05796842 0.02249953 0.01382687
v -0.02378917 -0.03879377 0.01400662
v 0.05509422 0.02456534 0.01388539
v -0.06057595 -0.02429116 0.01386398
v 0.00570700 0.03993103 0.01565524
v 0.01055226 0.04078273 0.01567828
v 0.01571837 0.04174347 0.01557872
v -0.06994615 -0.01442930 0.01598181
v -0.05148859 -0.03075308 0.01573271
v 0.06719049 0.01563572 0.01575079
v 0.06538542 0.01690733 0.01770474
v -0.00197021 0.03849771 0.01749257
v 0.00714331 0.04038350 0.01779184
v 0.04680412 0.03063215 0.01757524
v 0.04466601 0.03220246 0.01772087
v 0.01764452 0.04247418 0.01775149
v -0.05023949 -0.03196385 0.01767335
v -0.05236788 -0.03037173 0.01781044
v 0.06920821 0.01372478 0.01958063
v -0.00080950 0.03906271 0.01967831
v -0.06804104 -0.01711314 0.01957099
v 0.06420013 0.01737111 0.01971730
v -0.01299734 -0.03593005 0.01948278
v -0.07359817 -0.01263174 0.01965784
v -0.04862181 -0.03328156 0.01966884
v 0.04307997 0.03324948 0.01971261
v 0.02463496 0.04410255 0.01958439
v 0.00197137 0.03990973 0.02093033
v 0.06470024 0.01601386 0.02191754
v -0.07277175 -0.01405249 0.02142513
v -0.07010843 -0.01597517 0.02144364
v -0.01589293 -0.03627061 0.02151308
v 0.02124616 0.04393168 0.02138213
v -0.07482535 -0.01222231 0.02166246
v 0.06781786 0.01407770 0.02143630
v 0.06979546 0.01255174 0.02146224
v 0.08110100 0.00387360 0.02333856
v -0.08790202 -0.00388857 0.02347514
v -0.07706263 -0.01115559 0.02331970
v 0.03023576 0.04222905 0.02331228
v 0.07087892 0.01128139 0.02342446
v 0.06824230 0.01186071 0.02561737
v -0.08628311 -0.00524226 0.02536306
v -0.01256742 -0.03502715 0.02523560
v 0.02831474 0.04366580 0.02540622
v 0.07237391 0.01035983 0.02533849
v -0.00518984 -0.03343776 0.02649342
v 0.07817147 0.00546991 0.02651014
v -0.09001874 -0.00232691 0.02668870
v -0.00976445 -0.03428115 0.02670823
v -0.09202055 -0.00091489 0.02809273
v 0.08204393 0.00238886 0.02831386
v 0.07939476 0.00426739 0.02826916
v -0.00835166 -0.03375980 0.02823008
v 0.08445392 0.00061163 0.02849796
v -0.04229676 -0.03930785 0.03020024
v 0.07552460 0.00680851 0.03022498
v -0.08273114 -0.00811946 0.03025177
v 0.03377695 0.03786298 0.03031695
v 0.07352367 0.00797980 0.03193110
v 0.03423250 0.03677119 0.03223310
v 0.03105972 0.04016387 0.03352044
v 0.03127309 0.04023002 0.03443420
v -0.04566523 -0.03766761 0.03414431
v -0.03558315 -0.03883429 0.03388889
v 0.03561560 0.03648952 0.03414841
v -0.08612542 -0.00680154 0.03397531
v -0.08238979 -0.00906693 0.03539198
v 0.01855987 0.03316384 0.03611055
v 0.01433775 0.03487457 0.03563682
v 0.00096180 0.02948216 0.03572034
v -0.07739373 -0.00067256 0.03641971
v -0.01975726 -0.03499627 0.03604699
v -0.07965382 -0.01096139 0.03581819
v 0.02942578 0.04097693 0.03618588
v -0.03860161 -0.03890883 0.03589241
v 0.03238872 0.03916365 0.03586409
v -0.04666084 -0.03662555 0.03585538
v 0.02192127 0.03178011 0.03654486
v 0.00671428 0.02620950 0.03649879
v -0.07357148 -0.00157818 0.03656500
v 0.00096180 0.01802797 0.03726138
v 0.00924323 0.02293690 0.03707362
v 0.00510260 0.02130057 0.03704666
v -0.06114941 -0.00488033 0.03740044
v -0.05700861 -0.00324400 0.03726045
v -0.05286780 -0.00160773 0.03718060
v -0.04872717 0.00002860 0.03712497
v 0.02166548 0.01768016 0.03855734
v -0.04458636 -0.00978925 0.03887204
v -0.03630493 -0.00815292 0.03902287
v 0.01752485 0.01311905 0.03891154
v 0.01431512 0.01434127 0.03855734
v 0.02580628 0.01639164 0.03897902
v 0.04650996 0.00493753 0.04184272
v -0.02388269 -0.01633444 0.04090601
v -0.01560125 -0.01960711 0.04192496
v -0.01146044 -0.01960711 0.04216358
v -0.01146044 -0.01797078 0.04186610
v 0.03822852 0.00657386 0.04105795
v 0.04236916 0.00821012 0.04111520
v 0.05091982 0.00166493 0.04254295
v -0.00406660 -0.02328376 0.04351788
v -0.00871511 -0.02124337 0.04263594
v -0.04126898 0.02235080 -0.03648469
v -0.02668070 0.01096717 -0.04407629
v -0.03076511 0.00949759 -0.04407842
v -0.04205917 0.02186439 -0.03877527
v 0.01432201 -0.00508508 -0.03950638
v -0.03407242 0.02332000 -0.04025396
v 0.01084837 -0.01111661 -0.03891296
v -0.00855212 0.01109375 -0.04274912
v 0.01754412 -0.00374850 -0.03960176
v -0.01198618 0.00682891 -0.04266543
v -0.01687987 0.00815277 -0.04260537
v -0.01657918 0.00439020 -0.04303525
v -0.02263252 0.00704036 -0.04314205
v 0.03261677 -0.01871559 -0.03595448
v 0.01580287 -0.03551950 -0.01822877
v 0.00705086 -0.00797108 -0.03974482
v -0.04605608 0.02063399 -0.04169101
v 0.02460986 -0.00542549 -0.03870199
v 0.00993354 -0.00660691 -0.03935572
v 0.02189971 -0.00384938 -0.03913315
v 0.01836365 -0.03528786 -0.02061815
v 0.10303434 -0.01809282 -0.01675461
v 0.04431917 -0.01393597 -0.03595559
v 0.02197431 -0.03405914 -0.01668329
v -0.03938667 0.02220082 -0.04026684
v -0.09617091 0.01471032 -0.01493878
v -0.04984670 0.02011433 -0.04378188
v 0.02063027 -0.03424461 -0.01486259
v -0.05426097 0.01914268 -0.04341471
v -0.01598839 0.03157752 -0.01287657
v 0.02561077 -0.03318194 -0.01480672
v -0.05308064 0.01949379 -0.04498988
v 0.09134943 -0.01939090 -0.00940887
v -0.01262027 0.03235825 -0.01103702
v 0.10462798 -0.01671614 -0.01108198
v -0.03822348 0.01399387 -0.04567125
v -0.09861519 0.01404549 -0.01674590
v -0.00810046 0.03328769 -0.01098933
v -0.00499521 0.00939182 -0.04242946
v -0.09021037 0.00067366 -0.01104819
v -0.02833321 0.02966323 -0.00787294
v 0.09731086 -0.01842946 -0.01300206
v -0.04659596 0.02122771 -0.03691934
v -0.01103211 0.03291040 -0.00893813
v 0.10784637 -0.01609323 -0.01078868
v 0.08852260 -0.01948737 -0.00758672
v -0.03760034 0.02242094 -0.04166866
v 0.02097093 -0.00230393 -0.03958145
v -0.04251013 0.01572625 -0.04642130
v 0.02471239 -0.00071719 -0.03953180
v 0.02888007 -0.02002136 -0.03591643
v -0.03451896 0.01257444 -0.04526313
v 0.01181851 -0.03542031 -0.00901184
v 0.09359060 -0.01835953 -0.00750031
v -0.09783879 0.00557700 -0.00578036
v 0.10885416 -0.01261861 -0.00727261
v 0.10352790 -0.00969341 -0.00576245
v 0.00708727 -0.03597602 -0.00565640
v 0.09925574 -0.01779984 -0.01141938
v 0.08600937 -0.01964336 -0.00579785
v -0.00135397 -0.01075112 -0.03952233
v 0.10718911 -0.01177955 -0.00577431
v -0.08547612 0.01796406 -0.00507177
v -0.09212662 0.00219256 -0.01303422
v 0.11105751 -0.01517286 -0.00914867
v 0.00287788 -0.00935649 -0.03977417
v -0.02560413 0.00045075 -0.04291470
v 0.07377964 -0.02251638 -0.00443783
v -0.03890654 0.02797912 -0.00438733
v 0.07750980 -0.02166146 -0.00427566
v 0.10764166 -0.01651991 -0.01323666
v -0.04626927 0.02609954 -0.00608594
v -0.02262351 0.03017486 -0.01485074
v -0.03454318 0.02895215 -0.00416407
v 0.09446405 -0.00328207 -0.00412850
v -0.10232891 0.01264458 -0.02055485
v 0.10504376 -0.01056565 -0.00405325
v 0.08101067 -0.02087285 -0.00289243
v -0.00502932 0.03377474 -0.01308566
v -0.03064261 0.02902145 -0.00903871
v 0.08294743 -0.02032279 -0.00425655
v -0.09556279 0.00410155 -0.00580937
v -0.01921296 0.03047434 -0.01677508
v 0.11161135 -0.01392640 -0.01105732
v 0.04808522 -0.01254742 -0.03596839
v -0.05049034 0.01907625 -0.04621101
v 0.09526308 -0.00422074 -0.00252159
v 0.09307459 -0.00224818 -0.00245462
v 0.00033460 -0.03684350 -0.00227146
v -0.04239841 0.02744254 -0.00244293
v 0.04027188 -0.02883488 -0.00238646
v 0.04214359 -0.02796635 0.00005146
v 0.09635661 -0.00517163 -0.00051500
v 0.09165225 -0.00117203 -0.00060688
v -0.09387883 0.00225257 -0.00056210
v -0.08382521 0.01886675 -0.00054162
v -0.04534314 0.02700244 -0.00053889
v -0.08011096 0.01969623 -0.00052848
v 0.00313986 -0.03612432 -0.00041707
v 0.03669570 -0.02903118 -0.00056576
v 0.04429566 -0.02718017 0.00143869
v 0.09830398 -0.00661697 0.00152238
v -0.10114451 0.00712412 0.00162151
v -0.06720170 0.02250106 0.00144884
v -0.05662129 0.02461892 0.00135278
v 0.06242301 -0.02342480 0.00138128
v 0.10077337 -0.00811038 0.00144091
v -0.07708208 0.02046885 0.00148374
v -0.06908861 0.02222911 0.00286619
v 0.09913678 -0.00722305 0.00321042
v -0.10243303 0.00796821 0.00329530
v -0.06408602 0.02338881 0.00341815
v 0.05120814 -0.02544499 0.00297965
v -0.06024007 0.02407061 0.00335800
v 0.05541931 -0.02472065 0.00331287
v 0.06024706 -0.02350625 0.00338146
v -0.04458636 -0.01142552 0.03915579
v -0.10389938 0.00900440 0.00520583
v 0.02760993 -0.02984823 0.00470693
v -0.07226882 0.02203512 0.00499409
v 0.04818156 -0.02565128 0.00527715
v -0.03422869 0.03009145 0.00525156
v 0.08713067 -0.01772257 0.00580983
v -0.10705908 0.01109606 0.00519644
v -0.05362617 0.02600307 0.00519030
v 0.06774486 -0.02204128 0.00533746
v -0.07189034 0.02267997 0.00701765
v 0.04400681 -0.02620322 0.00701842
v -0.10517094 0.00976046 0.00712770
v 0.10180292 -0.00927483 0.00709085
v 0.06530693 -0.02236632 0.00721634
v 0.06998637 -0.02117840 0.00708385
v -0.07583545 0.02194835 0.00713512
v -0.06761978 -0.01820431 0.00889704
v 0.06394929 0.01866430 0.00903046
v -0.02775479 -0.04046322 0.00879578
v 0.02018621 0.04153034 0.00885839
v -0.02592144 -0.03974006 0.01044278
v 0.03120892 0.04021312 0.03543455
v 0.05135858 0.02735494 0.01045651
v 0.06081487 0.02078880 0.00911970
v -0.04377284 -0.03546466 0.00905759
v -0.06510337 -0.02015157 0.00890514
v -0.04620669 -0.03350434 0.00901664
v -0.06662435 -0.01910414 0.01045310
v -0.05572751 -0.02697577 0.01044082
v 0.06208908 0.01984691 0.01047238
v -0.04476862 -0.03493585 0.01032326
v 0.04151409 0.03508889 0.01047588
v -0.03044745 -0.04086357 0.01058516
v 0.01441889 0.04101640 0.01199048
v -0.05517137 -0.02767602 0.01192923
v 0.05287850 0.02616500 0.01199022
v 0.05796011 0.02250400 0.01195474
v -0.05780463 -0.02586490 0.01198323
v -0.06031750 -0.02426266 0.01199022
v 0.05502121 0.02468382 0.01196992
v -0.02322738 -0.03893328 0.01204823
v 0.01615713 0.04154780 0.01347650
v 0.04883758 0.02913679 0.01389324
v 0.05922123 0.02164524 0.01392302
v -0.05922343 -0.02531436 0.01434035
v -0.05400217 -0.02882936 0.01395543
v 0.05376380 0.02550631 0.01389981
v -0.06382386 -0.02166237 0.01388736
v 0.00796019 0.04035164 0.01574789
v -0.00142769 0.03835590 0.01559646
v 0.04694554 0.03064060 0.01568015
v 0.06548283 0.01691948 0.01557983
v 0.04483784 0.03218479 0.01571573
v 0.01839388 0.04225909 0.01568476
v -0.00908563 -0.03577797 0.01550612
v -0.04985235 -0.03189685 0.01566983
v -0.05250188 -0.03001986 0.01553231
v -0.06998770 -0.01446786 0.01732690
v 0.00588024 0.04010505 0.01718878
v 0.01053388 0.04103009 0.01774245
v 0.04611999 0.03109111 0.01822778
v 0.01489618 0.04201431 0.01772547
v 0.06717793 0.01562384 0.01775243
v -0.07425048 -0.01198346 0.01954352
v 0.01338404 0.01475538 0.03845215
v 0.06822993 0.01451151 0.01969930
v -0.06976142 -0.01568456 0.01955103
v -0.07195822 -0.01402050 0.01956895
v -0.01661329 -0.03670414 0.01962568
v 0.07035955 0.01271024 0.01968906
v 0.00297351 0.03981800 0.01970135
v 0.02135028 0.04352190 0.01959880
v -0.01331730 -0.03573313 0.02137283
v -0.07389551 -0.01284837 0.02110521
v 0.00335977 0.04044148 0.02167441
v 0.06360405 0.01713352 0.02144825
v -0.06862139 -0.01718013 0.02139425
v 0.04304374 0.03320149 0.02141489
v -0.04872010 -0.03323853 0.02133623
v 0.02453685 0.04439979 0.02146923
v -0.00100837 0.03940347 0.02145396
v -0.08625712 -0.00532015 0.02345065
v -0.01252128 -0.03526480 0.02345987
v 0.07240556 0.01042585 0.02389674
v 0.02830007 0.04371219 0.02331706
v 0.08097231 0.00360263 0.02539914
v -0.08782901 -0.00386761 0.02539104
v -0.01506792 -0.03543777 0.02579857
v 0.02985587 0.04226454 0.02541100
v -0.07740858 -0.01132702 0.02543310
v 0.07037581 0.01113336 0.02539863
v -0.09214642 -0.00080654 0.02669031
v -0.00748704 -0.03376770 0.02698037
v 0.08226437 0.00249211 0.02692338
v 0.08415676 0.00109755 0.02666728
v -0.08540470 -0.00588180 0.02869085
v 0.07773589 0.00549778 0.02834901
v -0.08987078 -0.00237805 0.02817728
v 0.08356226 0.00130936 0.02811747
v -0.00477229 -0.03311656 0.02822548
v 0.03476442 0.03690189 0.03054387
v 0.07370433 0.00818951 0.03014897
v -0.08463413 -0.00695376 0.03021893
v 0.07483641 0.00699258 0.03200080
v -0.08378119 -0.00804255 0.03192223
v -0.03630493 -0.00651666 0.03876020
v -0.04257536 -0.03909374 0.03199082
v 0.03270816 0.03806403 0.03217177
v -0.08037648 -0.01098765 0.03392805
v -0.01894126 -0.03529142 0.03391602
v 0.01752485 0.01475538 0.03868683
v 0.03011184 0.04090868 0.03372416
v -0.04600270 -0.03623421 0.03422178
v -0.03821641 -0.03918288 0.03404279
v -0.08251706 -0.00940385 0.03406455
v 0.03237229 0.03908339 0.03393453
v -0.08581094 -0.00616172 0.03546884
v 0.01856005 0.03480010 0.03591484
v 0.01437788 0.03318018 0.03583585
v 0.00303220 0.02915488 0.03587134
v -0.07357166 0.00002860 0.03625609
v 0.00096180 0.02784583 0.03595955
v -0.02227862 -0.03538684 0.03612096
v 0.03093456 0.04004029 0.03628185
v -0.08093580 -0.00981056 0.03618434
v -0.04585491 -0.03800076 0.03588337
v 0.03621504 0.03667066 0.03592926
v -0.07667709 -0.00158447 0.03662224
v 0.02126702 0.03111842 0.03658223
v 0.02373588 0.03193659 0.03666310
v 0.00924323 0.02620950 0.03664024
v 0.00510260 0.02293690 0.03682195
v 0.00924323 0.02130057 0.03730276
v 0.00510260 0.02478839 0.03658146
v 0.00096180 0.01966431 0.03702780
v -0.05700861 -0.00488033 0.03754641
v -0.06114941 -0.00324400 0.03709639
v -0.05286780 0.00002860 0.03692825
v -0.04872717 -0.00160773 0.03738235
v -0.04044556 -0.00978925 0.03907560
v 0.03408772 0.00984645 0.04039509
v 0.01338404 0.01311905 0.03866414
v 0.02166548 0.01639164 0.03871704
v 0.04650996 0.00330119 0.04205498
v -0.02698246 -0.01469818 0.04052425
v -0.01974188 -0.01633444 0.04111921
v -0.01560125 -0.01797078 0.04162817
v 0.03822852 0.00821012 0.04083785
v 0.04236916 0.00657386 0.04133026
v 0.05065077 0.00143091 0.04255387
v 0.05479140 0.00166493 0.04280315
v -0.00731964 -0.02287970 0.04313168
v -0.00391829 -0.02159405 0.04303673
v 0.04327602 -0.01521631 -0.03584068
v -0.03941159 0.02232656 -0.03925625
v -0.03450817 0.01725284 -0.04608799
v -0.02046065 0.00985952 -0.04344721
v -0.00002868 -0.01128392 -0.03934165
v -0.06136561 0.01783873 -0.04032400
v -0.00465156 0.00800411 -0.04239269
v 0.01568054 -0.00578393 -0.03927818
v 0.01991150 -0.00345070 -0.03940222
v -0.02266664 0.01099036 -0.04376081
v 0.01183849 -0.00661893 -0.03926964
v -0.03429746 0.02338175 -0.03878798
v 0.05637903 -0.01390502 -0.03579930
v 0.01809530 -0.00228639 -0.03982536
v 0.01980756 -0.00416688 -0.03927169
v 0.05161243 -0.01227135 -0.03580928
v -0.03869088 0.02279160 -0.03692975
v -0.09925512 0.01329432 -0.02084720
v -0.09525238 0.01414818 -0.02066566
v 0.10739170 -0.01801115 -0.02060373
v -0.04638542 0.01260693 -0.04592880
v -0.09843276 0.01380099 -0.01870327
v -0.05024585 0.01832033 -0.04665036
v 0.00287028 -0.00777192 -0.04011302
v -0.00883337 0.00709213 -0.04255623
v 0.01576876 -0.03537755 -0.01676467
v 0.01477669 -0.00068171 -0.04019373
v -0.01288650 0.01063507 -0.04284364
v 0.01871208 -0.03466878 -0.01484365
v -0.05973803 0.01815239 -0.04494620
v -0.02298608 0.00083279 -0.04273623
v -0.05676041 0.01867052 -0.04374870
v 0.00679648 -0.00926456 -0.03969739
v -0.02711645 0.02933623 -0.01315963
v -0.09444168 0.01506771 -0.01473420
v 0.08947843 -0.02016631 -0.01303294
v 0.10886159 -0.01244732 -0.01295829
v 0.03850943 -0.02962943 -0.00615419
v -0.00087102 -0.00663206 -0.04067129
v -0.01970935 0.00232718 -0.04265195
v -0.01040226 0.03277767 -0.01112292
v 0.11119345 -0.01545271 -0.01099829
v -0.03047096 0.02893315 -0.01104401
v 0.09264980 -0.01931867 -0.01131888
v 0.10446499 -0.01822058 -0.01877194
v -0.01615138 0.00942508 -0.04270134
v -0.02659231 0.00704197 -0.04346316
v -0.10114185 0.01356585 -0.01662690
v 0.09479126 -0.01898203 -0.01299148
v -0.09053546 0.00074415 -0.00908759
v -0.01293281 0.03254246 -0.00916411
v -0.00852720 0.03333708 -0.00917810
v -0.00353009 0.03431166 -0.00908375
v 0.02156843 -0.03460291 -0.02055757
v 0.09638437 -0.01788352 -0.00796798
v 0.03593680 -0.01849596 -0.03586209
v -0.03857350 0.01569174 -0.04603698
v 0.02861084 -0.02179335 -0.03591729
v -0.10344648 0.01335915 -0.01493681
v -0.10485451 0.01243654 -0.01655421
v -0.02023155 0.02995272 -0.01869704
v 0.01181356 -0.03559788 -0.01055536
v -0.09248141 0.00196308 -0.00730554
v -0.09367147 0.00275051 -0.00578710
v -0.00601167 0.03396531 -0.00735101
v 0.09712719 -0.00511582 -0.00609200
v 0.09190680 -0.00079488 -0.00577251
v 0.10468861 -0.01613856 -0.00746140
v 0.10368276 -0.01667870 -0.00918049
v -0.08351337 0.01827485 -0.00588350
v -0.00085316 -0.03765992 -0.00619505
v 0.02992641 0.00658455 0.04055650
v 0.00345311 -0.03677176 -0.00579495
v -0.03247172 0.02815872 -0.01317157
v 0.10781684 -0.01587304 -0.00918561
v -0.04636986 0.01727401 -0.04680614
v 0.04085171 -0.02898549 -0.00430168
v -0.03048934 0.00830457 -0.04386463
v 0.02528886 -0.03376134 -0.02041801
v 0.08069513 -0.02093656 -0.00429980
v 0.09544445 -0.00406796 -0.00434808
v 0.09341648 -0.00230889 -0.00440951
v -0.04212228 0.02728739 -0.00426670
v 0.00018858 -0.03708689 -0.00379357
v 0.07314183 -0.02228494 -0.00289056
v -0.04216912 0.01409886 -0.04594399
v -0.08083575 0.01918851 -0.00431703
v -0.01647912 0.03214085 -0.00757367
v -0.04177969 0.02168939 -0.04027818
v -0.03481170 0.02910780 -0.00244225
v 0.08216785 -0.02043331 -0.00220295
v 0.11130994 -0.01393094 -0.00918732
v 0.09404262 -0.00317679 -0.00232981
v 0.10526172 -0.01066519 -0.00248985
v -0.03921414 0.02811939 -0.00246426
v -0.09699115 0.00438964 -0.00247313
v 0.07772599 -0.02120208 -0.00230464
v 0.00559227 -0.03576205 -0.00114280
v 0.08481614 -0.01950505 -0.00101057
v -0.03750347 0.02855802 -0.00052183
v 0.10682619 -0.01153100 -0.00055553
v -0.08752991 0.01819340 -0.00048728
v -0.04717013 0.02671896 -0.00049666
v -0.09568194 0.00351510 -0.00047585
v 0.10356820 -0.00971528 -0.00045639
v -0.09827012 0.00531538 -0.00042986
v 0.07432111 -0.02120809 -0.00047056
v 0.03415879 -0.02954868 0.00003576
v -0.09994844 0.00632112 0.00128786
v -0.10499522 0.01002200 0.00148425
v -0.05459720 0.02516010 0.00164548
v -0.04979154 0.02633782 0.00149593
v 0.06652085 -0.02273957 0.00148809
v 0.03209916 -0.02988539 0.00125451
v 0.10215983 -0.00896711 0.00136558
v 0.07055807 -0.02181417 0.00155318
v -0.07490314 0.02092893 0.00141864
v -0.07179364 0.02169338 0.00329308
v -0.03384845 0.02995041 0.00335382
v -0.10383327 0.00904058 0.00319617
v 0.04833094 -0.02587098 0.00331688
v -0.09264422 0.01780792 0.00322577
v -0.10683564 0.01121258 0.00325205
v -0.05303539 0.02576388 0.00327756
v 0.02864478 -0.02998528 0.00314968
v 0.09911539 -0.00735005 0.00474942
v -0.10240050 0.00786621 0.00521385
v -0.06456880 0.02362332 0.00502233
v -0.06036347 0.02439629 0.00510764
v 0.05615823 -0.02417758 0.00525207
v 0.05939872 -0.02347062 0.00512879
v -0.05871397 0.02514040 0.00689224
v 0.09776111 -0.00656891 0.00703582
v -0.10125199 0.00671881 0.00709119
v -0.06832299 0.02339726 0.00704683
v 0.01235361 0.03992314 0.00777026
v 0.05182969 -0.02471848 0.00713947
v 0.06267226 -0.02286398 0.00713435
v -0.04985500 0.02722382 0.00712088
v 0.09980605 -0.00804129 0.00727469
v 0.07131856 -0.02070973 0.00770994
v -0.05268820 -0.02897285 0.00892818
v 0.04938823 0.02897835 0.00898243
v 0.01840484 0.04126020 0.00894925
v -0.01947389 -0.03882346 0.00863096
v -0.05864591 -0.02482327 0.00902082
v 0.05913073 0.02191336 0.00895249
v 0.05383875 0.02561466 0.00906211
v -0.06353201 -0.02128570 0.00888168
v -0.04774606 -0.03238390 0.00900564
v -0.05458041 -0.02791675 0.01057168
v 0.05798097 0.02258629 0.01044090
v -0.02375010 -0.03931805 0.01019307
v -0.06006154 -0.02418973 0.01041138
v 0.05514972 0.02459335 0.01045856
v 0.05257268 0.02644799 0.01046163
v 0.01415779 0.04072594 0.01062201
v -0.05715498 -0.02602851 0.01047238
v 0.00020484 0.03877755 0.01621846
v -0.06652182 -0.01906145 0.01197453
v -0.03079251 -0.04066287 0.01195388
v -0.02681081 -0.03965721 0.01197128
v 0.06191124 0.01986640 0.01189254
v 0.05111092 0.02747056 0.01221894
v -0.02154023 -0.03854969 0.01244979
v 0.04165745 0.03487981 0.01195030
v -0.04512978 -0.03505537 0.01200464
v -0.05614771 -0.02699400 0.01234477
v -0.02961819 -0.03998470 0.01384231
v -0.06711756 -0.01828492 0.01385852
v 0.06360051 0.01849986 0.01401174
v 0.06066108 0.02064873 0.01388915
v 0.04215932 0.03421952 0.01432815
v -0.02000987 -0.03806314 0.01383395
v -0.04708333 -0.03358237 0.01390527
v -0.06538373 -0.01997616 0.01386808
v -0.06769774 -0.01696958 0.01572989
v 0.06463006 0.01760611 0.01569790
v -0.01700326 -0.03724351 0.01558580
v 0.02156754 0.04277890 0.01579430
v 0.04300643 0.03350935 0.01564356
v 0.02493107 0.04352057 0.01574380
v -0.01236147 -0.03631741 0.01585948
v -0.07261742 -0.01254302 0.01571726
v -0.04815459 -0.03310671 0.01571667
v 0.06958951 0.01396592 0.01573108
v -0.06904283 -0.01552983 0.01784559
v -0.07096615 -0.01393576 0.01794489
v -0.01601049 -0.03678098 0.01786615
v 0.02237329 0.04333747 0.01791657
v 0.07109424 0.01259156 0.01772513
v 0.06867947 0.01451919 0.01819724
v 0.00310645 0.03957211 0.01759597
v 0.04604522 0.03099820 0.01959360
v 0.06649699 0.01576384 0.01962064
v -0.07071124 -0.01521149 0.02008695
v 0.01074831 0.04138497 0.01948705
v 0.01465594 0.04230981 0.01967430
v -0.05161941 -0.03158264 0.02007773
v 0.01696641 0.04297457 0.02136950
v -0.05370766 -0.03021539 0.02150720
v 0.00694833 0.04108172 0.02138879
v 0.04658792 0.03034769 0.02143647
v 0.04443107 0.03208091 0.02145166
v -0.05037844 -0.03226381 0.02151488
v 0.08399466 0.00166493 0.02318030
v 0.07911581 0.00527242 0.02349621
v -0.08997543 -0.00239383 0.02342370
v -0.00825744 -0.03444713 0.02336150
v -0.00461213 -0.03375149 0.02343376
v 0.08277048 0.00233277 0.02533405
v 0.07960194 0.00451084 0.02578091
v 0.08506274 0.00062783 0.02530675
v -0.09202762 -0.00086864 0.02537688
v -0.00785226 -0.03404971 0.02530837
v 0.08034634 0.00389086 0.02669850
v 0.07024076 0.01102361 0.02672273
v -0.07762354 -0.01132248 0.02703625
v -0.08779720 -0.00386419 0.02679158
v -0.01500941 -0.03527933 0.02685078
v 0.02925572 0.04235249 0.02703309
v 0.02810349 0.04339804 0.02807345
v -0.08619578 -0.00514788 0.02829842
v 0.07262264 0.00902354 0.02967021
v -0.03216412 -0.01306185 0.04004336
v -0.01253949 -0.03461339 0.02819331
v 0.07183616 0.00973545 0.02841410
v 0.06823930 0.01186260 0.02887614
v -0.08549415 -0.00594725 0.02995787
v -0.08067859 -0.00945590 0.03014471
v -0.04515081 -0.03789974 0.03010725
v 0.03096850 0.04007152 0.03012858
v -0.03420094 -0.03908599 0.03014163
v 0.03567517 0.03648792 0.03008098
v -0.07989689 -0.01090285 0.03199176
v -0.03862989 -0.03960509 0.03190415
v 0.02953626 0.04094354 0.03200882
v -0.04618707 -0.03626858 0.03186388
v -0.08223740 -0.00934098 0.03246370
v 0.03156619 0.03913508 0.03194638
v 0.07501619 0.00672482 0.03399510
v -0.04409988 -0.03884603 0.03539027
v -0.04277193 -0.03903261 0.03392447
v -0.08458853 -0.00787852 0.03405994
v 0.03386268 0.03777615 0.03386432
v 0.07319663 0.00787041 0.03597456
v 0.02166548 0.03480010 0.03614783
v 0.01441924 0.03193659 0.03600161
v 0.00648287 0.02925485 0.03604102
v 0.00096180 0.02620950 0.03617598
v -0.03450888 -0.03812643 0.03591715
v -0.08487279 -0.00681341 0.03598992
v 0.01834332 0.03057521 0.03647107
v 0.02451034 0.03333073 0.03657387
v 0.01019765 0.02749200 0.03651679
v 0.00510260 0.01802797 0.03751527
v 0.01338404 0.01639164 0.03823793
v -0.06943085 -0.00061178 0.03644394
v 0.00924323 0.01966431 0.03753404
v 0.00422350 0.02457323 0.03655902
v 0.00096180 0.02130057 0.03680113
v -0.05286780 -0.00488033 0.03772223
v -0.06529004 -0.00160773 0.03669979
v -0.06114941 -0.00160773 0.03682869
v -0.05700861 0.00002860 0.03674423
v -0.04872717 -0.00324400 0.03764852
v -0.03630493 -0.01142552 0.03957176
v -0.04044556 -0.00815292 0.03880559
v 0.02994691 0.01148272 0.03993331
v 0.01889310 0.01639164 0.03855734
v 0.02166548 0.01475538 0.03893569
v 0.02580628 0.01311905 0.03943970
v -0.01560125 -0.02124337 0.04223916
v -0.03194297 -0.01639403 0.04055019
v -0.02802332 -0.01523811 0.04055565
v -0.02388269 -0.01423321 0.04059898
v -0.02044810 -0.01288756 0.04057143
v 0.03383758 0.00833349 0.04056512
v 0.03738654 0.00984645 0.04058883
v 0.04096944 0.01148272 0.04063336
v 0.05447037 0.00357336 0.04257128
v -0.01146044 -0.02287970 0.04283437
v -0.00414845 -0.01960711 0.04258510
v -0.04735769 0.02075387 -0.03925079
v 0.05650259 -0.01107539 -0.03565760
v -0.05756846 0.01838997 -0.04549261
v -0.06190336 0.01752954 -0.04175303
v -0.01933971 0.01110535 -0.04359429
v -0.03800887 0.02265740 -0.03866761
v -0.01994747 0.00074107 -0.04238066
v -0.00862142 0.00831176 -0.04249881
v 0.02387200 -0.03413277 -0.02098234
v -0.09780627 0.01365101 -0.02042295
v -0.09997036 0.01342321 -0.01912223
v -0.04270935 0.02128702 -0.04182503
v 0.00296680 -0.00662270 -0.04031461
v -0.00551563 0.00692468 -0.04243543
v -0.05303521 0.01811397 -0.04661641
v 0.01098377 -0.00783626 -0.03910602
v -0.02236842 0.00225026 -0.04289278
v 0.01808965 -0.03490658 -0.01694963
v 0.02163101 -0.03435485 -0.01864884
v 0.01861255 -0.00086382 -0.03997695
v -0.10168084 0.01369341 -0.01484869
v -0.04210832 0.01254629 -0.04563363
v 0.01576027 -0.03528429 -0.01475220
v -0.03423294 0.01562587 -0.04558176
v -0.03493951 0.02352999 -0.03703980
v 0.02847030 -0.02298204 -0.03594988
v -0.02251727 0.00939098 -0.04351674
v -0.09396757 0.01498088 -0.01661376
v 0.09274225 -0.01948807 -0.01304813
v -0.01006479 0.03268629 -0.01291769
v 0.10376973 -0.01871615 -0.02054998
v 0.01467504 -0.00233907 -0.04005228
v 0.11144906 -0.01568610 -0.01306109
v -0.05956090 0.01813583 -0.04356332
v -0.02733778 0.02957807 -0.01134013
v 0.09454201 -0.01885852 -0.01103514
v 0.08954826 -0.01992531 -0.01107089
v 0.10891126 -0.01262168 -0.01103446
v 0.02497031 -0.03364552 -0.01874319
v 0.05600726 -0.01275343 -0.03579035
v -0.09216480 0.00189693 -0.00916591
v -0.00088339 -0.00817276 -0.04036597
v -0.10286542 0.01311954 -0.01709457
v -0.09486471 0.01451291 -0.01879293
v -0.00516739 0.03398445 -0.00924652
v 0.00316655 -0.01107211 -0.03921957
v -0.01649326 0.03191989 -0.00904715
v -0.09107038 0.00097719 -0.00752812
v 0.10315490 -0.01653102 -0.00792669
v 0.02487220 -0.00245454 -0.03919781
v 0.03177725 -0.02134676 -0.03575707
v 0.09644218 -0.01821297 -0.00929677
v -0.10519268 0.01262013 -0.01484604
v -0.01377869 0.03262873 -0.00721707
v -0.00845825 0.03352255 -0.00723917
v -0.00377669 0.03435092 -0.00757231
v 0.10783912 -0.01561247 -0.00739708
v 0.11115314 -0.01411040 -0.00738096
v 0.08103683 -0.02091323 -0.00605105
v 0.10503951 -0.01624922 -0.00862717
v 0.09557792 -0.00387068 -0.00583735
v 0.09377798 -0.00238510 -0.00570094
v -0.08019705 0.01896189 -0.00591720
v 0.04089820 -0.02910585 -0.00576884
v -0.04096652 0.02731582 -0.00595712
v -0.03032565 0.02869403 -0.01297066
v -0.04214844 0.01721917 -0.04664541
v -0.04676177 0.01581197 -0.04676067
v -0.03866295 0.01733038 -0.04642139
v 0.09660446 -0.00504938 -0.00430057
v 0.09173197 -0.00064196 -0.00416757
v -0.09364230 0.00251663 -0.00424512
v -0.08352522 0.01858739 -0.00430014
v -0.01905104 0.02981985 -0.02007608
v 0.00302319 -0.03661339 -0.00421005
v 0.03815287 -0.02954281 -0.00416706
v -0.00116871 -0.03743715 -0.00435679
v -0.02687144 0.00813405 -0.04364530
v -0.03053619 0.00692161 -0.04367388
v -0.04625831 0.01414839 -0.04632379
v -0.07894071 0.01956148 -0.00421184
v 0.01837338 -0.00526286 -0.03919210
v -0.04498234 0.02104391 -0.04029004
v -0.03747961 0.02848362 -0.00256902
v -0.01277690 0.00965463 -0.04256971
v 0.08570125 -0.01965286 -0.00256160
v 0.10677863 -0.01147197 -0.00230285
v -0.04672147 0.02654774 -0.00255716
v -0.08670224 0.01808672 -0.00234295
v -0.09566957 0.00356588 -0.00245726
v 0.10354681 -0.00980120 -0.00247185
v -0.09850117 0.00540319 -0.00246708
v 0.00586080 -0.03584315 -0.00253123
v 0.07446995 -0.02181110 -0.00230336
v 0.07690982 -0.02080341 -0.00096570
v -0.03489602 0.02923556 -0.00055706
v 0.08199355 -0.01986488 -0.00056790
v 0.08610306 -0.01907640 -0.00033960
v 0.09419376 -0.00357344 -0.00036178
v -0.08932825 0.01790349 -0.00012718
v 0.10526137 -0.01064123 -0.00055646
v -0.09692981 0.00439404 -0.00072162
v -0.03932109 0.02815900 -0.00052336
v -0.10384264 0.00913426 0.00133163
v -0.05268554 0.02566203 0.00137130
v 0.06900350 -0.02233747 0.00097545
v -0.03304500 0.02987511 0.00148075
v 0.04788440 -0.02625492 0.00141386
v -0.09189080 0.01763377 0.00123360
v -0.10677659 0.01121817 0.00147648
v 0.02904500 -0.03055008 0.00136891
v -0.07207206 0.02156575 0.00133555
v 0.04552938 -0.02650494 0.00352991
v -0.10510129 0.01003884 0.00327756
v -0.05494156 0.02526838 0.00341789
v -0.05007191 0.02651268 0.00333343
v 0.06625251 -0.02262836 0.00327440
v 0.10202883 -0.00903082 0.00317510
v 0.07036326 -0.02152930 0.00326655
v -0.07485010 0.02108681 0.00338368
v -0.09989541 0.00607026 0.00333992
v 0.04345049 -0.02682823 0.00471367
v -0.10127019 0.00690093 0.00523961
v 0.09780265 -0.00650716 0.00515848
v -0.06842641 0.02294486 0.00522724
v -0.06632896 0.02353872 0.00601943
v 0.05237204 -0.02495662 0.00523637
v -0.05720448 0.02508277 0.00522809
v 0.06283525 -0.02306426 0.00533064
v -0.04875422 0.02712532 0.00541663
v 0.10021246 -0.00813539 0.00522664
v -0.10285712 0.00807076 0.00722896
v -0.06065921 0.02479664 0.00705928
v 0.05498868 -0.02401432 0.00697960
v -0.05678304 0.02560719 0.00710501
v 0.05906444 -0.02327195 0.00699342
v -0.05441106 -0.02777682 0.00890608
v 0.01484864 0.04062695 0.00897467
v -0.02289398 -0.03945525 0.00868564
v -0.05720978 -0.02578254 0.00898175
v 0.05773508 0.02287864 0.00914393
v -0.05975571 -0.02413524 0.00913258
v 0.05520841 0.02463680 0.00885686
v 0.05269271 0.02640049 0.00901067
v -0.05322118 -0.02887623 0.01045353
v 0.04924434 0.02909941 0.01046786
v 0.01759344 0.04137442 0.01063677
v -0.02120594 -0.03883897 0.01006784
v -0.05849618 -0.02519588 0.01048885
v 0.05908600 0.02186061 0.01046453
v 0.05378130 0.02560397 0.01044755
v -0.06397200 -0.02125064 0.01026064
v 0.06071447 0.02074339 0.01181218
v -0.06760599 -0.01815904 0.01213534
v 0.06368749 0.01852773 0.01198997
v -0.01944737 -0.03821207 0.01197837
v -0.04660603 -0.03363553 0.01194637
v -0.06529358 -0.02014836 0.01208278
v -0.06636325 -0.01895793 0.01387174
v 0.05116359 0.02741195 0.01399297
v -0.05615813 -0.02725192 0.01389282
v 0.06167595 0.01992110 0.01380273
v -0.02720590 -0.03946601 0.01391798
v 0.04118051 0.03504006 0.01386517
v -0.02167281 -0.03840341 0.01380281
v -0.04557985 -0.03501220 0.01396797
v -0.03160799 -0.04054076 0.01408109
v -0.06884678 -0.01559480 0.01569875
v -0.07095996 -0.01380352 0.01548113
v -0.01500074 -0.03683170 0.01581938
v -0.01761279 -0.03714591 0.01719544
v 0.07131732 0.01260329 0.01564219
v 0.00277358 0.03924916 0.01572093
v 0.00039435 0.03903051 0.01781155
v 0.06439282 0.01763664 0.01782887
v -0.06754801 -0.01696560 0.01766601
v -0.07264888 -0.01259912 0.01771353
v 0.04290284 0.03348490 0.01762694
v 0.02061472 0.04288201 0.01750639
v -0.01240796 -0.03605000 0.01771694
v -0.04839961 -0.03322351 0.01776258
v 0.02470409 0.04378169 0.01757481
v 0.06962434 0.01384207 0.01741264
v 0.06509339 0.01687114 0.01918693
v 0.04682109 0.03040050 0.01965809
v 0.00698121 0.04063973 0.01964931
v 0.04457992 0.03210599 0.01962636
v -0.05033088 -0.03226179 0.01951648
v -0.05288725 -0.03047058 0.01952936
v 0.01813791 0.04288319 0.01956980
v 0.00989660 0.04154753 0.02092060
v -0.05160845 -0.03158431 0.02094927
v 0.06586908 0.01548636 0.02133470
v 0.04583326 0.03093833 0.02122815
v 0.01452655 0.04253558 0.02137957
v -0.07140650 -0.01513339 0.02167782
v 0.01877837 0.04337834 0.02146872
v -0.09207482 -0.00084517 0.02342310
v 0.08298526 0.00240842 0.02354373
v 0.08528954 0.00067478 0.02348435
v 0.08377669 0.00159493 0.02519380
v 0.07870958 0.00523421 0.02531554
v -0.08988192 -0.00241409 0.02536869
v -0.00935504 -0.03436770 0.02526017
v -0.00507617 -0.03356274 0.02523176
v 0.02811586 0.04367398 0.02666037
v -0.01215712 -0.03472795 0.02688039
v -0.08612860 -0.00531770 0.02698992
v 0.07232318 0.00988453 0.02717334
v 0.08045153 0.00356078 0.02810109
v -0.08778888 -0.00378308 0.02818700
v 0.02873830 0.04226468 0.02844114
v -0.04820833 -0.03576952 0.02868769
v -0.01618019 -0.03530295 0.02849088
v -0.07760604 -0.01149593 0.02870390
v 0.07000335 0.01099225 0.02828929
v 0.03233145 0.03913906 0.03011101
v -0.03818371 -0.03976353 0.03021167
v 0.03008833 0.04075234 0.03018326
v -0.04649520 -0.03655793 0.03031993
v -0.07875933 -0.01102999 0.03037265
v 0.03499193 0.03630315 0.03156760
v -0.08599054 -0.00673210 0.03213755
v -0.08136643 -0.00967741 0.03177268
v -0.04504916 -0.03772140 0.03200584
v 0.03075301 0.03995325 0.03227209
v -0.03472861 -0.03893321 0.03205020
v 0.03467833 0.03699103 0.03372860
v 0.07325161 0.00798853 0.03392677
v -0.03350850 -0.03843960 0.03395467
v 0.01441924 0.03070934 0.03619151
v 0.02166548 0.03316384 0.03634131
v 0.01863960 0.03193659 0.03627903
v 0.00096180 0.02457323 0.03638149
v 0.00510260 0.02784583 0.03620183
v 0.01032352 0.02909082 0.03624721
v -0.04237808 -0.03907704 0.03610005
v 0.03401454 0.03806250 0.03597806
v 0.07493081 0.00663890 0.03589915
v -0.08337248 -0.00806546 0.03590631
v 0.02486513 0.03478641 0.03645819
v 0.00924323 0.01802797 0.03776591
v 0.01752485 0.01600631 0.03852654
v -0.06943085 -0.00160773 0.03661985
v 0.00510260 0.01966431 0.03727589
v -0.06529004 -0.00042806 0.03651108
v -0.05286780 -0.00324400 0.03744719
v -0.05700861 -0.00160773 0.03699667
v -0.04458636 -0.00651666 0.03836197
v -0.04872717 -0.00488033 0.03791077
v -0.03216412 -0.01469818 0.04028982
v -0.04043159 -0.00652113 0.03855665
v -0.04512642 -0.00803591 0.03856919
v -0.03630493 -0.00978925 0.03929552
v -0.02388269 -0.01306185 0.04043467
v -0.02802332 -0.01306185 0.04023889
v 0.02994691 0.00821012 0.04035730
v 0.02166548 0.01311905 0.03916927
v 0.02994691 0.00984645 0.04014675
v 0.03408772 0.01148272 0.04019180
v 0.03822852 0.01098051 0.04051035
v 0.02580628 0.01475538 0.03920424
v -0.01146044 -0.02147488 0.04252350
v 0.04650996 0.00166493 0.04227183
v 0.03408772 0.00657386 0.04079554
v -0.02802332 -0.01633444 0.04071245
v -0.01974188 -0.01469818 0.04086362
v 0.05065077 0.00330119 0.04233411
v 0.05547994 0.00493753 0.04252120
v 0.05065077 0.00493753 0.04214379
v -0.00731964 -0.01797078 0.04210275
v 0.04236916 0.00984645 0.04091361
v -0.01572747 -0.02285455 0.04255908
v -0.00731964 -0.02009136 0.04249407
v -0.00317901 -0.01855094 0.04244877
v -0.00605834 -0.00187822 -0.04131837
v 0.00588890 0.00590113 -0.04133134
v 0.05767356 0.02857653 -0.03867725
v -0.03830940 -0.01243369 -0.04204198
v -0.01662178 -0.00380334 -0.04221328
v 0.00009224 0.00046947 -0.04115304
v 0.02864655 0.01262488 -0.04046578
v 0.05929088 0.02440865 -0.04088790
v 0.04408495 0.03662742 -0.01870864
v -0.05583588 -0.02134222 -0.04023817
v -0.05002011 -0.02026251 -0.04237418
v 0.04280403 0.03778202 -0.02053932
v -0.07405196 -0.01017354 -0.01892200
v 0.05873952 0.02742375 -0.03687430
v -0.04640468 -0.01565075 -0.04244712
v 0.01827827 0.00815354 -0.04081206
v 0.00048822 0.03443077 -0.01641115
v -0.06060318 -0.01409448 -0.04377182
v -0.03484016 -0.01389210 -0.04134678
v -0.07530636 -0.00948279 -0.02063017
v -0.05825700 -0.01904210 -0.03683412
v -0.01258916 -0.00542689 -0.04178562
v 0.00379800 0.00238264 -0.04102840
v -0.08801852 -0.00077245 -0.01480458
v -0.05719298 -0.01232458 -0.04362227
v -0.01978837 -0.00773371 -0.04148806
v -0.07767587 -0.00831653 -0.01492751
v -0.00184788 0.03409133 -0.01480066
v -0.08219020 -0.00525441 -0.01478744
v -0.03046406 -0.00228639 -0.04325398
v -0.07866935 -0.00771247 -0.01302842
v -0.03588544 -0.03825986 -0.01308157
v 0.00267458 0.03524174 -0.01481491
v -0.03082169 -0.00950934 -0.04174373
v 0.03623431 0.01571270 -0.04081231
v 0.00701515 0.03509664 -0.02049939
v -0.08013695 -0.00671261 -0.01113410
v 0.03280591 0.01405897 -0.04048634
v -0.05373966 -0.01691034 -0.04318138
v 0.02460120 0.01097807 -0.04047329
v 0.02177349 0.00945442 -0.04065662
v -0.08507519 -0.00267843 -0.01880607
v -0.03729505 -0.03760571 -0.01096561
v 0.04213174 0.03699270 -0.00902267
v 0.07862596 0.00976360 -0.00907496
v -0.05777264 -0.02013593 -0.03871786
v 0.00683590 0.00402456 -0.04100648
v 0.02883004 0.04055632 -0.00910849
v 0.05557947 0.02188814 -0.04233647
v -0.00109623 0.00237615 -0.04164358
v 0.03691543 0.04087557 -0.01299941
v 0.08229495 0.00691294 -0.00732081
v 0.03956319 0.03951231 -0.01303482
v 0.04498509 0.02050420 -0.04155503
v -0.07289160 -0.01127001 -0.02032638
v 0.04092259 0.03793584 -0.00727031
v -0.04198634 -0.01710434 -0.04175585
v -0.05517756 -0.02461279 -0.00577866
v 0.07704275 0.01098568 -0.00724207
v 0.08082365 0.00812951 -0.00916923
v -0.05336383 -0.02307439 -0.03695304
v -0.02679826 -0.01092394 -0.04136146
v 0.03186741 0.04149443 -0.00760029
v -0.08131004 -0.00582661 -0.01682772
v 0.07601586 0.01189550 -0.00903734
v -0.03537367 -0.03929241 -0.00751481
v -0.05480332 -0.02220866 -0.03874891
v -0.04188346 -0.03477769 -0.00588828
v -0.00875842 -0.00079264 -0.04178016
v -0.04443257 -0.03285907 -0.00549227
v 0.07316145 0.01408769 -0.00578787
v 0.02382409 0.04001249 -0.00626015
v 0.05515998 0.02764590 -0.00585441
v 0.01432997 0.00671420 -0.04085386
v 0.05264923 0.02907175 -0.00557238
v -0.08631475 -0.00192698 -0.01683608
v 0.01088619 0.00552845 -0.04092518
v -0.05115148 -0.01568596 -0.04320663
v 0.06486146 0.02073913 -0.00426235
v -0.08379356 -0.00386977 -0.01673277
v 0.01398296 0.03781520 -0.00594723
v -0.02774489 -0.00065810 -0.04313284
v 0.08575552 0.00551007 -0.01874626
v -0.03828058 -0.03658846 -0.01300709
v 0.04056993 0.01725389 -0.04079653
v 0.03677631 0.01743677 -0.04137826
v -0.04363725 -0.03359075 -0.00431644
v -0.05409074 -0.02570430 -0.00432599
v 0.02157019 0.04001947 -0.00409429
v 0.07492144 0.01270752 -0.00418122
v 0.02483932 0.04054550 -0.00432608
v -0.04781677 -0.03081554 -0.00294038
v -0.05993797 -0.01840452 -0.03876393
v -0.06379787 -0.01860459 -0.00427523
v 0.05219915 0.02303861 -0.04258822
v 0.04859504 0.01895791 -0.04155537
v -0.03349719 -0.04054998 -0.00905944
v 0.06518443 0.01998132 -0.00251417
v -0.05392298 -0.01865824 -0.04263488
v 0.04450214 0.01880828 -0.04060458
v -0.05045976 -0.02902279 -0.00244686
v -0.05257259 -0.02748252 -0.00247322
v -0.02221109 -0.00685812 -0.04197091
v 0.06286265 0.02138517 -0.00246648
v 0.01752591 0.03953830 -0.00253302
v -0.01957801 -0.04049891 -0.00247748
v 0.05701895 0.02497701 -0.00205068
v 0.05949011 0.02318413 -0.00246000
v 0.06083909 0.02230861 -0.00043788
v 0.06581640 0.01872543 -0.00047158
v 0.01493472 0.03906327 -0.00055186
v -0.04640999 -0.03199249 -0.00038320
v -0.02358623 -0.04095487 -0.00054708
v -0.05668758 -0.02429948 -0.00057335
v 0.05538872 0.02585176 -0.00057003
v 0.04848968 0.03057731 0.00136422
v -0.01610277 -0.03935948 0.00142248
v 0.06960967 0.01518577 0.00159583
v 0.04579685 0.03248965 0.00152810
v -0.00571663 -0.03743666 0.00125869
v 0.06710634 0.01724585 0.00152835
v 0.08832072 0.00203084 0.00142632
v 0.00267617 0.03687534 0.00147819
v -0.04919280 -0.03042343 0.00331125
v -0.07070470 -0.01520444 0.00328208
v 0.04649546 0.03174818 0.00327312
v -0.00833981 -0.03758266 0.00322270
v 0.06807578 0.01611822 0.00322876
v -0.00442758 -0.03688192 0.00347471
v 0.08884451 0.00081966 0.00330255
v 0.00383972 0.03733521 0.00371017
v -0.00061062 0.03642966 0.00335058
v 0.00697590 0.03817392 0.00531434
v -0.03138878 -0.04173329 0.00529063
v -0.07008050 -0.01596916 0.00515285
v -0.07246893 -0.01414240 0.00520301
v 0.02528480 0.04207006 0.00537073
v -0.07481581 -0.01237879 0.00521521
v 0.07208772 0.01316173 0.00553623
v -0.01258227 -0.03808675 0.00518791
v 0.04267587 0.03461191 0.00516027
v -0.07402491 -0.01324990 0.00699624
v -0.06842004 -0.01726920 0.00715159
v -0.01526272 -0.03838560 0.00715363
v 0.07034311 0.01422775 0.00723920
v 0.04377276 0.03349887 0.00718102
v -0.08928618 0.01949637 0.00934449
v -0.03885245 0.02956899 0.00887733
v 0.04195055 -0.02652799 0.00932862
v 0.08155691 -0.01857553 0.00905367
v 0.10306792 -0.00991681 0.00909769
v -0.09971527 0.00534249 0.00885089
v 0.03230263 -0.02847043 0.00866269
v -0.08019935 0.02135087 0.00889602
v 0.09362543 -0.00387837 0.01032931
v -0.10894352 0.01165792 0.01044755
v 0.08416560 -0.01794507 0.01039705
v -0.09250262 0.01917140 0.01043911
v -0.09780732 0.00390595 0.01047733
v -0.08735384 0.02002980 0.01039577
v 0.10512224 -0.01101259 0.01045617
v 0.02877117 -0.02890921 0.01042529
v 0.03313825 -0.02800141 0.01046632
v -0.08276827 0.02106271 0.01076858
v -0.08475487 0.02075450 0.01145362
v -0.00526903 0.03699459 0.01180877
v 0.09143711 -0.00255080 0.01194108
v 0.08880315 -0.00068730 0.01212203
v -0.09373864 0.00077286 0.01194782
v -0.04608030 0.02863389 0.01207767
v 0.03618764 -0.02716215 0.01199321
v 0.07528365 -0.01908157 0.01265914
v -0.10076143 0.00585168 0.01389103
v 0.07299546 -0.01943596 0.01341141
v 0.09510186 -0.00579720 0.01391082
v 0.07805763 -0.01823127 0.01396388
v 0.09004871 -0.00183882 0.01388719
v -0.09594392 0.00234010 0.01391679
v -0.04312177 0.02954252 0.01379624
v -0.00864316 0.03666528 0.01393308
v -0.00439594 0.03750895 0.01392822
v 0.05081588 -0.02387174 0.01522895
v -0.05096763 0.02814146 0.01521419
v 0.07897775 -0.01770734 0.01589531
v -0.06105926 0.02623038 0.01569628
v 0.05971197 -0.02200362 0.01566139
v 0.09924833 -0.00841957 0.01562846
v 0.07031518 -0.01961179 0.01567239
v 0.09645526 -0.00674886 0.01571846
v -0.10223557 0.00690484 0.01570319
v -0.04192765 0.03014608 0.01584284
v 0.07109458 -0.01918384 0.01817830
v -0.10355697 0.00807607 0.01781121
v -0.05383000 0.02790744 0.01775251
v -0.04993632 0.02873392 0.01770824
v -0.04478170 0.02983068 0.01775738
v 0.06261658 -0.02104169 0.01766925
v 0.06608192 -0.02028807 0.01774595
v 0.09823910 -0.00789690 0.01766123
v 0.08475921 -0.01639424 0.01935883
v -0.07715650 0.02351196 0.01964709
v -0.03992796 0.03124396 0.02067269
v 0.04422000 -0.02483444 0.01956630
v -0.03817999 0.03149921 0.01969443
v 0.10244267 -0.01049153 0.02007125
v -0.05747406 0.02745449 0.01959505
v 0.06372072 -0.02042402 0.01964461
v 0.04733639 -0.02374935 0.02095541
v 0.08169002 -0.01674485 0.02126415
v 0.08596465 -0.01584398 0.02145311
v -0.06046229 0.02717080 0.02145507
v 0.10034964 -0.00938772 0.02141131
v -0.10566185 0.00970443 0.02142922
v -0.03469768 0.03251745 0.02139629
v 0.09800223 -0.01329356 0.02380145
v 0.08911940 -0.01500988 0.02323115
v -0.02289150 0.03526633 0.02346959
v 0.10120347 -0.01224976 0.02522025
v -0.02941207 0.03428414 0.02676582
v 0.09305992 -0.01364131 0.02674773
v -0.10926402 0.01863818 0.02671105
v 0.08936689 -0.01425710 0.02823077
v -0.03178388 0.03390048 0.02808796
v 0.09436594 -0.01305081 0.02880311
v -0.02735457 0.03489420 0.02827137
v -0.11192238 0.01803866 0.02809299
v 0.01754730 -0.02822118 0.03008030
v -0.11398005 0.01758326 0.02983597
v 0.00692270 -0.03041588 0.03023368
v -0.10629842 0.02042379 0.03023906
v -0.09551577 0.02188653 0.03018557
v 0.02575272 -0.02660497 0.03029937
v 0.00137952 -0.03124774 0.03320479
v 0.00964063 -0.02971731 0.03207136
v 0.01441111 -0.02870466 0.03202230
v 0.01828498 -0.02790815 0.03212126
v 0.08570001 -0.00072048 0.03203083
v -0.09540829 0.02249876 0.03246523
v -0.11481709 0.01517159 0.03230340
v -0.09679581 0.02078251 0.03311027
v -0.09794892 0.02160424 0.03244331
v -0.10462717 0.01802797 0.03291618
v -0.10183199 0.02037287 0.03265829
v -0.01606794 0.03497886 0.03410524
v -0.03126398 0.02912638 0.03405900
v -0.02802332 0.02784583 0.03437371
v -0.07771228 0.01148272 0.03404527
v 0.02150249 -0.02708824 0.03404953
v -0.11005085 0.01262334 0.03388531
v 0.00082550 -0.03109992 0.03466769
v -0.11339138 0.01441133 0.03402633
v -0.11738865 0.01564725 0.03392344
v -0.11209191 0.01287399 0.03589079
v -0.02388269 0.02620950 0.03475675
v -0.08702397 0.00531441 0.03525497
v -0.06529004 0.00821012 0.03509476
v -0.06943085 0.00821012 0.03489018
v -0.07266179 0.00960559 0.03453666
v -0.08013766 0.00214953 0.03578995
v -0.06943085 0.00657386 0.03516693
v -0.00427679 0.03219695 0.03506677
v -0.00731964 0.03111842 0.03501960
v -0.01226442 0.03327840 0.03444537
v -0.01974188 0.02620950 0.03497660
v -0.02388269 0.02457323 0.03496705
v 0.00313137 -0.03043551 0.03591032
v -0.00142327 -0.03140045 0.03579345
v -0.08335410 0.00085473 0.03645170
v -0.11009168 0.01431689 0.03577715
v -0.04458636 0.00166493 0.03709068
v -0.01560125 0.01475538 0.03676931
v -0.03630493 0.00330119 0.03728553
v -0.00317901 0.01639164 0.03724586
v -0.01146044 0.01311905 0.03723451
v 0.03408772 -0.00160773 0.04195695
v 0.02994691 0.00002860 0.04146616
v 0.00096180 -0.01306185 0.04175724
v 0.00924323 -0.01508421 0.04255387
v 0.00303220 -0.02310283 0.04407487
v 0.01432502 -0.01960711 0.04385562
v 0.00523642 -0.01638516 0.04254952
v 0.01856005 -0.01837986 0.04382849
v 0.03713216 -0.00488033 0.04259670
v 0.04650996 -0.00651666 0.04344630
v 0.04109266 -0.00324400 0.04260173
v 0.04344643 0.01983846 -0.04093090
v -0.05882923 -0.01909869 -0.03824635
v -0.03834263 -0.01404152 -0.04186009
v 0.03537447 0.01690523 -0.04105118
v -0.03364622 -0.01434037 -0.04095828
v -0.02780906 -0.00231483 -0.04302458
v 0.00735915 0.00535234 -0.04109444
v 0.04079001 0.01576845 -0.04104504
v -0.01956369 -0.00680265 -0.04187349
v 0.05922954 0.02737457 -0.03880120
v 0.05564329 0.02332021 -0.04189738
v -0.00895959 -0.00220501 -0.04157414
v 0.06153382 0.02443401 -0.04015013
v 0.08667900 0.00514933 -0.02053283
v -0.07428424 -0.01042712 -0.02109836
v -0.08493801 -0.00269101 -0.02069885
v 0.05950531 0.02581816 -0.04043413
v 0.04269301 0.03770497 -0.01886894
v 0.08717133 0.00441814 -0.01874063
v -0.07528957 -0.00941426 -0.01861881
v -0.05929892 -0.01826725 -0.03692207
v -0.00154878 0.00103789 -0.04150938
v 0.02865309 0.01411074 -0.04050954
v -0.07727088 -0.00848572 -0.01694988
v -0.08806041 -0.00073347 -0.01675990
v 0.00303061 0.03493003 -0.01681569
v -0.07414441 -0.01031255 -0.02017052
v -0.01683338 -0.00540565 -0.04209700
v -0.08137138 -0.00588103 -0.01530399
v -0.06015416 -0.01244445 -0.04398569
v -0.00006934 0.03453939 -0.01491480
v -0.08387682 -0.00388591 -0.01484357
v 0.01000974 0.03551802 -0.02067283
v -0.08018609 -0.00668334 -0.01298926
v -0.02714474 -0.00940888 -0.04170619
v -0.03676331 -0.03764267 -0.01304855
v -0.00124401 0.03390139 -0.01695492
v 0.02470568 0.00939839 -0.04026283
v -0.03047450 -0.01091332 -0.04128289
v -0.03895569 -0.03645279 -0.01095580
v -0.01216896 -0.00380683 -0.04191811
v -0.07870329 -0.00779204 -0.01095341
v -0.03596516 -0.03846733 -0.01116353
v 0.03263498 0.01257745 -0.04053002
v 0.07692414 0.01108111 -0.00911668
v -0.05118949 -0.01678572 -0.04310204
v 0.02128293 0.01091317 -0.04082528
v 0.00656649 0.03530587 -0.01875215
v -0.05697926 -0.01402427 -0.04370442
v -0.03499997 -0.01232101 -0.04156117
v 0.04083385 0.03820794 -0.00908281
v -0.08221230 -0.00513607 -0.01665232
v 0.08231369 0.00694934 -0.00913417
v -0.03554002 -0.03901739 -0.00907855
v 0.00212410 0.00240996 -0.04119962
v -0.05479608 -0.02190974 -0.03682636
v -0.00467524 -0.00243344 -0.04111030
v 0.04191891 0.03697426 -0.00712775
v -0.05723082 -0.01996093 -0.03687703
v -0.03363861 -0.04061313 -0.00723542
v 0.07886478 0.00953901 -0.00737942
v 0.03275871 0.04133516 -0.00906251
v 0.01633886 0.03845321 -0.00573173
v -0.04212051 -0.01565564 -0.04197450
v 0.07600826 0.01187832 -0.00731151
v 0.08096100 0.00795898 -0.00724036
v 0.02888166 0.04086761 -0.00738565
v -0.05345116 -0.02321872 -0.03879813
v 0.05213215 0.02168849 -0.04267882
v -0.00511400 -0.00056574 -0.04158770
v -0.04337863 -0.03360821 -0.00577456
v 0.02121894 0.03961751 -0.00587574
v -0.05410135 -0.02558331 -0.00577439
v 0.07502910 0.01256829 -0.00577848
v 0.02603008 0.04045692 -0.00586687
v 0.03712650 0.04093718 -0.01101663
v 0.01488311 0.00789066 -0.04100588
v 0.04423538 0.03671789 -0.02052644
v -0.07261936 -0.01107281 -0.01872741
v 0.01089096 0.00393047 -0.04082690
v -0.05413529 -0.01560891 -0.04346402
v -0.06391119 -0.01861269 -0.00577559
v -0.04636120 -0.01714136 -0.04230789
v -0.05039629 -0.01852348 -0.04258472
v -0.05412114 -0.02019195 -0.04212226
v 0.01723652 0.00688661 -0.04065568
v -0.04196406 -0.03490280 -0.00429656
v -0.04454447 -0.03290454 -0.00430253
v -0.08626454 -0.00205440 -0.01463183
v 0.01439485 0.03829784 -0.00434484
v -0.05526400 -0.02460957 -0.00425629
v 0.05497984 0.02745365 -0.00420843
v 0.07313317 0.01410410 -0.00423548
v 0.05255324 0.02892596 -0.00415187
v 0.04804544 0.02018202 -0.04219605
v -0.03053548 -0.00066864 -0.04338715
v 0.04734293 0.01834764 -0.04087604
v -0.04619432 -0.03192913 -0.00252347
v 0.06628839 0.01876301 -0.00252756
v 0.00314339 0.00075546 -0.04086521
v 0.03948364 0.03947850 -0.01103463
v -0.02309073 -0.00807091 -0.04170568
v 0.06075247 0.02232335 -0.00257073
v 0.01532610 0.03898559 -0.00255094
v -0.05603475 -0.02426469 -0.00234491
v -0.02290158 -0.04108781 -0.00247074
v 0.05592047 0.02587104 -0.00260758
v -0.05064448 -0.02898570 -0.00055194
v -0.05279285 -0.02754706 -0.00058078
v 0.01847537 0.03988081 -0.00061140
v 0.06265299 0.02145852 -0.00064638
v -0.05552510 -0.02531408 -0.00005271
v 0.05679286 0.02489304 -0.00058973
v -0.02042035 -0.04032714 -0.00042508
v 0.05920550 0.02335912 -0.00048020
v -0.07049646 -0.01510286 0.00197461
v -0.04875192 -0.03047771 0.00147102
v 0.04691248 0.03172904 0.00135415
v -0.01356974 -0.03872133 0.00140610
v -0.00851128 -0.03790072 0.00144876
v 0.08946287 0.00072123 0.00139296
v 0.06817972 0.01612619 0.00150088
v -0.00392748 -0.03699328 0.00155821
v -0.00133240 0.03612829 0.00142922
v -0.00595952 -0.03727257 0.00282132
v 0.08790229 0.00201464 0.00327824
v 0.01183301 0.03885104 0.00340083
v -0.01637482 -0.03916297 0.00326527
v 0.04814656 0.03046798 0.00316469
v 0.06969257 0.01519520 0.00323627
v 0.06683835 0.01724669 0.00327849
v 0.00220772 0.03692899 0.00301301
v 0.04552638 0.03244054 0.00330793
v 0.00858015 0.03842037 0.00484010
v -0.07384743 -0.01306185 0.00470250
v -0.06835198 -0.01718167 0.00523987
v -0.01406118 -0.03835088 0.00569645
v 0.04398471 0.03348763 0.00523509
v 0.07085329 0.01418206 0.00530811
v 0.04250103 0.03459556 0.00657011
v 0.00640297 0.03833515 0.00688440
v -0.03157316 -0.04158491 0.00705988
v -0.06999494 -0.01606731 0.00706124
v -0.07291387 -0.01405710 0.00721847
v -0.07520507 -0.01243390 0.00715389
v 0.02532722 0.04242025 0.00707993
v -0.01226690 -0.03775479 0.00719177
v 0.07193056 0.01292086 0.00708999
v 0.08466057 -0.01794269 0.00868368
v -0.10873810 0.01160420 0.00898764
v 0.09381351 -0.00381934 0.00907295
v -0.09156040 0.01905306 0.00899054
v 0.10532554 -0.01102125 0.00899216
v -0.08750569 0.01970399 0.00879646
v -0.09774404 0.00395995 0.00899625
v -0.08271117 0.02086585 0.00948380
v 0.02910900 -0.02910082 0.00902313
v 0.03393074 -0.02804549 0.00929015
v -0.03975047 0.02965247 0.01060606
v 0.04147714 -0.02647029 0.01043860
v 0.08163735 -0.01841912 0.01042802
v 0.10341370 -0.01021224 0.01045105
v 0.03164114 -0.02827483 0.01044662
v -0.09964810 0.00519250 0.01045617
v -0.09079337 0.01951614 0.01069325
v -0.07942419 0.02182743 0.01049729
v -0.01039501 0.03587604 0.01122960
v -0.10070097 0.00586558 0.01190560
v -0.00374204 0.03740800 0.01256240
v 0.09542006 -0.00567656 0.01194527
v 0.07783772 -0.01876589 0.01207323
v 0.09051576 -0.00191266 0.01198937
v -0.09568742 0.00229672 0.01198655
v -0.00846815 0.03641862 0.01210625
v -0.04208056 0.02943061 0.01185176
v 0.07388800 -0.01971874 0.01191114
v -0.00596641 0.03712327 0.01344229
v 0.07452970 -0.01890008 0.01404825
v 0.09127094 -0.00268186 0.01405047
v 0.08834300 -0.00062624 0.01381126
v -0.09385920 0.00074310 0.01388181
v -0.08638617 0.02094199 0.01426230
v -0.04638171 0.02893364 0.01389520
v 0.03628257 -0.02692198 0.01371784
v -0.04945372 0.02856473 0.01587731
v -0.10392060 0.00829625 0.01553479
v -0.05876612 0.02666839 0.01587671
v 0.05761151 -0.02248026 0.01564739
v 0.06283401 -0.02128570 0.01572435
v -0.05342464 0.02771995 0.01578202
v 0.06681766 -0.02036883 0.01583670
v 0.09817723 -0.00777933 0.01587432
v 0.06976081 -0.01951259 0.01756876
v -0.10199851 0.00677749 0.01759896
v 0.09646622 -0.00677206 0.01769408
v 0.07878364 -0.01763197 0.01780942
v -0.06060583 0.02658742 0.01752866
v 0.05967237 -0.02168536 0.01787135
v 0.09935775 -0.00863242 0.01781496
v -0.04197149 0.03042775 0.01771233
v -0.03965395 0.03115077 0.01954583
v 0.08166192 -0.01698872 0.01966202
v 0.04797526 -0.02411219 0.01942383
v -0.10570410 0.00969584 0.01960605
v -0.03482460 0.03222510 0.01962363
v 0.08602051 -0.01606549 0.01987700
v -0.06004562 0.02699224 0.01984313
v 0.10044510 -0.00940665 0.01961766
v -0.10794863 0.01078973 0.02194663
v 0.08373232 -0.01632522 0.02117960
v -0.07694119 0.02376394 0.02094065
v 0.04466884 -0.02425966 0.02148331
v 0.08343657 -0.01627933 0.02196105
v -0.05720748 0.02776947 0.02139953
v -0.01810158 0.03587464 0.02185253
v 0.10246476 -0.01047853 0.02145140
v 0.06282853 -0.02033250 0.02153731
v -0.03807145 0.03180421 0.02153040
v 0.09728663 -0.01347757 0.02331091
v 0.10085699 -0.01269531 0.02357171
v 0.08818302 -0.01488065 0.02532381
v -0.02331877 0.03532459 0.02508964
v 0.09737556 -0.01306234 0.02533652
v -0.03137835 0.03376216 0.02634907
v 0.08927850 -0.01449364 0.02644462
v -0.11210127 0.01809133 0.02624832
v -0.02659320 0.03488323 0.02694224
v 0.09239312 -0.01356119 0.02808574
v 0.09415611 -0.01326625 0.02760220
v 0.01225479 -0.02949021 0.02869613
v -0.02974954 0.03439996 0.02830456
v -0.10958486 0.01849113 0.02823785
v -0.10665215 0.01929323 0.02965170
v 0.00996218 -0.02982203 0.03020050
v 0.01463844 -0.02882978 0.03016543
v -0.09892278 0.02162086 0.03036788
v 0.01899226 -0.02792031 0.03013907
v 0.08598445 -0.00062072 0.03012329
v -0.11512839 0.01497138 0.03026081
v 0.00674503 -0.03027820 0.03195883
v -0.09863304 0.02236198 0.03206078
v 0.08736631 -0.00173676 0.03198690
v 0.02544266 -0.02647371 0.03218550
v -0.09481362 0.02079208 0.03312281
v -0.09576202 0.02214416 0.03208168
v -0.10583155 0.02024691 0.03271630
v -0.10186911 0.01860136 0.03259081
v -0.01215058 0.03466374 0.03429335
v -0.03216412 0.02784583 0.03416803
v -0.02670704 0.02924290 0.03423977
v -0.07771228 0.00984645 0.03431203
v -0.01663645 0.03316384 0.03423227
v -0.07357166 0.01148272 0.03421734
v 0.00307887 -0.03076482 0.03401370
v -0.11083078 0.01396446 0.03400568
v -0.00129139 -0.03170614 0.03388207
v -0.11736302 0.01724320 0.03383105
v -0.11605753 0.01578270 0.03515976
v -0.11075353 0.01233609 0.03575122
v -0.07978269 0.00084677 0.03606823
v -0.08311474 0.00207401 0.03599307
v -0.06529004 0.00657386 0.03536894
v -0.00317901 0.03111842 0.03527775
v -0.01974188 0.02457323 0.03520105
v 0.02053199 -0.02703305 0.03587594
v 0.00028051 -0.03096545 0.03605612
v -0.08732785 0.00376854 0.03618622
v -0.09055049 0.00549324 0.03623459
v -0.11346545 0.01403033 0.03582109
v -0.01560125 0.01311905 0.03699547
v -0.04044556 0.00166493 0.03730796
v -0.01146044 0.01475538 0.03699991
v -0.03630493 0.00493753 0.03704128
v -0.00731964 0.01639164 0.03700503
v 0.03408772 0.00002860 0.04172662
v 0.02994691 -0.00160773 0.04170657
v 0.00096180 -0.01469818 0.04202751
v 0.00096180 -0.02369787 0.04411719
v 0.00924323 -0.01633444 0.04276604
v 0.01449879 -0.01841129 0.04356727
v 0.04650996 -0.00815292 0.04372356
v 0.03822852 -0.00375933 0.04250831
v 0.04236916 -0.00488033 0.04291482
v -0.04428160 -0.03576561 0.01208014
v 0.07738658 -0.02543312 -0.03110902
v 0.04476677 -0.01577091 -0.03561751
v 0.00684845 -0.01558662 -0.03806839
v 0.07899507 -0.02505526 -0.02917017
v 0.05499345 -0.01440674 -0.03565248
v -0.01581904 0.02294200 -0.04576663
v 0.05323860 -0.01275790 -0.03571672
v 0.06268835 -0.02710738 -0.02534588
v -0.05453091 0.00247171 -0.04482642
v -0.05673443 0.02155471 -0.02383605
v 0.06487136 -0.02659261 -0.02406400
v -0.04520826 0.02248856 -0.03095521
v -0.01276116 0.02196093 -0.04523404
v 0.02519871 -0.02172000 -0.03614703
v 0.02192976 -0.02298197 -0.03621775
v -0.04967611 0.02269114 -0.02545891
v 0.03881313 -0.03125186 -0.02064365
v -0.03884627 0.00704029 -0.04428155
v 0.05508379 -0.00940469 -0.03585518
v 0.04844107 -0.00661236 -0.03665138
v -0.09278918 0.01470278 -0.02069066
v -0.08523022 0.01636922 -0.01929993
v -0.07220995 0.01893416 -0.02048651
v -0.00860285 0.01874094 -0.04424205
v 0.05920904 -0.02801476 -0.02746012
v -0.07103845 0.01952774 -0.01851789
v 0.10186408 -0.00648886 -0.01861275
v -0.03819378 0.02322646 -0.03498689
v -0.01952674 0.01424326 -0.04420750
v -0.08009735 0.01742280 -0.01879207
v 0.01450781 -0.02029555 -0.03693180
v -0.06050701 0.02123504 -0.02187409
v -0.04600234 0.01093070 -0.04560019
v 0.01362516 -0.03583945 -0.01676160
v -0.10477337 0.01138003 -0.01688308
v -0.04739057 0.02230861 -0.02973100
v -0.02667681 0.01565891 -0.04496446
v 0.05137767 -0.02836439 -0.01484391
v 0.04404482 -0.00810940 -0.03680008
v 0.00280257 -0.01393443 -0.03837090
v -0.09796607 0.00641081 -0.01485901
v -0.06145170 0.01991223 -0.02740297
v 0.06993847 -0.02612917 -0.02740109
v 0.06659652 -0.02642153 -0.02567731
v -0.10397098 0.01061055 -0.01483546
v -0.05259433 0.02401284 -0.01440917
v -0.04228403 0.00936283 -0.04509447
v -0.00190251 -0.03861054 -0.01350829
v 0.08669261 -0.02064232 -0.01254898
v 0.03283526 -0.00231902 -0.03884326
v -0.06830814 0.02050140 -0.01675879
v 0.07809475 -0.02273286 -0.01302134
v 0.00717389 -0.03680578 -0.01275457
v -0.02299032 0.01246987 -0.04420263
v 0.01085473 -0.01704685 -0.03783976
v 0.04867919 -0.02934379 -0.02056073
v 0.01851550 -0.01880061 -0.03705661
v 0.02965081 -0.03237698 -0.01486182
v 0.03253580 -0.03195987 -0.01671101
v -0.03478783 0.00855459 -0.04429605
v 0.10694110 -0.01135762 -0.01310110
v -0.00491000 0.02038572 -0.04440687
v -0.04209912 0.02343247 -0.02925924
v -0.03815825 0.02729514 -0.01100963
v 0.07886178 -0.02212846 -0.01054264
v 0.01056905 -0.03587829 -0.01109520
v -0.03328082 0.02835893 -0.01052447
v 0.03278523 -0.02299392 -0.03555233
v -0.05015358 0.00240018 -0.04449346
v 0.10548163 -0.01058800 -0.01107046
v -0.09169776 0.01570229 -0.01484178
v -0.04204008 0.02645455 -0.01105229
v -0.09607562 0.00497511 -0.01093226
v 0.07434674 -0.02584618 -0.02925105
v 0.09880638 -0.00581082 -0.00954784
v -0.04741478 0.02526063 -0.01151604
v -0.04126297 0.02684603 -0.00863681
v -0.07591518 0.01837405 -0.01863553
v -0.03046248 0.01712989 -0.04565880
v -0.06312789 0.02093578 -0.02070627
v 0.10468260 -0.00962174 -0.01305896
v 0.09395865 -0.00220983 -0.00909032
v -0.07944416 0.01861254 -0.00904928
v -0.05382946 0.02186830 -0.02556922
v 0.00232810 -0.03739656 -0.00913502
v 0.05605376 -0.02741217 -0.01476167
v 0.04840978 -0.01700437 -0.03499824
v 0.03754635 -0.01912474 -0.03567151
v 0.00385209 -0.03690910 -0.00731057
v -0.09412348 0.00377503 -0.01304173
v 0.09789263 -0.00550017 -0.00746362
v 0.09526414 -0.01780046 -0.00665326
v -0.09269831 0.00198474 -0.00577857
v 0.09185466 -0.00066459 -0.00741482
v -0.08280786 0.01817195 -0.00738036
v -0.09355833 0.00274108 -0.00726596
v -0.00602970 0.03416286 -0.00576953
v -0.00118409 -0.03792091 -0.00746567
v -0.04536383 0.02547215 -0.01291018
v 0.04068130 -0.02027319 -0.03529418
v 0.07391700 -0.02333643 -0.01106986
v -0.01629439 0.03235608 -0.00600916
v -0.09708219 0.00584113 -0.01293970
v 0.02891489 -0.03304859 -0.02055536
v 0.10505471 -0.01584419 -0.00571689
v -0.03466816 0.02772826 -0.01310409
v 0.09593077 -0.00382255 -0.00926000
v 0.03655782 -0.00384225 -0.03809936
v -0.08319076 0.01659632 -0.02051859
v -0.08709486 0.01661022 -0.01487215
v 0.04103945 -0.02945989 -0.00908239
v 0.11027616 -0.01402839 -0.00425851
v -0.05051579 0.02208520 -0.02759491
v -0.08799854 0.01621630 -0.01687029
v 0.04106207 -0.03060394 -0.01870659
v 0.03658433 -0.03143936 -0.01882347
v -0.04992872 0.02412901 -0.01677022
v 0.00019335 -0.01278165 -0.03920865
v -0.09146901 0.00089958 -0.00427242
v -0.00864458 0.03396936 -0.00420971
v -0.00505124 0.03458103 -0.00432736
v 0.10776699 -0.01519808 -0.00441591
v -0.03223413 0.02968293 -0.00251519
v -0.05725857 0.00401457 -0.04500361
v -0.06040130 0.00537609 -0.04585723
v 0.03948523 -0.00494571 -0.03757018
v 0.10966628 -0.01413017 -0.00245317
v -0.05279214 0.00075749 -0.04458994
v -0.09968009 0.00791518 -0.01677005
v 0.01058267 -0.03484405 -0.00243457
v 0.08219949 -0.02118113 -0.00909970
v 0.05216821 -0.01093575 -0.03593418
v -0.10237240 0.00966853 -0.01682431
v 0.08992656 -0.01867801 -0.00248337
v -0.01259217 0.03349678 -0.00246503
v -0.10867217 0.01262760 -0.00245692
v 0.09202896 -0.01796505 -0.00128570
v 0.00718680 -0.03535708 -0.00046424
v 0.10854056 -0.01261665 -0.00065321
v -0.01564421 0.03309482 -0.00040922
v -0.10903986 0.01405143 -0.00052746
v -0.01824158 0.03277564 0.00129554
v 0.01467292 -0.03343092 0.00142035
v -0.02740000 0.03110368 0.00132412
v -0.09918158 0.01667610 0.00152630
v 0.09336150 -0.01712627 0.00159182
v 0.02475959 -0.03147003 0.00127745
v 0.01636202 -0.03269567 0.00291959
v -0.03073824 0.03064828 0.00325802
v -0.02645637 0.03144060 0.00315633
v -0.09528649 0.01741058 0.00334282
v 0.08981430 -0.01747884 0.00324028
v 0.02176253 -0.03159815 0.00328779
v 0.02537389 -0.03071955 0.00337515
v 0.01786072 -0.03174009 0.00532893
v -0.02280205 0.03238982 0.00515020
v 0.09736477 -0.01593661 0.00519849
v -0.10638557 0.01615888 0.00683765
v -0.10203829 0.01703118 0.00719791
v 0.01470757 -0.03205138 0.00725115
v 0.01978405 -0.03092333 0.00770935
v 0.10005053 -0.01488128 0.00719407
v 0.07893709 0.00678364 0.00903823
v -0.08267811 -0.00689053 0.00903789
v 0.03498910 0.04026355 0.00912840
v -0.08089426 -0.00819323 0.00903209
v 0.07719461 0.00792091 0.01044926
v 0.03596968 0.03939677 0.01046914
v -0.03459356 -0.04134831 0.01218337
v 0.07339462 0.01103612 0.01197632
v -0.03949097 -0.03933021 0.01196514
v -0.04139308 -0.03788382 0.01197018
v 0.03960190 0.03645606 0.01197623
v 0.03478599 0.04008563 0.01197965
v 0.03760681 0.03803441 0.01192863
v -0.07862533 -0.00903207 0.01339358
v -0.03789892 -0.04064883 0.01389461
v -0.04332012 -0.03668185 0.01388761
v 0.07475156 0.00972309 0.01387575
v 0.03329523 0.04091238 0.01394699
v -0.08583904 -0.00506461 0.01573279
v 0.08031382 0.00509603 0.01570506
v 0.03167879 0.04207327 0.01553171
v -0.07377106 -0.01163006 0.01596569
v 0.02918978 0.04360510 0.01569483
v -0.07679164 -0.00953421 0.01574320
v -0.08773868 -0.00375870 0.01767915
v -0.07495316 -0.01090850 0.01763820
v 0.07200799 0.01178953 0.01777316
v 0.03074859 0.04271798 0.01778425
v 0.08180086 0.00391957 0.01771208
v 0.08317866 0.00280451 0.01960145
v 0.08580803 0.00085138 0.01955683
v -0.09189504 -0.00084888 0.01963753
v -0.00519160 -0.03439606 0.01954335
v 0.07923584 0.00550560 0.02148160
v 0.08411805 0.00191928 0.02122653
v -0.08993424 -0.00237937 0.02148911
v -0.00824559 -0.03469791 0.02153654
v -0.00396142 -0.03390538 0.02152878
v 0.01638517 0.04309514 0.02303809
v -0.05350225 -0.03025109 0.02336978
v 0.00658823 0.04143974 0.02335365
v 0.04654850 0.03014860 0.02331689
v 0.04418765 0.03201099 0.02331518
v -0.05052287 -0.03205124 0.02340220
v 0.06464402 0.01458793 0.02513485
v 0.04549810 0.03055195 0.02538890
v 0.01401761 0.04286971 0.02506839
v 0.01794098 0.04361474 0.02522408
v -0.07183271 -0.01559780 0.02526964
v 0.02217318 0.04468103 0.02584011
v 0.06558571 0.01371360 0.02669518
v 0.06335674 0.01554344 0.02634379
v 0.06064694 0.01756748 0.02669253
v 0.02024490 0.04431876 0.02657941
v -0.04840827 -0.03467772 0.02718648
v -0.07393069 -0.01425773 0.02649453
v -0.01717827 -0.03578244 0.02629780
v -0.07620032 -0.01248532 0.02654537
v 0.00012141 0.04042213 0.02713384
v 0.06153364 0.01678298 0.02812882
v -0.00184806 0.04009275 0.02812908
v 0.06703209 0.01260071 0.02816021
v -0.06994527 -0.01727758 0.02855230
v -0.05012689 -0.03339710 0.02857533
v -0.07472176 -0.01384432 0.02837673
v 0.02677414 0.04426224 0.02821541
v 0.00309213 0.04117023 0.02821200
v -0.06624870 -0.02038301 0.03023795
v -0.06867036 -0.01862659 0.03025800
v -0.02310434 -0.03659900 0.03038357
v 0.05788940 0.01973975 0.03029528
v 0.04012410 0.03355944 0.03018489
v 0.03755925 0.03509546 0.03039603
v -0.02023632 -0.03583512 0.03199935
v -0.05644098 -0.02740225 0.03200012
v -0.07837060 -0.01207302 0.03230468
v -0.06748649 -0.01961668 0.03203510
v 0.05912242 0.01871481 0.03204713
v 0.04923709 0.02618721 0.03219548
v 0.03799483 0.03417048 0.03246054
v -0.04689683 -0.03506096 0.03200507
v -0.02820469 -0.03734298 0.03348316
v 0.04514525 0.02917004 0.03390971
v -0.06107782 -0.02439700 0.03385084
v -0.06360554 -0.02275165 0.03385332
v 0.04741647 0.02744736 0.03390826
v -0.05821952 -0.02608754 0.03395578
v 0.01021586 0.04208102 0.03475471
v 0.00790663 0.04340356 0.03387746
v 0.01441924 0.03970903 0.03511079
v 0.04661992 0.02836829 0.03646945
v -0.06008133 -0.02559442 0.03617990
v 0.01088567 0.04373622 0.03575864
v 0.01865339 0.04097693 0.03543037
v 0.02166548 0.03643643 0.03599060
v -0.05462283 -0.02938109 0.03600212
v -0.07060641 -0.01817546 0.03645460
v 0.04174584 0.03210907 0.03581034
v -0.06565208 -0.02162835 0.03593532
v -0.03216412 -0.01142552 0.03978939
v -0.03092633 -0.03738406 0.03576470
v 0.05321756 0.02072502 0.04211384
v -0.02703867 -0.03641772 0.03593080
v 0.05127815 0.02451840 0.03593771
v 0.02446773 0.03809938 0.03636801
v 0.05599312 0.02170343 0.03763897
v 0.05313925 0.02342793 0.03775593
v 0.05392926 0.02250679 0.03940907
v 0.05343075 0.02233969 0.04023300
v 0.04443956 0.01884614 0.04023829
v -0.04872717 -0.01797078 0.04033017
v 0.00510260 0.00330119 0.03960733
v -0.00317901 0.00002860 0.03961536
v 0.00924323 0.00493753 0.03960512
v 0.01338404 0.00657386 0.03961484
v -0.04458636 -0.01633444 0.04006878
v -0.01560125 -0.00488033 0.03965997
v -0.03630493 -0.01306185 0.03984603
v -0.03630493 -0.01685062 0.04044346
v 0.03822852 0.01639164 0.03990831
v -0.01146044 -0.00324400 0.03964180
v -0.00731964 -0.00160773 0.03963259
v 0.02166548 0.00984645 0.03964248
v 0.01752485 0.00821012 0.03962269
v -0.01974188 -0.01142552 0.04040780
v -0.02802332 -0.00978925 0.03974161
v 0.02580628 0.01148272 0.03966893
v -0.01974188 -0.00651666 0.03968403
v -0.02388269 -0.00815292 0.03970928
v 0.02994691 0.01311905 0.03972046
v 0.03408772 0.01475538 0.03978598
v -0.06171351 -0.02281788 0.03979314
v -0.04872717 -0.02287970 0.04185330
v 0.04628669 0.02147158 0.04179171
v 0.04370311 0.02322052 0.04095601
v -0.05782301 -0.01901172 0.04235817
v 0.04232850 0.01315922 0.04055846
v 0.05710752 0.01918369 0.04213815
v -0.05151405 -0.02206154 0.04229402
v 0.05482110 0.01981534 0.04326127
v 0.04806029 0.02310183 0.04332431
v 0.05107097 0.01867331 0.04300098
v -0.06074124 -0.02031909 0.04306309
v -0.05304705 -0.02259874 0.04353887
v 0.05670341 0.01568127 0.04441091
v -0.01948591 0.02303596 -0.04597052
v 0.01771417 -0.01518564 -0.03760336
v 0.00290687 -0.02298623 -0.03738070
v 0.05918712 -0.02427552 -0.03362534
v -0.02281460 0.02216044 -0.04597939
v 0.06585582 -0.02718520 -0.03250120
v 0.01098148 -0.02027676 -0.03718210
v 0.06048501 -0.02809481 -0.02898454
v 0.02477709 -0.01400667 -0.03707273
v -0.01277707 0.01264136 -0.04338024
v -0.06043064 0.00666970 -0.04621852
v -0.05782037 0.00850261 -0.04638547
v 0.03274104 -0.01093791 -0.03728396
v 0.08094739 -0.02380377 -0.02300931
v -0.04224762 0.00081938 -0.04398902
v 0.04438882 -0.02024504 -0.03501069
v 0.08672514 -0.02195598 -0.02045699
v 0.04818580 -0.00519874 -0.03687319
v -0.05293374 0.02099585 -0.03119476
v -0.03945473 0.02530764 -0.02054572
v -0.07753074 0.01786374 -0.01934122
v 0.06376774 -0.02797941 -0.03054392
v 0.10324134 -0.00723269 -0.01883891
v 0.04057559 -0.00814147 -0.03707836
v 0.04460732 -0.00392301 -0.03746857
v -0.07795924 0.01802797 -0.01789410
v -0.06159312 0.01918516 -0.03127939
v 0.04686864 -0.02968748 -0.02056449
v -0.05024179 0.01096871 -0.04601420
v 0.05902219 -0.02909063 -0.03127418
v 0.01055544 -0.03650023 -0.01679214
v 0.09580684 -0.00260005 -0.01684179
v 0.02046039 -0.01378641 -0.03765148
v -0.03429711 0.02640356 -0.02054887
v -0.09708943 0.00577763 -0.01481175
v 0.07764768 -0.02321187 -0.01481038
v 0.00793969 -0.03688654 -0.01495370
v 0.00639519 -0.03740243 -0.01687472
v 0.05232802 -0.02297254 -0.03435133
v 0.10728192 -0.01113659 -0.01490465
v 0.10534039 -0.00953323 -0.01498774
v 0.11012306 -0.01132387 -0.02057933
v -0.06045097 0.01977929 -0.02928602
v 0.05118799 -0.02820889 -0.01358345
v -0.03039371 0.01881708 -0.04615710
v -0.00521529 0.01575944 -0.04341812
v -0.09413568 0.00388171 -0.01481491
v -0.05434494 0.00940712 -0.04622526
v -0.02671429 0.02032900 -0.04607110
v 0.03232208 -0.00912876 -0.03766624
v 0.04439572 -0.02998724 -0.01886937
v 0.01843843 -0.01721932 -0.03726604
v -0.09158816 0.01579492 -0.01310119
v -0.05710566 0.02009924 -0.03126736
v 0.02928347 -0.03230985 -0.01304932
v 0.10011099 -0.00524917 -0.01877851
v 0.01081265 -0.01826697 -0.03762008
v -0.05408031 0.02040409 -0.03318710
v -0.08963001 0.01640380 -0.01087553
v 0.01438919 -0.01700179 -0.03767528
v -0.05106168 0.02066927 -0.03510581
v 0.00313597 -0.03825329 -0.01876418
v -0.04980710 0.02490939 -0.01096945
v -0.04617382 0.00238900 -0.04420698
v 0.07357547 -0.02556298 -0.02749604
v 0.09780653 -0.00358280 -0.01858452
v -0.00189102 -0.03873754 -0.01486020
v 0.05186434 -0.02764884 -0.01098472
v -0.07176129 0.02026822 -0.00909817
v 0.04929154 -0.02791752 -0.00924883
v -0.06770109 0.02120095 -0.00900996
v -0.10132181 0.00845721 -0.00909501
v -0.05274812 0.02414201 -0.01318539
v -0.00074427 -0.02269989 -0.03774148
v 0.10684829 -0.00990871 -0.01719413
v -0.07688692 0.01916441 -0.00907189
v -0.00873350 0.01729210 -0.04392384
v 0.04810979 -0.01857120 -0.03486532
v -0.06521686 0.02194095 -0.00761308
v -0.03853408 0.00554004 -0.04405948
v -0.04997592 0.02189757 -0.02919977
v 0.05601752 -0.00230547 -0.03660131
v -0.08479094 0.01774324 -0.00727807
v 0.10117465 -0.00787908 -0.00741790
v 0.00259592 -0.02158239 -0.03764363
v -0.04588337 0.02473425 -0.01662485
v 0.05592188 -0.02618066 -0.00735852
v 0.04690718 -0.02819645 -0.00779394
v 0.04444062 -0.02884592 -0.00912615
v 0.05215001 -0.00070245 -0.03721656
v -0.07561360 0.01972844 -0.00725077
v 0.03635028 -0.03018557 -0.00745748
v 0.09906978 -0.00416513 -0.02050843
v -0.02437872 0.03088084 -0.00623012
v -0.01979509 0.03171808 -0.00615479
v -0.01575186 0.01397228 -0.04383222
v 0.09726896 -0.01736155 -0.00580365
v 0.02422856 -0.03269406 -0.00623080
v 0.10469639 -0.00807824 -0.02055280
v 0.08186786 -0.02299490 -0.02060287
v -0.09575230 0.00504762 -0.01681910
v 0.09969592 -0.00652735 -0.00908981
v 0.05620614 -0.02180048 -0.03409651
v -0.06080965 0.01103905 -0.04697335
v -0.09992298 0.00790575 -0.01116353
v 0.09419111 -0.00027032 -0.02046339
v 0.03938800 -0.02979765 -0.00918885
v 0.07050451 -0.02645638 -0.02919867
v -0.10243232 0.01525374 -0.00428956
v 0.07509273 -0.02497828 -0.02559379
v 0.07779794 -0.02483444 -0.02740578
v -0.02240431 0.03146107 -0.00431225
v -0.03446097 0.02735201 -0.01486268
v -0.09854307 0.00689506 -0.01296196
v -0.10402401 0.01057730 -0.01311211
v 0.02111058 -0.03313081 -0.00417695
v -0.03806704 0.02568508 -0.01877834
v -0.06970096 0.02057769 -0.01104248
v -0.05543795 0.02406921 -0.00680306
v 0.10037563 -0.01664838 -0.00431917
v -0.04109857 0.02558812 -0.01654244
v -0.03482708 0.00404350 -0.04357526
v -0.04330208 0.02356093 -0.02744161
v -0.04600800 0.02341403 -0.02556299
v 0.06293460 -0.02564122 -0.03314751
v 0.01340614 -0.03428953 -0.00281113
v -0.08746768 0.01666646 -0.01304258
v 0.05590244 -0.02711109 -0.01301426
v 0.03745584 -0.00661956 -0.03750722
v 0.03537536 -0.00776857 -0.03758937
v -0.10293048 0.00973266 -0.01110305
v -0.10514619 0.01104220 -0.01104060
v -0.03037851 0.03011541 -0.00243218
v 0.00656012 -0.02015192 -0.03760225
v 0.03261199 -0.03148602 -0.01097440
v -0.09827224 0.01627184 -0.00250512
v 0.02194797 -0.03256168 -0.00200384
v -0.09559550 0.01668637 -0.00248158
v 0.01761094 -0.03353619 -0.00231292
v -0.10718442 0.01482160 -0.00077085
v -0.02717638 0.03095300 -0.00051543
v -0.09854820 0.01649454 -0.00041161
v 0.01466920 -0.03384286 -0.00062104
v 0.09348223 -0.01749351 -0.00048762
v 0.02542657 -0.03161435 -0.00041186
v -0.01053166 0.03438822 0.00136507
v 0.01182346 -0.03394618 0.00154908
v 0.10799945 -0.01237543 0.00151044
v -0.01608509 0.03323914 0.00142376
v 0.10535187 -0.01472019 0.00207366
v 0.00683130 -0.03504559 0.00142197
v -0.10960307 0.01419548 0.00146940
v 0.00861674 -0.03424510 0.00302214
v -0.10929283 0.01256522 0.00331356
v 0.08813193 -0.01799481 0.00317962
v -0.01378116 0.03395266 0.00327252
v 0.10749034 -0.01396321 0.00325418
v -0.00596483 0.03568868 0.00470463
v 0.00009913 -0.03544846 0.00522093
v -0.09239178 0.00047492 0.00521521
v 0.00336065 -0.03437329 0.00705024
v -0.10935753 0.01553708 0.00722376
v 0.01187119 -0.03259207 0.00772905
v -0.00908687 0.03547869 0.00707651
v -0.08995528 -0.00194598 0.00874740
v -0.08472482 -0.00555096 0.00887392
v 0.08532719 0.00224237 0.00886846
v -0.00391987 -0.03535129 0.01046359
v 0.08664383 0.00115484 0.01045737
v -0.09180771 -0.00077909 0.01034697
v 0.03090204 0.04314460 0.01246276
v 0.08271638 0.00368457 0.01181483
v -0.08756155 -0.00377749 0.01193213
v 0.07227439 0.01193385 0.01241447
v -0.07661875 -0.01098262 0.01200660
v 0.08026750 0.00530302 0.01366350
v -0.08588253 -0.00492224 0.01401822
v 0.03170036 0.04224882 0.01392472
v -0.07713016 -0.00978877 0.01407427
v -0.07405284 -0.01179094 0.01482773
v 0.02883906 0.04355627 0.01410208
v 0.03851296 0.03684552 0.01593395
v -0.03809868 -0.04055368 0.01584378
v -0.04330774 -0.03673606 0.01566420
v 0.07482103 0.00960978 0.01566156
v 0.03322700 0.04080942 0.01570626
v -0.04443628 -0.03595988 0.01777606
v -0.03426051 -0.04062689 0.01773025
v 0.07681170 0.00751770 0.01918095
v -0.03990586 -0.03935948 0.01753796
v -0.04150799 -0.03793858 0.01771600
v 0.07298485 0.01102159 0.01773767
v 0.03901412 0.03631048 0.01768085
v 0.03660926 0.03805467 0.01775030
v 0.03453001 0.03955869 0.01807977
v -0.04053872 -0.03920460 0.01974494
v 0.03528326 0.03876987 0.01957654
v -0.08059056 -0.00813860 0.02132369
v 0.07750644 0.00678832 0.02128624
v 0.07567256 0.00818874 0.02139783
v 0.05803683 0.02102554 0.02225562
v -0.08406774 -0.00657674 0.02136737
v -0.05484911 -0.02927791 0.02357640
v 0.00801658 0.04180174 0.02394110
v 0.04807142 0.02886448 0.02340766
v -0.05956921 -0.02579386 0.02342822
v -0.06466744 -0.02169115 0.02342344
v 0.05453772 0.02394166 0.02498667
v -0.05869417 -0.02632931 0.02543182
v 0.05137007 0.02612602 0.02525463
v 0.04907163 0.02770297 0.02536655
v -0.03630493 -0.01797078 0.04061673
v 0.01068820 0.04237044 0.02529310
v -0.02683467 -0.03812140 0.02543693
v -0.06104264 -0.02457381 0.02538762
v -0.06340490 -0.02267768 0.02539138
v -0.05694072 -0.02746680 0.02675285
v -0.06680201 -0.01990176 0.02668127
v 0.05930520 0.01859403 0.02669322
v -0.02404673 -0.03724190 0.02677844
v -0.01961690 -0.03623358 0.02667590
v 0.03938924 0.03507499 0.02691153
v -0.04725374 -0.03508639 0.02677170
v -0.03216412 -0.00160773 0.03824740
v -0.06831468 -0.01870281 0.02813957
v -0.06596816 -0.02049080 0.02832674
v -0.02285809 -0.03677113 0.02839951
v 0.05784114 0.01995785 0.02871132
v -0.03161947 -0.03873663 0.02832128
v 0.04074759 0.03363237 0.02840198
v 0.03789336 0.03558816 0.02833425
v -0.05055239 -0.03354443 0.03013216
v -0.06995693 -0.01742924 0.03017038
v -0.07486053 -0.01396482 0.03027753
v 0.06155680 0.01676663 0.03031524
v 0.06770243 0.01245967 0.03014991
v 0.02664739 0.04391470 0.03029263
v 0.00304935 0.04138001 0.03010435
v 0.02731896 0.04264142 0.03244049
v 0.06356410 0.01551012 0.03204824
v 0.06065206 0.01757628 0.03183812
v -0.07713228 -0.01273170 0.03183214
v 0.01891767 0.04487943 0.03208057
v -0.04835046 -0.03422344 0.03216161
v -0.00112681 0.04076792 0.03203271
v 0.06597479 0.01367951 0.03201488
v -0.01560125 -0.00651666 0.03991053
v 0.06491255 0.01445863 0.03343845
v 0.02232521 0.04548977 0.03391167
v -0.05191250 -0.03155651 0.03395177
v 0.04305522 0.03068356 0.03397617
v -0.07308517 -0.01573570 0.03389512
v -0.09377082 -0.00054618 0.03394597
v -0.00012749 0.03641443 0.03457112
v 0.01043064 0.04108067 0.03468996
v 0.00316019 0.03800074 0.03455005
v 0.00594017 0.03917916 0.03457069
v 0.01131364 0.03929994 0.03491569
v -0.05334881 -0.03034463 0.03590802
v -0.07175670 -0.01703329 0.03590265
v 0.04271564 0.03142894 0.03616224
v -0.07462065 -0.01518082 0.03595264
v 0.02416191 0.04488879 0.03578500
v 0.01418431 0.04408096 0.03601364
v 0.01852239 0.04232350 0.03576802
v -0.02802332 0.00002860 0.03822744
v 0.00096180 0.00984645 0.03841487
v -0.06054042 -0.01258060 0.03908404
v -0.04985642 -0.01670636 0.04006494
v -0.05512647 -0.01596259 0.03991095
v -0.05774064 -0.01425410 0.03950590
v -0.01974188 -0.00488033 0.03942579
v -0.02388269 -0.00324400 0.03892784
v -0.02619793 -0.00160773 0.03855734
v 0.01338404 0.00493753 0.03985320
v 0.03018079 0.02271378 0.03854659
v 0.01752485 0.00330119 0.04031072
v 0.03822852 0.01966431 0.03958626
v 0.04198697 0.01840562 0.04007006
v 0.00361609 0.00984645 0.03855734
v 0.00510260 0.00821012 0.03886889
v 0.00924323 0.00657386 0.03936113
v 0.03408772 0.02130057 0.03900683
v -0.01596488 -0.01129712 0.04056699
v -0.06107747 -0.01664049 0.04149952
v 0.05107680 0.01604103 0.04143477
v 0.01791641 0.00166493 0.04054404
v -0.00737956 -0.00813790 0.04055718
v 0.04789023 0.01452806 0.04094415
v 0.02184597 0.00320130 0.04054959
v -0.00309769 -0.00653685 0.04055334
v -0.04562369 -0.02329437 0.04166144
v 0.02591005 0.00490469 0.04055240
v -0.04157498 -0.02161529 0.04114028
v -0.01163934 -0.00972373 0.04056110
v 0.05484744 0.01586129 0.04363544
v 0.05260026 0.01732905 0.04311317
v 0.05304750 0.01861917 0.04412734
v 0.05582430 0.02011349 0.04435332
v 0.03739008 -0.00775278 -0.03734931
v 0.04436584 -0.00540335 -0.03712136
v 0.05605163 -0.02297869 -0.03403696
v 0.02187354 -0.01440639 -0.03737302
v 0.04154255 -0.01747654 -0.03562382
v 0.02861879 -0.00931534 -0.03764098
v 0.06895383 -0.02683012 -0.03239875
v 0.00393729 -0.02218965 -0.03743650
v -0.06045503 0.00798895 -0.04644374
v 0.01866965 -0.01602065 -0.03742566
v 0.08085847 -0.02395767 -0.02404626
v -0.05722551 0.01139623 -0.04663287
v -0.01635732 0.01264535 -0.04365520
v 0.01076899 -0.01908283 -0.03745450
v -0.02303310 0.02330721 -0.04588973
v -0.05694992 0.00688326 -0.04595406
v -0.05409693 0.01097639 -0.04632481
v 0.10312467 -0.00697848 -0.02071003
v 0.05941427 -0.02845157 -0.02950638
v 0.01576150 -0.01746648 -0.03749792
v 0.10049442 -0.00523897 -0.02043985
v -0.07701667 0.01769350 -0.02062531
v -0.03745857 0.02568892 -0.02044966
v 0.00405220 -0.03835465 -0.02007472
v 0.04832651 -0.02030344 -0.03470460
v 0.06205089 -0.02843397 -0.03118162
v 0.06262205 -0.02779373 -0.02922946
v 0.08598869 -0.02188207 -0.01878738
v 0.07312027 -0.02530276 -0.02542121
v -0.00863698 0.01563984 -0.04361237
v -0.01260702 0.01418101 -0.04357185
v -0.09706557 0.00581577 -0.01685792
v -0.03354068 0.02709829 -0.01672006
v 0.00790681 -0.03702611 -0.01629709
v 0.04029822 -0.00659741 -0.03718270
v -0.00186574 -0.03882682 -0.01673123
v 0.10478495 -0.00815041 -0.01874319
v 0.04330960 -0.00340718 -0.03775914
v -0.06028410 0.00933901 -0.04670035
v -0.03752256 0.02683346 -0.01438195
v 0.01058744 -0.03634787 -0.01493511
v 0.05226951 -0.02176793 -0.03435159
v 0.09546195 -0.00258224 -0.01468916
v 0.10622020 -0.01050711 -0.01440550
v -0.05733229 0.02041737 -0.02929805
v 0.01252332 -0.03580655 -0.01327804
v 0.07790047 -0.02338959 -0.01669156
v -0.04964040 0.00943248 -0.04573506
v -0.02675866 0.01878634 -0.04579103
v 0.03364772 -0.00969348 -0.03740757
v 0.04404977 -0.03026087 -0.02062130
v -0.03051851 0.02035848 -0.04629777
v 0.05226916 -0.02788391 -0.01288424
v -0.08913910 0.01631766 -0.01302868
v -0.05957964 0.01960514 -0.03114690
v -0.04994392 0.02465371 -0.01295633
v 0.03289165 -0.03159926 -0.01290378
v 0.09878252 -0.00420062 -0.01923211
v 0.01404147 -0.01560961 -0.03777552
v 0.00685693 -0.01868905 -0.03784189
v -0.04647221 0.00076245 -0.04416237
v -0.09854236 0.00676087 -0.01102379
v 0.05978568 -0.02588551 -0.03362559
v 0.00559510 -0.03738022 -0.01482813
v -0.09123142 0.01605856 -0.01113095
v 0.02915071 -0.03217048 -0.01099308
v 0.03420616 -0.03109524 -0.01043626
v -0.04210938 0.02578211 -0.01478308
v -0.09609701 0.00515115 -0.01489399
v 0.02104906 -0.01244515 -0.03774566
v -0.04617912 0.02497393 -0.01486660
v -0.02000899 0.02168227 -0.04582984
v 0.05482003 -0.02698597 -0.01105493
v -0.07494909 0.01957978 -0.00917597
v 0.04726974 -0.02832667 -0.00915063
v 0.07212784 -0.02651737 -0.03094540
v -0.06407966 0.02196952 -0.00911429
v -0.05313226 0.02424707 -0.01098796
v -0.08394648 0.01767624 -0.00914151
v 0.03647473 -0.03039975 -0.00911566
v 0.10564621 -0.00925094 -0.01652700
v 0.10775108 -0.01092241 -0.01662024
v -0.07700341 0.01933556 -0.00776391
v -0.05380719 0.02018390 -0.03497316
v 0.05609000 -0.00082729 -0.03700841
v 0.05600797 -0.02639240 -0.00907198
v 0.03907493 -0.02967260 -0.00780862
v 0.09964253 -0.00675711 -0.00761761
v -0.06819183 0.02135122 -0.00730298
v -0.00084609 -0.02167914 -0.03799042
v 0.04834296 -0.02784913 -0.00743658
v -0.09399409 0.00381590 -0.01675213
v -0.06302589 0.02243295 -0.00721562
v -0.10141303 0.00809919 -0.00711897
v 0.05325415 -0.02666854 -0.00677627
v 0.04387794 -0.02870138 -0.00742839
v 0.05259018 -0.00232475 -0.03698938
v -0.00482161 0.01717257 -0.04373641
v -0.07201585 0.02048387 -0.00735229
v -0.10177453 0.01508783 -0.00597521
v 0.10145042 -0.00779560 -0.00904220
v -0.02194221 0.03143753 -0.00573907
v 0.07778521 -0.02449382 -0.02544944
v 0.08216997 -0.02266014 -0.01885768
v 0.02196724 -0.03311188 -0.00562015
v 0.10055505 -0.01677231 -0.00570742
v 0.08457537 -0.02241648 -0.02057805
v 0.04471073 -0.01871908 -0.03508918
v -0.02410825 0.03115077 -0.00429750
v -0.10000394 0.00810750 -0.01290327
v 0.09402300 -0.00061409 -0.01877305
v -0.06968523 0.02054234 -0.01292161
v 0.07525572 -0.02511904 -0.02686875
v -0.03847769 0.00397259 -0.04377105
v -0.04228209 0.00238558 -0.04393356
v -0.01929552 0.03199261 -0.00421611
v -0.10542054 0.01141188 -0.01294208
v -0.03462255 0.02648396 -0.01875778
v 0.09803865 -0.00333090 -0.02062898
v 0.09767890 -0.01715429 -0.00428922
v -0.04961618 0.02163931 -0.03114084
v -0.04325966 0.02513314 -0.01685587
v -0.03436357 0.00545084 -0.04363899
v -0.05373630 0.02116065 -0.02927886
v 0.06248965 -0.02421998 -0.03329220
v -0.09738077 0.01643761 -0.00240744
v 0.01498722 -0.03395470 -0.00237613
v -0.08749137 0.01682720 -0.01092458
v 0.03546852 -0.00664017 -0.03772152
v 0.04841084 -0.00379153 -0.03710720
v 0.02863877 -0.01095314 -0.03731075
v 0.02463514 -0.01238975 -0.03736347
v -0.10247828 0.00960768 -0.01308669
v -0.10682945 0.01462433 -0.00260059
v 0.00795241 -0.02062430 -0.03737575
v -0.04635501 0.02297644 -0.02728711
v -0.02712370 0.03073400 -0.00252790
v 0.02481740 -0.03204216 -0.00246742
v 0.09490952 -0.01748471 -0.00242126
v 0.01234884 -0.03428590 -0.00078382
v -0.09900339 0.01635154 -0.00105519
v -0.03085333 0.03017207 -0.00053607
v -0.09475299 0.01697404 -0.00057856
v 0.01801346 -0.03323874 -0.00050929
v 0.02249102 -0.03222511 -0.00062232
v 0.01023725 -0.03437287 0.00137010
v 0.08901757 -0.01810357 0.00145558
v -0.01267896 0.03396789 0.00148126
v -0.10921187 0.01257472 0.00145993
v 0.10783470 -0.01420478 0.00147000
v 0.01106297 -0.03365013 0.00322970
v -0.01634636 0.03346031 0.00331936
v -0.01152585 0.03436685 0.00331552
v -0.11005863 0.01422475 0.00317953
v 0.10445314 -0.01465026 0.00355439
v 0.10761797 -0.01231172 0.00329010
v 0.00699146 -0.03439061 0.00340723
v -0.10916184 0.01522545 0.00526324
v -0.00880509 0.03518725 0.00522221
v 0.00254960 -0.03483232 0.00516812
v -0.09253603 0.00043461 0.00727793
v -0.00013863 -0.03515820 0.00716003
v -0.08893457 -0.00272936 0.00902048
v 0.08711935 0.00094925 0.00902415
v -0.09159187 -0.00067339 0.00899165
v -0.00389884 -0.03554493 0.00947126
v 0.07961219 0.00597155 0.01046138
v -0.08502799 -0.00544652 0.01044175
v 0.08514193 0.00219941 0.01045788
v -0.08994538 -0.00219376 0.01044593
v 0.08068593 0.00509904 0.01194458
v -0.08598612 -0.00477380 0.01203672
v 0.02908336 0.04345700 0.01189160
v 0.03198815 0.04229227 0.01199824
v -0.07764759 -0.00991346 0.01250814
v 0.03087093 0.04311631 0.01345645
v 0.08195678 0.00406836 0.01379292
v -0.08763173 -0.00379014 0.01380068
v 0.07215224 0.01189180 0.01388275
v -0.07566734 -0.01099764 0.01379607
v 0.03459383 0.03991350 0.01503128
v -0.03450747 -0.04093496 0.01564569
v 0.03901783 0.03650783 0.01555031
v -0.04449957 -0.03593033 0.01582348
v -0.03970717 -0.03924247 0.01553717
v -0.04160768 -0.03787299 0.01570916
v 0.07320141 0.01096738 0.01576094
v 0.03737187 0.03775275 0.01563699
v -0.03855122 -0.04052763 0.01775013
v 0.03303342 0.04075521 0.01764792
v -0.04330103 -0.03669219 0.01770167
v 0.07467696 0.00955969 0.01782605
v 0.03801162 0.03701198 0.01788159
v 0.07585234 0.00826754 0.01967908
v -0.08322346 -0.00687021 0.01967865
v 0.07766730 0.00680529 0.01968352
v -0.07995805 -0.00816878 0.01961749
v 0.07643252 0.00750792 0.02196872
v 0.03510348 0.03871957 0.02093630
v -0.04069817 -0.03957995 0.02148152
v -0.08216882 -0.00759344 0.02194450
v -0.05839842 -0.02663836 0.02346490
v 0.04943579 0.02774950 0.02356599
v 0.01078172 0.04225099 0.02348273
v -0.02650375 -0.03818357 0.02331979
v 0.05224352 0.02580509 0.02349092
v -0.06117876 -0.02458973 0.02345969
v -0.06345475 -0.02271994 0.02347002
v 0.05433231 0.02433341 0.02338394
v -0.05997031 -0.02545296 0.02535316
v 0.05319475 0.02485888 0.02539112
v -0.05433363 -0.02930369 0.02549145
v 0.00790009 0.04189947 0.02534139
v 0.04743769 0.02899784 0.02536306
v -0.06465489 -0.02165322 0.02537457
v -0.05541338 -0.02850061 0.02669467
v -0.06588914 -0.02055940 0.02673212
v -0.06812836 -0.01871874 0.02671745
v -0.03144111 -0.03895123 0.02663043
v 0.04148740 0.03345053 0.02675575
v -0.02224874 -0.03675772 0.02721165
v -0.02517863 -0.03733963 0.02820773
v 0.05792759 0.01973025 0.02710791
v -0.06727135 -0.01963722 0.02837827
v -0.05685428 -0.02742880 0.02822300
v -0.07383010 -0.01469818 0.03000471
v 0.05908971 0.01876399 0.02818095
v -0.01983734 -0.03610253 0.02820688
v 0.03956937 0.03458361 0.02799181
v 0.06594739 0.01367483 0.03021244
v 0.06322150 0.01563460 0.03001691
v 0.06047369 0.01761610 0.03015016
v -0.04921702 -0.03479634 0.03017243
v 0.01980897 0.04483556 0.03069351
v -0.07678527 -0.01250306 0.03027514
v -0.00070273 0.04057777 0.03016953
v -0.05007120 -0.03355086 0.03194578
v 0.06164519 0.01685989 0.03207374
v -0.07006548 -0.01744405 0.03199850
v -0.07539334 -0.01395134 0.03210309
v 0.00201874 0.04142073 0.03214882
v 0.06782988 0.01254531 0.03209814
v 0.02640361 0.04367006 0.03200336
v 0.02467262 0.04495446 0.03392080
v -0.07442990 -0.01506416 0.03394503
v -0.05286391 -0.03045696 0.03386825
v 0.01393700 0.04445204 0.03358920
v -0.00032672 0.03824482 0.03434650
v -0.05136821 -0.03237628 0.03398248
v -0.07113568 -0.01696400 0.03397625
v -0.09322599 -0.00026564 0.03538925
v 0.00677455 0.04073076 0.03445595
v 0.00989713 0.03981668 0.03476239
v 0.00303220 0.03646794 0.03474456
v 0.01461157 0.04225532 0.03523629
v -0.05239157 -0.03202434 0.03583440
v 0.02580628 0.00330119 0.04075041
v -0.07355203 -0.01587499 0.03599026
v 0.04395661 0.03041119 0.03594795
v 0.02134533 0.04572994 0.03589684
v 0.01678504 0.04340062 0.03630130
v -0.03216412 0.00002860 0.03800393
v 0.00096180 0.01148272 0.03819033
v -0.06106509 -0.01427184 0.03981976
v -0.05359859 -0.01686389 0.04010657
v -0.02388269 -0.00488033 0.03918846
v 0.01338404 0.00330119 0.04007851
v 0.02897447 0.02130057 0.03860161
v -0.02802332 -0.00201116 0.03851929
v -0.05796408 -0.01306185 0.03913898
v 0.03375803 0.02341815 0.03877471
v -0.03800269 -0.01797078 0.04055565
v -0.01974188 -0.00324400 0.03916662
v 0.01752485 0.00493753 0.04008490
v -0.01146044 -0.00651666 0.04013046
v 0.00510260 0.00657386 0.03910929
v 0.03822852 0.01802797 0.03974750
v 0.00924323 0.00821012 0.03911714
v 0.04164773 0.02031440 0.03992392
v -0.01560125 -0.00978925 0.04037973
v -0.01560125 -0.00815292 0.04014803
v 0.05078565 0.01739723 0.04168669
v -0.06111760 -0.01549749 0.04056605
v -0.05851686 -0.01711628 0.04085995
v 0.01752485 0.00139836 0.04055565
v 0.04398206 0.01475538 0.04055565
v -0.00317901 -0.00815292 0.04077165
v -0.04557649 -0.02163471 0.04112740
v -0.04044556 -0.02287970 0.04141617
v -0.03630493 -0.01960711 0.04087735
v 0.04746544 0.01280441 0.04103381
v -0.01146044 -0.01142552 0.04080475
v -0.06182753 -0.01742785 0.04234196
v 0.05328244 0.01582524 0.04231867
v -0.05472979 -0.02219790 0.04426588
v 0.05264357 0.02042323 0.04449315
v 0.05370016 0.01712151 0.04389999
v 0.05535920 0.01884998 0.04465481
v -0.04636809 0.00930779 -0.04534656
v -0.05271807 0.00201492 -0.04467747
v 0.07890491 -0.02509187 -0.03169169
v 0.04851089 -0.00803458 -0.03648827
v -0.02331311 0.01399464 -0.04446923
v 0.03656259 -0.00521417 -0.03778286
v 0.05181608 -0.00942048 -0.03607213
v -0.01639674 0.02181688 -0.04558483
v 0.01104405 -0.01569399 -0.03790920
v 0.03356446 -0.00106809 -0.03932936
v 0.03547877 -0.00031419 -0.03946065
v 0.07681471 -0.02542103 -0.02921334
v 0.04429248 -0.00650192 -0.03688752
v -0.05527196 0.00086751 -0.04484937
v 0.05961951 -0.02768112 -0.02547896
v -0.05954217 0.02099320 -0.02370664
v 0.05529963 -0.01057438 -0.03572969
v 0.02463638 -0.02298141 -0.03615138
v -0.05108661 0.02232984 -0.02590918
v -0.03554514 0.02370931 -0.03551991
v -0.04236889 0.01103668 -0.04540329
v -0.05769238 0.02167982 -0.02235157
v -0.02687197 0.01731725 -0.04540654
v -0.03825212 0.00809367 -0.04450907
v 0.10210114 -0.00632784 -0.02050647
v -0.01222624 0.02333166 -0.04546762
v 0.07432712 -0.02603207 -0.03115662
v -0.08484751 0.01631787 -0.02059230
v 0.03656594 -0.03166123 -0.02055595
v 0.02854967 -0.00231434 -0.03904076
v 0.04051884 -0.03091969 -0.02055075
v -0.00495985 0.01876965 -0.04410470
v 0.06254427 -0.02738227 -0.02729266
v -0.04715051 0.02211643 -0.03102431
v -0.03843649 0.02350365 -0.03307090
v -0.04592703 0.02269338 -0.02915908
v 0.02856399 -0.03291565 -0.01890725
v -0.03085226 0.01578417 -0.04531449
v -0.06049941 0.00392020 -0.04531039
v 0.02968917 -0.03245208 -0.01675921
v -0.09970537 0.00788508 -0.01481627
v -0.06935784 0.02052746 -0.01507732
v -0.08884901 0.01625870 -0.01483700
v -0.05847214 0.02055841 -0.02728413
v 0.05563073 -0.02770857 -0.01671161
v 0.08173298 -0.02400552 -0.03233195
v 0.05316700 -0.02802083 -0.01490346
v 0.01061466 -0.03612712 -0.01306579
v -0.02018488 0.01268684 -0.04399414
v 0.03244618 -0.03186409 -0.01481422
v -0.03435809 0.00704015 -0.04398134
v 0.10593966 -0.01063879 -0.01315383
v -0.03813527 0.02705952 -0.01279015
v 0.00709363 -0.01716134 -0.03803554
v 0.10403029 -0.00944046 -0.01114485
v -0.09721300 0.00575898 -0.01099308
v 0.07731905 -0.02255543 -0.01110663
v 0.00697573 -0.03665510 -0.01110970
v -0.03443393 0.02802459 -0.01117266
v 0.00548444 -0.03728982 -0.01350812
v 0.10684139 -0.01155370 -0.01096851
v -0.07510537 0.01815483 -0.02053420
v 0.07041930 -0.02577479 -0.02557024
v 0.06442023 -0.02655432 -0.02272966
v -0.04717914 0.02504030 -0.01320535
v -0.04562616 0.02571742 -0.01083210
v -0.07278253 0.01905941 -0.01875420
v -0.08202262 0.01805976 -0.00932910
v -0.06401566 0.02115352 -0.01846150
v -0.09348568 0.00275743 -0.00890153
v 0.06734375 -0.02658695 -0.02738787
v -0.00905611 0.02029966 -0.04455309
v 0.00379411 -0.03706027 -0.00865473
v 0.04423768 -0.01715303 -0.03545132
v -0.09469482 0.00395478 -0.01098933
v 0.04843170 -0.01558481 -0.03529264
v 0.01337449 -0.03577881 -0.01489783
v 0.10328890 -0.01631104 -0.00673311
v 0.08114714 -0.02113600 -0.00757683
v -0.05755326 0.00542848 -0.04552196
v -0.00082046 -0.01407443 -0.03883661
v -0.09604345 0.00515485 -0.01308763
v 0.09575823 -0.00385049 -0.00723081
v 0.03649806 -0.02027250 -0.03560863
v 0.09383367 -0.00225405 -0.00726050
v 0.09198954 -0.00060465 -0.00908136
v 0.05620278 -0.01201427 -0.03568524
v -0.07986666 0.01878963 -0.00731015
v -0.00371924 0.03450516 -0.00610847
v -0.04128507 0.02706035 -0.00721562
v 0.00192983 -0.03727354 -0.00733105
v 0.04035832 -0.02935622 -0.00711922
v 0.08657400 -0.02048591 -0.01101091
v -0.05018009 0.02433418 -0.01492913
v -0.04242775 0.02608878 -0.01299208
v 0.04046439 -0.01868444 -0.03551146
v 0.08377669 -0.02100376 -0.01015073
v 0.07523045 -0.02344205 -0.01306297
v -0.09128622 0.00093465 -0.00618610
v -0.09288658 0.00199934 -0.00477779
v 0.09517823 -0.00270707 -0.01304429
v 0.11073789 -0.01401700 -0.00579768
v 0.03290208 -0.02197107 -0.03563926
v -0.00880350 0.03363908 -0.00580280
v 0.05204624 -0.02840714 -0.01689998
v 0.10871168 -0.01523063 -0.00575682
v 0.04070481 -0.00386468 -0.03784462
v 0.09779805 -0.00520342 -0.00898505
v -0.07962589 0.01717334 -0.02055510
v 0.04812499 -0.02929698 -0.01881809
v -0.05390159 0.02147863 -0.02733677
v -0.00661943 0.03437970 -0.00395813
v -0.06045221 0.02047577 -0.02548050
v 0.01469502 -0.01869806 -0.03726835
v 0.01806331 -0.02016687 -0.03681074
v 0.02115619 -0.02156890 -0.03637481
v -0.08631068 0.01657648 -0.01655652
v 0.03818910 -0.03109245 -0.01808588
v 0.00287045 -0.01259548 -0.03891979
v -0.01668524 0.03248448 -0.00426747
v -0.10524995 0.01145729 -0.01475391
v -0.08337496 0.01684753 -0.01857368
v 0.10402570 -0.01582295 -0.00422635
v -0.04254442 0.02298398 -0.03117983
v -0.00109552 -0.03806314 -0.00909569
v -0.09794380 0.00641626 -0.01665198
v 0.04090386 -0.00557499 -0.03732150
v -0.09155404 0.01555245 -0.01683710
v 0.00795136 -0.03541395 -0.00252312
v -0.05020272 0.00081847 -0.04431456
v 0.05234535 -0.01399926 -0.03553126
v -0.04860007 0.02254878 -0.02720658
v -0.10394977 0.01062096 -0.01661103
v -0.10273779 0.00980391 -0.01482156
v 0.09285839 -0.01793731 -0.00246417
v 0.10844051 -0.01243041 -0.00260895
v -0.01576760 0.03287393 -0.00226020
v -0.10863381 0.01393002 -0.00235378
v -0.03268172 0.02973700 -0.00078382
v 0.10918492 -0.01400792 -0.00053624
v 0.01049340 -0.03462547 -0.00042031
v -0.10902625 0.01266407 -0.00050698
v 0.08947366 -0.01846851 -0.00063392
v -0.01261497 0.03375301 -0.00058726
v -0.02560449 0.03143592 0.00154567
v 0.01805359 -0.03294974 0.00101094
v -0.03037603 0.03049006 0.00148561
v 0.09085004 -0.01757587 0.00136234
v -0.09523381 0.01716210 0.00144125
v 0.02104464 -0.03224328 0.00144355
v 0.02605466 -0.03103852 0.00179998
v -0.02808112 0.03116090 0.00314814
v -0.01890891 0.03293534 0.00336909
v -0.09845963 0.01696566 0.00317527
v 0.01405720 -0.03307842 0.00312434
v 0.09317765 -0.01689463 0.00330989
v 0.01485623 -0.03239766 0.00543753
v -0.10560546 0.01601260 0.00516027
v -0.10189740 0.01672835 0.00526614
v 0.09569459 -0.01632767 0.00522758
v 0.10055699 -0.01511383 0.00514645
v -0.10440780 0.01671438 0.00769348
v 0.01762102 -0.03144984 0.00693788
v -0.02388675 0.03242265 0.00686452
v 0.09765822 -0.01556043 0.00700989
v 0.07750343 0.00796590 0.00883536
v -0.03990674 -0.03851400 0.00856254
v 0.03657037 0.03915918 0.00894012
v -0.08094888 -0.00820504 0.01044764
v 0.07846580 0.00684106 0.01046197
v 0.07610584 0.00895438 0.01042085
v -0.08304085 -0.00679902 0.01049516
v -0.03778932 -0.04066308 0.01193435
v -0.04315607 -0.03658664 0.01194467
v 0.07489369 0.00975899 0.01194381
v 0.03350701 0.04101382 0.01191088
v -0.07880388 -0.00932016 0.01195695
v -0.03451702 -0.04114824 0.01387499
v -0.04157852 -0.03786803 0.01386628
v -0.03942450 -0.03937142 0.01388761
v 0.07324471 0.01096305 0.01382559
v -0.04436840 -0.03597015 0.01405431
v 0.03930651 0.03649344 0.01379164
v 0.03745955 0.03791859 0.01387524
v 0.03467161 0.03998790 0.01389802
v 0.03104894 0.04269919 0.01620908
v -0.08761830 -0.00382737 0.01569978
v -0.07391655 -0.01168147 0.01756569
v -0.07488829 -0.01087651 0.01566429
v 0.07213067 0.01189180 0.01581844
v 0.08193539 0.00395254 0.01584540
v 0.08032248 0.00501109 0.01769382
v -0.08595696 -0.00509255 0.01764954
v 0.03156017 0.04182598 0.01769826
v 0.02891525 0.04374013 0.01769160
v -0.07665834 -0.00962600 0.01764767
v -0.08520495 -0.00579846 0.01963779
v 0.07926836 0.00565140 0.01965434
v 0.08408552 0.00213172 0.01977147
v -0.08982977 -0.00233124 0.01978213
v -0.00898770 -0.03505516 0.01969367
v -0.00388063 -0.03406480 0.02007065
v 0.08555223 0.00075979 0.02151940
v 0.08319828 0.00254911 0.02162893
v -0.09196398 -0.00087507 0.02144475
v -0.00571645 -0.03425628 0.02131405
v 0.06493906 0.01524976 0.02291942
v -0.07147085 -0.01548778 0.02338846
v 0.04649334 0.02985345 0.02487517
v 0.04568848 0.03076690 0.02358979
v 0.01446185 0.04276066 0.02336850
v 0.01802760 0.04346252 0.02354825
v 0.02355946 0.04464778 0.02394887
v 0.00572680 0.04139405 0.02523339
v 0.01584141 0.04323660 0.02533661
v 0.04384647 0.03189558 0.02513434
v -0.07040736 -0.01666815 0.02583815
v -0.07489129 -0.01358445 0.02669253
v -0.05010426 -0.03195609 0.02535060
v 0.02471027 0.04468383 0.02524234
v -0.05242957 -0.03052130 0.02521342
v 0.06159198 0.01683929 0.02669518
v 0.00254006 0.04085063 0.02642935
v 0.02645081 0.04446769 0.02674253
v -0.00208759 0.03992265 0.02658837
v 0.06634744 0.01291611 0.02667087
v -0.04900277 -0.03374101 0.02700545
v -0.06965023 -0.01735247 0.02706415
v -0.01760147 -0.03569771 0.02774194
v -0.07378043 -0.01448414 0.02793730
v 0.02063027 0.04458351 0.02806637
v 0.06581711 0.01366128 0.02831855
v 0.06342709 0.01554469 0.02824919
v 0.06047794 0.01761323 0.02804948
v -0.04975689 -0.03484266 0.02836428
v -0.07617186 -0.01264361 0.02835020
v 0.00033990 0.04062506 0.02851451
v 0.03879103 0.03455958 0.02988510
v -0.06745361 -0.01962073 0.03008994
v -0.02001959 -0.03597294 0.03006596
v 0.05913055 0.01864907 0.03026056
v -0.04716058 -0.03543777 0.03064940
v -0.05658081 -0.02742216 0.03018565
v 0.00392298 0.04189548 0.03213807
v 0.05789612 0.01976211 0.03196165
v -0.06611294 -0.02052615 0.03215965
v -0.06874566 -0.01859201 0.03197001
v -0.02330870 -0.03645552 0.03210446
v 0.03943856 0.03339248 0.03193904
v 0.03682863 0.03495763 0.03191251
v -0.05457493 -0.02893785 0.03395569
v 0.04089431 0.03214183 0.03387780
v 0.05196139 0.02429604 0.03393914
v -0.02643074 -0.03675779 0.03416393
v -0.03072357 -0.03780530 0.03397676
v -0.06525752 -0.02143031 0.03404714
v 0.01066293 0.04404443 0.03388002
v -0.05943415 -0.02532023 0.03398794
v 0.00642719 0.04258602 0.03415711
v 0.01441924 0.04093628 0.03501235
v -0.06384366 -0.02289926 0.03598412
v -0.05879705 -0.02620057 0.03550331
v 0.04749796 0.02752986 0.03582808
v 0.01087488 0.04278728 0.03522383
v 0.01848457 0.03974368 0.03545980
v 0.02166548 0.03803553 0.03586434
v 0.04561989 0.02902173 0.03588311
v -0.06161168 -0.02437185 0.03594692
v -0.02959291 -0.03689394 0.03639958
v 0.04997425 0.02554746 0.03637390
v 0.02492346 0.03650440 0.03639966
v 0.05485292 0.02234591 0.03819246
v -0.06238420 -0.02366336 0.03811918
v 0.00096180 0.00166493 0.03960981
v 0.00510260 0.00493753 0.03935669
v 0.00924323 0.00330119 0.03984416
v 0.04236916 0.01475538 0.04041966
v 0.04236916 0.01639164 0.04028479
v -0.01146044 -0.00488033 0.03989022
v -0.03630493 -0.01469818 0.04010956
v -0.04044556 -0.01633444 0.04020937
v -0.01560125 -0.00324400 0.03940447
v -0.00731964 0.00002860 0.03937546
v 0.01338404 0.00821012 0.03936932
v -0.00317901 -0.00160773 0.03986275
v 0.01752485 0.00657386 0.03985670
v -0.02802332 -0.01142552 0.03999908
v -0.03216412 -0.00978925 0.03951929
v 0.02166548 0.01148272 0.03940762
v 0.02580628 0.00984645 0.03989415
v -0.01974188 -0.00815292 0.03992904
v -0.02388269 -0.00651666 0.03945343
v 0.02994691 0.01475538 0.03949404
v 0.03408772 0.01311905 0.03999098
v 0.05234658 0.02332936 0.03969154
v -0.06272272 -0.02154278 0.04013370
v 0.05520063 0.02159788 0.03959514
v -0.05078485 -0.02287027 0.04256445
v 0.04470861 0.02190504 0.04083052
v 0.05030517 0.01839731 0.04210548
v -0.05736976 -0.01826173 0.04130791
v -0.04953928 -0.02156835 0.04136985
v 0.05565725 0.02024482 0.04147794
v -0.06270611 -0.02021438 0.04172900
v 0.05731700 0.01921638 0.04303383
v 0.04549315 0.02295974 0.04237634
v -0.05748537 -0.02005901 0.04337302
v -0.06049269 -0.01865209 0.04272679
v 0.05230239 0.02004775 0.04351046
v 0.04805392 0.02166823 0.04330008
v -0.05416976 -0.02129353 0.04326263
v 0.05609176 0.01720597 0.04495050
v -0.07429379 0.00277028 -0.04639323
v 0.02975617 -0.02463626 -0.03570794
v -0.01677063 0.02587160 -0.04505642
v 0.04411801 -0.03043034 -0.03425288
v 0.00684473 -0.03195365 -0.03639050
v -0.08422932 0.00692161 -0.04800210
v -0.06916410 0.01771173 -0.03120047
v 0.09689031 -0.00079103 -0.03127487
v 0.00696123 -0.03952881 -0.03494176
v -0.06546399 0.01912152 -0.02737541
v -0.08653448 0.01501909 -0.02725495
v -0.03395999 0.02413362 -0.03474768
v -0.00496763 0.02738023 -0.04509345
v -0.09738341 0.00729164 -0.02541651
v -0.03061008 0.02431819 -0.03694621
v -0.09634132 0.00668731 -0.02722509
v -0.10090002 0.00984135 -0.02708809
v 0.00581483 -0.04036577 -0.03305768
v -0.10047682 0.00903346 -0.02300283
v -0.00892176 0.02794691 -0.04457169
v -0.08197542 0.01650174 -0.02357082
v -0.07246062 0.01847450 -0.02407160
v 0.08586937 -0.02179105 -0.03238962
v -0.08419608 0.01624480 -0.02263522
v 0.03168657 -0.03279235 -0.02249873
v 0.01504592 -0.03676058 -0.02711922
v 0.03644715 -0.03186095 -0.02230627
v -0.07985322 0.01686108 -0.02247569
v -0.00074515 -0.03489519 -0.03682064
v -0.05753416 0.02212935 -0.02051739
v -0.01232541 0.02452322 -0.04551752
v 0.10182890 -0.00601711 -0.02201903
v -0.09157030 0.00943506 -0.04813502
v -0.07208143 0.00084174 -0.04616153
v 0.10814229 -0.00956501 -0.02921624
v 0.06609483 -0.01559005 -0.03565411
v -0.08534000 0.00041889 -0.04017974
v -0.02358712 0.02521173 -0.04031401
v 0.05550416 -0.02859639 -0.02728643
v 0.09484465 -0.00221221 -0.03546258
v -0.06829807 0.00555408 -0.04647863
v 0.10024517 -0.00551882 -0.03435722
v 0.09774007 -0.00383631 -0.03484135
v 0.07779352 -0.01870791 -0.03356716
v 0.01786108 -0.03588171 -0.02539587
v 0.08569931 -0.00085949 -0.03616008
v 0.09781272 -0.00180731 -0.02916369
v -0.06835287 0.01895798 -0.02544091
v 0.04902973 -0.02954539 -0.02385141
v 0.08188554 -0.02300789 -0.03266653
v 0.02896793 -0.03340206 -0.02417286
v 0.06909772 -0.02525785 -0.01686978
v -0.02289946 0.02557848 -0.04166414
v 0.07444344 -0.01866159 -0.03420775
v -0.00103100 -0.04071456 -0.02927843
v 0.00297475 -0.04057157 -0.03119775
v -0.07431871 0.01808288 -0.02244097
v 0.04430486 -0.03190139 -0.03304890
v 0.07010552 -0.02488488 -0.01498962
v -0.01899889 0.02613167 -0.04055647
v -0.08855663 0.00392118 -0.04176054
v 0.09919670 -0.00269136 -0.03112736
v 0.04134279 -0.03098683 -0.02233579
v 0.04037972 -0.03128966 -0.02382863
v -0.08745266 0.00250028 -0.03695313
v 0.07315650 -0.02388690 -0.01298645
v 0.05895412 -0.02708684 -0.01662929
v 0.01837850 -0.02737577 -0.03596336
v -0.00348890 0.02984605 -0.04206211
v -0.07318133 0.01632842 -0.03477831
v -0.07195451 0.01690076 -0.03295864
v -0.09394901 0.00536268 -0.02921837
v -0.09863199 0.00833216 -0.02725282
v 0.00286921 -0.03357957 -0.03688471
v 0.02157621 -0.02570437 -0.03606573
v -0.07696594 0.00406669 -0.04676903
v 0.05199285 -0.02904731 -0.02557280
v -0.06076387 0.02178622 -0.01871103
v 0.10026249 -0.00365650 -0.03302416
v 0.07024748 -0.01721429 -0.03504379
v -0.07995027 0.00792266 -0.04799579
v 0.03288829 -0.02582460 -0.03521476
v -0.07099108 -0.01364823 0.04396943
v 0.06613849 -0.02559505 -0.01483103
v 0.02539758 -0.02430346 -0.03605993
v 0.05915106 -0.01200142 -0.03564779
v -0.08583498 0.00121980 -0.03899290
v 0.04880523 -0.03060443 -0.03335260
v -0.05660238 0.02256268 -0.01874371
v 0.05203493 -0.03051131 -0.03116541
v 0.06234929 -0.01399975 -0.03566195
v -0.09112430 0.01462691 -0.02394679
v -0.09031573 0.00533655 -0.04171473
v 0.04044689 -0.02886869 -0.03488947
v 0.03631210 -0.02740658 -0.03495900
v -0.08786136 0.01124807 -0.04764866
v 0.00344992 -0.03983066 -0.02912897
v -0.06425731 0.01970259 -0.02541523
v 0.01055297 -0.03931707 -0.03298559
v -0.07612855 0.01605696 -0.03318940
v -0.05388603 0.02333565 -0.01677491
v 0.01068626 -0.03033883 -0.03592206
v 0.10939121 -0.01087413 -0.03145112
v -0.00483240 0.02909243 -0.04399362
v 0.01186589 -0.03854732 -0.03071907
v -0.10220145 0.01111282 -0.02552076
v 0.06354624 -0.02656054 -0.02052482
v -0.06393028 0.00403679 -0.04599577
v -0.02669661 0.02467599 -0.03872690
v -0.07190607 0.00586027 -0.04671042
v 0.10441991 -0.00794635 -0.03308353
v 0.01467257 -0.02877152 -0.03591038
v 0.08210244 -0.00205286 -0.03590748
v 0.02716446 0.03703434 0.03836522
v 0.05670818 0.02077678 0.03202222
v -0.06248284 -0.02371177 0.03544453
v 0.05529556 0.02184392 0.03407248
v 0.05328862 0.02332279 0.03443752
v 0.05402543 0.02251867 0.03569935
v -0.06362481 -0.02283150 0.03773059
v 0.04812375 0.02730346 0.03777299
v -0.03043118 -0.03667822 0.03782281
v 0.05048937 0.02554949 0.03775525
v 0.04572826 0.02937248 0.03780805
v -0.06186218 -0.02426434 0.03773810
v 0.03210252 0.03299953 0.03822906
v 0.02909379 0.03492291 0.03762498
v 0.04654549 0.02832617 0.03896188
v 0.03446249 0.03498487 0.03939969
v -0.05966396 -0.02536445 0.03923393
v 0.05093361 0.02452161 0.03928171
v -0.06346801 -0.02161885 0.03924912
v -0.03281042 -0.03737253 0.03914504
v -0.02671888 -0.03587095 0.03966705
v 0.02618017 0.03818489 0.03931711
v 0.03094358 0.03409161 0.03937333
v 0.03509287 0.03010780 0.03984211
v 0.03983101 0.03184794 0.03937990
v -0.05474251 -0.02882915 0.03987239
v 0.04539344 0.02776675 0.04019555
v -0.06676577 -0.01820543 0.04097768
v -0.06390907 -0.01992510 0.04098518
v 0.03642099 0.03509322 0.04127379
v 0.04457568 0.02584393 0.04171587
v -0.04645295 -0.03360737 0.04143699
v -0.04427135 -0.03458530 0.04272151
v 0.04493347 0.02398776 0.04228523
v 0.04872426 0.02429758 0.04153970
v -0.06382209 -0.01852474 0.04253980
v -0.05466827 -0.02575223 0.04343069
v -0.05537856 -0.02684577 0.04392703
v 0.05824561 0.01860632 0.04334077
v -0.06845010 -0.01582539 0.04433157
v -0.04974752 -0.02434118 0.04335767
v 0.05933844 0.01713981 0.04495766
v 0.02513029 0.01715329 -0.04104794
v -0.05715922 -0.00664121 -0.04420989
v -0.05527620 -0.02217170 -0.03163650
v 0.06060345 0.02484183 -0.03294592
v 0.05219385 0.00035651 -0.03744213
v 0.05719078 0.00231090 -0.03747173
v -0.00451774 -0.02302200 -0.03801353
v -0.03046442 -0.01708003 -0.04028407
v -0.05913434 -0.01987473 -0.02874464
v -0.03441837 -0.00380104 -0.04321866
v 0.01475264 0.02200235 -0.04326396
v 0.03285488 0.00807474 -0.03970029
v 0.01420181 0.01434986 -0.04150469
v 0.04616101 0.03430977 -0.01518370
v -0.07005275 -0.01317159 -0.02047133
v 0.09279210 0.00073856 -0.02053957
v -0.03444701 -0.00783717 -0.04232350
v 0.01778789 0.02306104 -0.04323718
v -0.01587543 -0.01907822 -0.03924704
v -0.01591892 -0.04133462 -0.01881187
v -0.03866772 -0.00494753 -0.04307799
v 0.06949812 0.01689894 -0.01877808
v -0.02009119 -0.04233888 -0.01874806
v -0.03832955 -0.00660419 -0.04271465
v 0.06200246 0.02432049 -0.03507706
v -0.03029737 -0.04200776 -0.01674224
v 0.05042025 0.03132296 -0.01676706
v 0.00252662 0.01737446 -0.04313574
v -0.02352754 -0.04352373 -0.01874609
v 0.04370824 -0.02089821 0.04417520
v -0.06589409 -0.01599445 -0.01480799
v -0.02933764 -0.04323633 -0.01484749
v 0.01585201 0.01308489 -0.04112796
v 0.07169686 0.01569314 -0.02047346
v 0.04530753 0.03524027 -0.01674249
v 0.08783476 0.00343567 -0.01495149
v -0.05516519 -0.02459833 -0.01352075
v 0.05241995 0.00220667 -0.03788881
v -0.04086682 -0.03483455 -0.01287802
v 0.07323040 0.01400309 -0.01316338
v 0.05510094 0.00113604 -0.03764201
v -0.00816816 -0.02149828 -0.03872843
v 0.02119932 0.01732018 -0.04159555
v 0.05274557 0.02942173 -0.01293458
v -0.05611041 -0.02135109 -0.03304583
v 0.02865857 0.00678532 -0.03971931
v 0.06488179 0.02078887 -0.01107285
v 0.02154580 0.01529712 -0.04092791
v -0.01269558 -0.02034284 -0.03887116
v -0.03253694 -0.04109738 -0.01135301
v -0.04224355 -0.00066452 -0.04397921
v -0.04298636 -0.03349972 -0.01106867
v -0.05418036 -0.01095936 -0.04314999
v 0.01769314 0.03848897 -0.01123135
v -0.04723076 -0.02923635 -0.01889462
v -0.05377608 -0.02588314 -0.01103847
v 0.07531141 0.01253379 -0.01112429
v -0.05980291 -0.00809997 -0.04409190
v -0.06389528 -0.01823609 -0.01096749
v 0.03649488 0.00940272 -0.04016421
v 0.04052697 0.01095522 -0.04041741
v -0.02024993 -0.01246827 -0.04062966
v 0.04759077 0.03332653 -0.01681330
v -0.06002901 -0.01855031 -0.03120474
v 0.06580420 0.01988408 -0.00900612
v 0.01841527 0.03894165 -0.00914543
v -0.05231803 -0.02699338 -0.00908554
v 0.06055165 0.02376080 -0.00915788
v -0.01969256 -0.04128013 -0.00914577
v -0.02687763 -0.01553199 -0.04053940
v -0.02277624 -0.01408036 -0.04075788
v 0.06335002 0.02185957 -0.00915925
v -0.04717950 -0.03076873 -0.00900748
v -0.06376340 -0.01704510 -0.01674488
v -0.05010037 -0.00973714 -0.04315792
v -0.02176119 -0.04148299 -0.00679752
v -0.05431365 -0.02305043 -0.02925224
v 0.06171696 0.02298350 -0.00740450
v -0.05577842 -0.02427412 -0.00736048
v 0.05685561 0.02649095 -0.00726007
v -0.06806331 -0.01398005 -0.01868271
v -0.04571950 -0.03178767 -0.00727671
v 0.00731319 0.03590706 -0.01467022
v 0.06762235 0.01857642 -0.00723781
v 0.05972646 0.02598078 -0.03500148
v 0.03920999 0.03909938 -0.00580203
v -0.03948973 -0.03660271 -0.00577533
v -0.04991882 -0.02874721 -0.00907403
v -0.07864902 -0.00765421 -0.00577968
v 0.03686470 0.04082960 -0.00576739
v -0.02747549 -0.04370200 -0.01687396
v -0.00125745 0.01579625 -0.04306109
v 0.01039352 0.03626025 -0.01673917
v -0.06244766 -0.01752942 -0.02563482
v -0.07118253 -0.01234987 -0.01479725
v 0.02510236 0.03971420 -0.01306945
v 0.01779337 0.01411479 -0.04098490
v 0.09029620 0.00249784 -0.02051492
v 0.05593196 0.02727551 -0.01300317
v 0.05409932 0.02850046 -0.01098532
v -0.01178730 -0.04119288 -0.02042927
v -0.08086986 -0.00642061 -0.00414308
v 0.04923497 0.03221595 -0.01859859
v 0.07976900 0.00859329 -0.00426917
v 0.02105967 0.03919607 -0.01111337
v -0.05806343 -0.02021738 -0.03117667
v 0.03820873 0.03961514 -0.00415170
v -0.03744478 -0.03814445 -0.00428206
v 0.05164266 0.03034427 -0.01487599
v -0.03460929 -0.04066504 -0.00246477
v -0.04216400 -0.01094050 -0.04268087
v -0.00443889 -0.03914508 -0.01479921
v -0.00853639 -0.03981557 -0.01687200
v 0.01497732 0.03760696 -0.01282649
v -0.04633150 -0.00234724 -0.04390456
v 0.04833376 0.00398118 -0.03881912
v 0.08056113 0.00788026 -0.00225585
v 0.07820205 0.00958498 -0.00250256
v 0.07593171 0.01168726 -0.00178297
v 0.02788358 0.04146705 -0.00243636
v -0.03659714 -0.03903827 -0.00205059
v 0.04146671 0.03660458 -0.00254701
v -0.03625331 -0.03957010 -0.00063461
v 0.03952182 0.03792991 -0.00053829
v 0.07667152 0.01090898 -0.00055740
v -0.07845369 -0.00905652 0.00006007
v 0.08245087 0.00675409 -0.00047303
v -0.04068951 -0.03629764 -0.00038610
v 0.08312757 0.00578238 0.00166391
v -0.07759420 -0.00984933 0.00131311
v 0.03320013 0.04218581 0.00137044
v 0.08558829 0.00389798 0.00131243
v 0.08395789 0.00493753 0.00266511
v -0.03405439 -0.04187887 0.00319225
v -0.08677189 -0.00343715 0.00332439
v -0.07623709 -0.01110306 0.00329146
v 0.02886204 0.04245665 0.00331458
v 0.08740591 0.00129616 0.00573979
v -0.08824532 -0.00263575 0.00517563
v -0.09108028 -0.00048757 0.00521001
v 0.08562595 0.00230678 0.00710253
v -0.08475912 -0.00539741 0.00724944
v -0.08956743 -0.00187529 0.00708675
v -0.00977188 0.03559123 0.00858395
v -0.11016292 0.01562685 0.00892221
v 0.01181056 -0.03252005 0.00908063
v 0.00270852 -0.03439327 0.00890702
v -0.11212638 0.01525863 0.01047622
v -0.00124950 -0.03489316 0.01021858
v 0.00382239 -0.03391391 0.01045267
v -0.11074451 0.01274901 0.01179111
v 0.00618536 -0.03311705 0.01193989
v -0.09529215 0.01903420 0.01203151
v 0.10588415 -0.01298389 0.01243290
v 0.02514938 -0.02930187 0.01209968
v -0.01614448 0.03479626 0.01197274
v -0.11286371 0.01416390 0.01207630
v -0.11181808 0.01323746 0.01344698
v -0.09864065 0.01878467 0.01392754
v -0.09407894 0.01949393 0.01401387
v 0.02292218 -0.02942196 0.01408809
v -0.01376826 0.03556797 0.01387294
v 0.10348406 -0.01354617 0.01387627
v 0.02084966 -0.02983090 0.01551986
v -0.03085828 0.03243823 0.01581068
v 0.08978549 -0.01574206 0.01580445
v -0.02182643 0.03427198 0.01558810
v 0.10047250 -0.01375483 0.01594769
v -0.02364863 0.03414875 0.01722547
v -0.01986845 0.03492731 0.01752474
v 0.09253312 -0.01492270 0.01755664
v 0.09742664 -0.01401575 0.01784994
v 0.10197456 -0.01326555 0.01817310
v 0.01451064 -0.03059423 0.01964385
v -0.02738126 0.03375692 0.01946717
v 0.09409370 -0.01441966 0.01959309
v -0.03071898 0.03335811 0.02149099
v 0.07497253 -0.01751084 0.02524789
v -0.02584985 0.03446052 0.02162714
v 0.01731183 -0.02969377 0.02142905
v -0.05371703 0.02885247 0.02329897
v 0.05901936 -0.02091902 0.02295346
v -0.03355465 0.03297760 0.02341969
v 0.07801060 -0.01713570 0.02337515
v -0.04261390 0.03108182 0.02343683
v 0.09900702 -0.00881063 0.02348171
v -0.10188538 0.00670896 0.02353775
v 0.09574533 -0.00661474 0.02339264
v -0.05129043 0.02959673 0.02487602
v -0.10371695 0.00822249 0.02530001
v -0.04655371 0.03045590 0.02520975
v 0.09763064 -0.00807741 0.02538268
v 0.06567038 -0.01940082 0.02513988
v -0.04127570 0.03151975 0.02537577
v 0.07012055 -0.01852425 0.02533550
v -0.10720280 0.01068600 0.02678723
v 0.08202731 -0.01599522 0.02669091
v 0.10211493 -0.01116013 0.02665628
v -0.01954354 0.03633954 0.02670115
v 0.06188843 -0.01994026 0.02640709
v -0.03888498 0.03216586 0.02663802
v -0.02221409 0.03588198 0.02794173
v -0.05710159 0.02903438 0.02834849
v 0.08533816 -0.01519982 0.02838851
v -0.06130834 0.02818002 0.02842169
v 0.05923715 -0.02017539 0.02830669
v 0.10031746 -0.00965045 0.02815928
v -0.10585825 0.00956570 0.02829270
v 0.09431963 -0.00593070 0.02823691
v 0.03950520 -0.02378791 0.03192940
v -0.01645278 0.03752683 0.03038281
v -0.08475611 0.02377442 0.03067295
v 0.09277990 -0.00507467 0.03013140
v 0.03694407 -0.02440056 0.03021449
v 0.09042453 -0.00368046 0.03022635
v -0.00470547 0.03966991 0.03018284
v -0.01304206 0.03856114 0.03198963
v -0.00859313 0.03942282 0.03204525
v -0.10907080 0.01122096 0.03190184
v -0.00395346 0.04035129 0.03247615
v -0.09962883 0.00398048 0.03212075
v -0.08722656 0.02015889 0.03262784
v -0.08339423 0.02194388 0.03263944
v -0.07989494 0.02287459 0.03260762
v 0.07044069 -0.01731656 0.03395501
v -0.01154123 0.03906990 0.03348120
v -0.05000544 0.03070466 0.03381544
v -0.04577642 0.02908307 0.03362520
v -0.00430048 0.03647052 0.03437687
v -0.00851128 0.03818000 0.03422911
v -0.04148076 0.02747084 0.03377449
v -0.03630493 0.02457323 0.03433967
v -0.09097599 0.01862700 0.03255728
v -0.06529004 0.01311905 0.03435929
v -0.06943085 0.01475538 0.03392788
v -0.07357166 0.01639164 0.03347906
v -0.09544559 0.00081554 0.03390314
v -0.09724695 0.00256944 0.03382542
v -0.04890218 0.03239262 0.03508930
v -0.10049662 0.00589094 0.03537508
v 0.02842487 -0.02542054 0.03581682
v 0.03317255 -0.02452910 0.03589701
v -0.09557305 0.00234758 0.03589625
v 0.06720816 -0.01771531 0.03594556
v -0.03216412 0.00166493 0.03775883
v -0.02388269 0.00493753 0.03772965
v -0.01974188 0.00330119 0.03819767
v -0.01560125 0.00821012 0.03771370
v -0.01146044 0.00657386 0.03818112
v -0.00317901 0.00984645 0.03818606
v -0.00731964 0.01148272 0.03771771
v 0.03949866 -0.02228026 0.04118541
v 0.01366105 -0.00005809 0.04054413
v 0.02580628 -0.00488033 0.04194066
v 0.02166548 -0.00324400 0.04145192
v 0.01752485 -0.00160773 0.04096735
v 0.00924323 -0.01142552 0.04197385
v 0.00510260 -0.00978925 0.04147623
v 0.00096180 -0.00651666 0.04075374
v 0.03627374 -0.02253538 0.04288121
v 0.04062667 -0.02177806 0.04295978
v 0.03822852 -0.01306185 0.04406310
v 0.04134651 -0.01430419 0.04448803
v 0.03317573 -0.01702295 0.04451917
v 0.05232095 -0.01872488 0.04517145
v -0.05028651 0.02118104 -0.03308302
v 0.01064666 -0.02286538 -0.03683813
v -0.02380455 0.01868456 -0.04543511
v -0.03023055 0.02189435 -0.04610616
v -0.05519453 0.02078942 -0.02976009
v 0.06289447 -0.02822035 -0.03224732
v -0.05941825 0.01941219 -0.03257653
v 0.07322279 -0.02523221 -0.02403406
v 0.07846846 -0.02432225 -0.02368923
v -0.02673197 0.02340236 -0.04577977
v -0.05412521 0.00692810 -0.04569932
v -0.04589840 0.00543638 -0.04458900
v 0.01453043 -0.01413974 -0.03788915
v -0.00594998 0.01300197 -0.04310537
v -0.01657811 0.01739486 -0.04434715
v -0.09570156 0.00546907 -0.02051065
v 0.05597421 -0.01866187 -0.03457092
v 0.04765017 -0.00078663 -0.03777006
v 0.05208973 -0.00382926 -0.03690731
v -0.03431213 0.00071313 -0.04363831
v -0.03342348 0.02683409 -0.01823440
v -0.04222022 0.02503820 -0.01871444
v 0.04427922 -0.02295829 -0.03482838
v 0.08481684 -0.02380985 -0.02775624
v 0.00292260 -0.01870281 -0.03804766
v -0.09688296 0.00586711 -0.01828320
v -0.03854203 0.00236273 -0.04374102
v -0.03550643 0.02661348 -0.01683753
v 0.02224177 -0.01551376 -0.03708152
v 0.04824891 -0.02169835 -0.03459992
v 0.05231158 -0.02024721 -0.03436088
v 0.00012777 -0.03850317 -0.01681381
v 0.10392830 -0.00794601 -0.01669924
v 0.07404251 -0.02496193 -0.02249753
v 0.01847590 -0.01235608 -0.03803247
v 0.09470712 -0.00193508 -0.01489953
v 0.04424228 -0.00232412 -0.03780606
v 0.04869898 -0.00241395 -0.03740007
v 0.00259185 -0.03796219 -0.01490568
v 0.02861756 -0.00798953 -0.03808050
v 0.00256640 -0.03879398 -0.02081385
v -0.07948376 0.01816266 -0.01492086
v 0.02461658 -0.01708038 -0.03666503
v 0.03502057 -0.03127610 -0.01357560
v 0.10059854 -0.00658680 -0.01297860
v -0.10124756 0.00893307 -0.01310827
v -0.06719552 0.02098628 -0.01305231
v -0.00879837 0.01408790 -0.04333545
v 0.06618940 -0.02724200 -0.02931929
v 0.04037830 -0.03026660 -0.01298431
v 0.10894856 -0.01098926 -0.01872562
v -0.03864279 0.02647167 -0.01489202
v 0.05607232 -0.00538407 -0.03641251
v 0.10732028 -0.00974832 -0.02057464
v 0.10202477 -0.00791401 -0.01105016
v 0.04780008 -0.02851891 -0.01119945
v 0.06024035 -0.02721371 -0.03343842
v -0.06504132 0.02157636 -0.01098907
v 0.05694100 -0.02649222 -0.01096621
v -0.01957589 0.01837153 -0.04477635
v -0.08387541 0.01750963 -0.01110040
v 0.03677843 -0.03064921 -0.01099343
v 0.08568322 -0.02169402 -0.01675887
v -0.07478204 0.01954094 -0.01100921
v 0.10614719 -0.00900252 -0.01874891
v -0.04730801 0.02372573 -0.02297979
v 0.09683285 -0.00228241 -0.02049769
v -0.01958402 0.02030315 -0.04553484
v -0.07631204 0.01909574 -0.01328230
v -0.09868873 0.00658748 -0.00916753
v -0.09164207 0.01623244 -0.00914535
v 0.02888431 -0.03204104 -0.00907522
v -0.08737788 0.01701127 -0.00904314
v 0.03371896 -0.03101442 -0.00919585
v 0.09694899 -0.00365294 -0.01485517
v 0.09942687 -0.00534460 -0.01485415
v 0.05165044 -0.02713721 -0.00764653
v -0.05405079 0.02418951 -0.00917222
v -0.05007314 0.00822130 -0.04558867
v 0.03661880 -0.00938953 -0.03712767
v 0.03271947 -0.00662131 -0.03800901
v -0.00093236 -0.02032915 -0.03814457
v -0.10323188 0.00946217 -0.00733122
v -0.09093232 0.01659695 -0.00751336
v -0.05068709 0.02503436 -0.00755064
v -0.04625955 0.02434347 -0.02065517
v 0.07059749 -0.02344254 -0.00749732
v 0.03170230 -0.03125605 -0.00767903
v -0.09355621 0.01644529 -0.00586968
v 0.09344529 -0.00079613 -0.01679300
v -0.02913595 0.02985352 -0.00573156
v 0.01406375 -0.03463211 -0.00586482
v -0.10746284 0.01214147 -0.00577857
v -0.09886073 0.01561644 -0.00566144
v 0.04039722 -0.01083788 -0.03665514
v 0.01851780 -0.03381576 -0.00581798
v -0.01244827 0.01557704 -0.04373863
v 0.08094526 -0.02400845 -0.02552366
v 0.07888441 -0.02337876 -0.01873901
v 0.04470844 -0.02939869 -0.01288092
v -0.10316895 0.01482656 -0.00605199
v 0.01574613 -0.03402910 -0.00382095
v 0.00664180 -0.03785706 -0.02057370
v -0.05675582 0.01075257 -0.04650985
v -0.07255926 0.01989616 -0.01308370
v -0.09618469 0.01629049 -0.00441215
v -0.10646706 0.01434057 -0.00437052
v -0.02685677 0.03059387 -0.00426661
v -0.04229411 0.00401737 -0.04408448
v 0.09482963 -0.01762952 -0.00424059
v 0.02527171 -0.03224935 -0.00421637
v 0.01123338 -0.03675178 -0.02026564
v 0.04396686 -0.02981085 -0.01494799
v -0.00124384 -0.03894243 -0.01863263
v -0.05715392 0.01953018 -0.03500745
v -0.06039334 0.01888868 -0.03504004
v 0.06626364 -0.02442690 -0.03317754
v 0.07021937 -0.02577800 -0.03293125
v 0.07034841 -0.02690619 -0.03119672
v -0.02433346 0.03121992 -0.00263659
v -0.09388678 0.00383944 -0.01873287
v -0.10536009 0.01104283 -0.00728780
v 0.08297412 -0.02193055 -0.01481286
v 0.08142062 -0.02258036 -0.01686167
v -0.10487042 0.01511123 -0.00232316
v 0.00691456 -0.02176213 -0.03725726
v -0.01969556 0.03208832 -0.00249625
v 0.09744644 -0.01700640 -0.00247381
v 0.10088633 -0.01623364 -0.00241504
v 0.02047843 -0.03267038 -0.00038508
v 0.09920625 -0.01630783 -0.00090828
v -0.10174325 0.01591913 -0.00059520
v -0.02337287 0.03163606 -0.00049922
v -0.09215437 0.00071376 0.00139663
v -0.00526886 0.03543650 0.00135765
v 0.10308967 -0.01494464 0.00310958
v -0.00843244 0.03498341 0.00328677
v -0.10844766 0.01515056 0.00334154
v 0.00318883 -0.03517588 0.00333028
v 0.00593964 -0.03421681 0.00472698
v 0.01059699 -0.03334855 0.00508546
v -0.01668542 0.03361504 0.00514423
v -0.01235599 0.03448183 0.00526691
v -0.11090237 0.01413002 0.00525044
v 0.10405982 -0.01447464 0.00539360
v 0.10746842 -0.01234092 0.00524917
v 0.02687472 -0.02964466 0.00695725
v -0.01442251 0.03435742 0.00689967
v 0.00711255 -0.03360458 0.00706670
v -0.09466884 0.01815532 0.00700520
v -0.11092094 0.01291283 0.00716421
v 0.10676432 -0.01370160 0.00730088
v -0.11183222 0.01419268 0.00772223
v 0.02956950 0.04311197 0.00821430
v -0.03413288 -0.04161104 0.00890079
v -0.08748165 -0.00361249 0.00882128
v -0.07742202 -0.01106023 0.00908933
v 0.08281573 0.00390078 0.00901758
v -0.08595253 -0.00476534 0.01045651
v 0.08379278 0.00310692 0.01010495
v 0.02939325 0.04331526 0.01045702
v 0.03243504 0.04216786 0.01034604
v 0.08052419 0.00528744 0.01044440
v -0.08499317 -0.00547886 0.01189075
v 0.07954308 0.00597532 0.01200114
v 0.08501289 0.00218991 0.01187582
v -0.08977638 -0.00231259 0.01193537
v 0.08624131 0.00099102 0.01391500
v -0.09187507 -0.00080501 0.01387320
v 0.08361936 0.00296050 0.01393922
v -0.00484583 -0.03508492 0.01386270
v 0.07664589 0.00807460 0.01558051
v 0.03544395 0.03921674 0.01564603
v 0.07782074 0.00688933 0.01759375
v 0.07596831 0.00844100 0.01780908
v -0.08327066 -0.00680161 0.01771498
v -0.07984792 -0.00815809 0.01770653
v -0.04340408 -0.03664825 0.01963369
v -0.03866560 -0.04056975 0.01962047
v 0.07442876 0.00950178 0.01963113
v 0.03783290 0.03688100 0.01966432
v 0.03273079 0.04066796 0.01957986
v -0.03555151 -0.04047579 0.02139083
v -0.04200826 -0.03805965 0.02144253
v -0.04449055 -0.03621186 0.02157962
v 0.07269954 0.01058547 0.02154303
v 0.03878184 0.03618746 0.02132566
v 0.03609696 0.03797014 0.02156009
v 0.03385632 0.03945230 0.02161537
v -0.05728827 -0.02751633 0.02353340
v -0.02177764 -0.03684204 0.02539488
v -0.02300039 -0.03742534 0.02338343
v 0.05049998 0.02701921 0.02349561
v -0.01948874 -0.03668612 0.02344272
v 0.06006693 0.01875533 0.02342941
v -0.04627210 -0.03499648 0.02325239
v 0.04017625 0.03503761 0.02348665
v -0.05565804 -0.02853233 0.02538984
v -0.06600881 -0.02036855 0.02522775
v -0.04772768 -0.03393312 0.02491125
v -0.02955685 -0.03855856 0.02669313
v -0.03062192 -0.03894418 0.02533823
v -0.06794363 -0.01862701 0.02535504
v 0.04157808 0.03357257 0.02540725
v 0.05763979 0.01996902 0.02531827
v 0.00779879 0.04204128 0.02667189
v -0.05415562 -0.02926799 0.02668409
v -0.05988317 -0.02544625 0.02669774
v 0.05292517 0.02482779 0.02665483
v -0.06459337 -0.02162542 0.02667325
v 0.04719974 0.02897535 0.02687552
v -0.05861922 -0.02628726 0.02813709
v 0.05091982 0.02601515 0.02827300
v 0.04876351 0.02756444 0.02816610
v 0.01014091 0.04245804 0.02823955
v 0.04604946 0.02952882 0.02877428
v -0.02717797 -0.03776205 0.02853157
v -0.06084766 -0.02471855 0.02828912
v -0.06336689 -0.02258812 0.02814460
v 0.05376362 0.02397407 0.02818888
v 0.01306867 0.04296402 0.02949097
v 0.06482893 0.01443131 0.03009394
v -0.07231725 -0.01573647 0.03017542
v 0.04425890 0.03050990 0.03018770
v -0.09336335 -0.00021311 0.03033077
v 0.01713011 0.04405588 0.03025620
v 0.02106444 0.04497723 0.02995574
v 0.04252542 0.03132296 0.03152767
v 0.01460627 0.04388327 0.03196890
v -0.07119543 -0.01660891 0.03210480
v -0.05117252 -0.03232026 0.03210573
v 0.02439119 0.04493902 0.03203698
v -0.05252609 -0.03052779 0.03200805
v -0.06989383 -0.01772341 0.03348230
v 0.00267370 0.04079258 0.03413245
v -0.00061734 0.03950008 0.03421299
v 0.01488487 0.04487140 0.03408826
v -0.05012689 -0.03359277 0.03397062
v 0.06783148 0.01264688 0.03422877
v -0.07612165 -0.01409049 0.03392549
v 0.02643331 0.04366902 0.03394759
v 0.06199574 0.01675665 0.03394784
v 0.00510260 0.03684552 0.03481972
v 0.00924323 0.03848185 0.03487500
v 0.01031980 0.03642009 0.03521547
v -0.05257506 -0.03331740 0.03560252
v -0.04915409 -0.03418495 0.03648216
v -0.07732903 -0.01248176 0.03610219
v 0.02733398 0.04260251 0.03640640
v 0.06569478 0.01398597 0.03590486
v 0.06374423 0.01546129 0.03591629
v 0.01717041 0.04560000 0.03585240
v 0.06067080 0.01758613 0.03589062
v 0.04542933 0.01605074 0.04059310
v 0.03727959 0.02334598 0.03916193
v -0.05700861 -0.01633444 0.04013652
v 0.01338404 0.00166493 0.04030415
v -0.02802332 -0.00488033 0.03894976
v 0.02994691 0.01966431 0.03885037
v -0.05286780 -0.01306185 0.03916986
v -0.02282185 -0.00035121 0.03855734
v 0.02166548 0.00493753 0.04031635
v -0.01974188 -0.00160773 0.03890864
v -0.04872717 -0.01469818 0.03962278
v -0.00731964 -0.00651666 0.04034032
v 0.03408772 0.01802797 0.03936966
v 0.00038074 0.00842039 0.03857525
v 0.04127597 0.02172600 0.03983315
v 0.00924323 0.00984645 0.03887708
v 0.00753505 0.01148272 0.03855734
v -0.03161700 -0.00343512 0.03853942
v 0.04739579 0.01720981 0.04074000
v 0.02580628 0.00166493 0.04097938
v -0.03630493 -0.02124337 0.04117304
v -0.04579410 -0.02008437 0.04079093
v -0.04044556 -0.01826564 0.04052425
v 0.05198719 0.01276334 0.04155497
v -0.00731964 -0.01142552 0.04102613
v -0.00317901 -0.00978925 0.04100745
v 0.05703611 0.01275635 0.04265821
v 0.05124226 0.02151971 0.04424583
v -0.05720624 -0.02157044 0.04515456
v -0.05935991 -0.02271805 0.04516104
v -0.05396877 0.00828703 -0.04604952
v 0.01104618 -0.02170568 -0.03693146
v 0.06636194 -0.02562341 -0.03293543
v 0.04848632 -0.02298323 -0.03460726
v 0.01767776 -0.01401016 -0.03782568
v -0.02660716 0.02191343 -0.04605856
v -0.04745367 0.00589024 -0.04481440
v 0.03625358 -0.01090990 -0.03687046
v 0.06906520 -0.02689942 -0.02974568
v -0.05508722 0.02058209 -0.03106782
v 0.07483570 -0.02495103 -0.02384800
v 0.04065637 -0.00953952 -0.03686636
v 0.05238972 -0.01869107 -0.03471902
v -0.04225574 0.00546662 -0.04432352
v -0.00908881 0.01272827 -0.04318514
v 0.06995756 -0.02425749 -0.03352083
v -0.03854804 0.00078690 -0.04381311
v 0.07907798 -0.02350527 -0.02006934
v 0.05226845 -0.00534467 -0.03667109
v -0.04625513 0.02449227 -0.01879378
v 0.10315915 -0.00734824 -0.01726391
v 0.09605451 -0.00220487 -0.01871180
v -0.00077026 -0.01869401 -0.03823952
v 0.06671372 -0.02758604 -0.03121532
v 0.09978696 -0.00537981 -0.01688232
v -0.07891172 0.01802043 -0.01658288
v 0.01474451 -0.01241867 -0.03834735
v 0.09736707 -0.00372783 -0.01675478
v -0.03077519 0.02315695 -0.04556351
v 0.04729202 -0.00185454 -0.03757129
v 0.02866829 -0.00662124 -0.03835435
v -0.00071015 -0.03932972 -0.02049880
v 0.09331554 -0.00084720 -0.01480919
v 0.02524467 -0.01545990 -0.03678890
v -0.03430647 0.00238907 -0.04362670
v -0.09370046 0.00396169 -0.02046339
v 0.10198482 -0.00756312 -0.01311680
v -0.06446468 0.02151203 -0.01294882
v 0.04807108 -0.02873659 -0.01302262
v 0.02159247 -0.01693808 -0.03696575
v -0.04651075 0.00403686 -0.04450284
v -0.07512906 0.01941338 -0.01253481
v 0.03676464 -0.03091529 -0.01300095
v 0.04418129 -0.02177163 -0.03492189
v -0.07202751 0.02010783 -0.01104572
v 0.10734909 -0.00978017 -0.01886391
v 0.10884533 -0.01062502 -0.02038747
v 0.04434269 -0.02919569 -0.01108292
v 0.05953324 -0.02863131 -0.03271422
v 0.06301202 -0.02737990 -0.03286471
v -0.10110438 0.00866985 -0.01095674
v -0.02090878 0.01890852 -0.04513994
v 0.00266345 -0.03807599 -0.01670828
v 0.00286409 -0.02026013 -0.03784735
v 0.05615929 -0.00383443 -0.03650968
v 0.10615338 -0.00902355 -0.02070038
v -0.04693165 0.02359146 -0.02390319
v 0.10348264 -0.00812372 -0.01484493
v -0.09019552 0.01653226 -0.00886536
v -0.02253759 0.02022163 -0.04577303
v 0.00026883 -0.03834627 -0.01471850
v 0.04448393 -0.00072732 -0.03801567
v -0.07680808 0.01910000 -0.01107089
v -0.10005097 0.00756213 -0.00896440
v 0.05628587 -0.02029813 -0.03425416
v 0.05225360 -0.02723047 -0.00905551
v 0.10046189 -0.00669654 -0.01104128
v 0.07132670 -0.02356633 -0.00935035
v -0.01276735 0.01721211 -0.04407194
v -0.09255053 0.01626017 -0.00776272
v -0.05013219 0.00696757 -0.04533718
v 0.07794749 -0.02422641 -0.02227811
v -0.04925626 0.02539538 -0.00678668
v 0.03190542 -0.03140555 -0.00919193
v 0.10241792 -0.00890542 -0.00675341
v 0.03272336 -0.00794063 -0.03789367
v -0.09950756 0.00686321 -0.00752547
v 0.01639366 -0.03421604 -0.00595712
v -0.08784262 0.01715993 -0.00745364
v 0.04954874 -0.00027402 -0.03749468
v 0.02886646 -0.03182937 -0.00744741
v 0.08172397 -0.02409633 -0.02727133
v 0.03360264 -0.03077348 -0.00731006
v -0.06102549 0.01904405 -0.03307338
v 0.09489963 -0.00191790 -0.01677235
v -0.02690574 0.03036697 -0.00589510
v -0.10520187 0.01105114 -0.00911335
v -0.10294709 0.00951715 -0.00910226
v -0.09588205 0.01601127 -0.00605591
v -0.05720395 0.01980940 -0.03287264
v 0.09492084 -0.01774577 -0.00574880
v -0.01680651 0.01564054 -0.04411715
v 0.02616620 -0.03223175 -0.00581841
v -0.00503215 0.01411290 -0.04314666
v -0.10613490 0.01411682 -0.00579538
v -0.09585554 0.00536240 -0.01890682
v -0.10795640 0.01230542 -0.00477677
v 0.00699570 -0.02297590 -0.03709815
v 0.00707507 -0.03746558 -0.01870241
v -0.05747459 0.00963269 -0.04650985
v 0.09555229 -0.00117616 -0.02059784
v 0.04020258 -0.03001344 -0.01122538
v -0.04908002 0.02105467 -0.03497068
v 0.00962401 -0.03722681 -0.02096229
v 0.08558599 -0.02135780 -0.01491352
v -0.02982378 0.02997004 -0.00411596
v 0.01441447 -0.03434094 -0.00433580
v -0.09923833 0.01584152 -0.00421935
v 0.08082453 -0.02242416 -0.01484724
v 0.01836029 -0.03366647 -0.00422037
v -0.09467609 0.01660114 -0.00402007
v -0.05012388 0.02500397 -0.00914611
v -0.03842253 0.02602549 -0.01674130
v 0.01088955 -0.03662723 -0.01869542
v -0.06749480 0.02103930 -0.01102840
v -0.06911265 0.02080326 -0.00951662
v -0.05395851 0.02433600 -0.00749459
v 0.04413356 -0.02991180 -0.01676007
v -0.04187692 0.02496192 -0.02057754
v -0.08401630 0.01736259 -0.01297612
v 0.09997841 -0.01645648 -0.00261628
v 0.08300754 -0.02218043 -0.01627209
v -0.10168880 0.01569405 -0.00248175
v 0.02082614 -0.03294429 -0.00261526
v -0.02251072 0.03158493 -0.00245965
v -0.10538996 0.01522950 -0.00043856
v -0.02007298 0.03222943 -0.00042645
v 0.09702147 -0.01679564 -0.00053684
v 0.10082587 -0.01590349 -0.00045290
v -0.10808244 0.01506764 0.00196224
v 0.10385988 -0.01510943 0.00126082
v -0.00815968 0.03486109 0.00145874
v 0.00387613 -0.03539055 0.00196053
v -0.09237729 0.00062406 0.00319336
v -0.01385258 0.03411222 0.00472186
v -0.00599152 0.03551055 0.00331927
v 0.08753690 -0.01781080 0.00508614
v 0.00716470 -0.03384594 0.00544965
v -0.09351237 0.01798201 0.00514841
v -0.10981786 0.01252624 0.00524857
v 0.10720573 -0.01376475 0.00513741
v -0.11147142 0.01421538 0.00672273
v 0.01084164 -0.03288624 0.00705118
v 0.08390715 0.00330119 0.00833331
v -0.09703110 0.01789357 0.00762813
v 0.10743501 -0.01258242 0.00707993
v -0.01669213 0.03391515 0.00710416
v -0.01244332 0.03478962 0.00706014
v 0.10407803 -0.01426514 0.00708385
v -0.08581076 -0.00480418 0.00916611
v 0.03249019 0.04224910 0.00904787
v 0.02889704 0.04324750 0.00910306
v 0.08098928 0.00522939 0.00903285
v -0.08750958 -0.00371385 0.01045003
v -0.07689770 -0.01127714 0.01066083
v 0.08225076 0.00405789 0.01046180
v 0.02994691 0.01802797 0.03905614
v 0.08675607 0.00085983 0.01205856
v 0.08369113 0.00301925 0.01249492
v -0.09187719 -0.00078733 0.01198613
v -0.00476168 -0.03523917 0.01195379
v 0.07944656 0.00592440 0.01398819
v -0.08496418 -0.00557492 0.01370206
v 0.08458226 0.00228289 0.01384223
v -0.08978009 -0.00229003 0.01388778
v 0.07598952 0.00866608 0.01561873
v 0.07792027 0.00693684 0.01583747
v -0.08319641 -0.00683556 0.01571684
v -0.07997025 -0.00819826 0.01570046
v 0.00510260 0.01148272 0.03842186
v 0.07663634 0.00785664 0.01771430
v -0.04038210 -0.03895060 0.01787869
v 0.03543369 0.03898510 0.01750230
v -0.04454694 -0.03594381 0.01964069
v -0.04020850 -0.03954523 0.01949413
v -0.03437771 -0.04051407 0.01957125
v 0.04413904 0.01737348 0.04037274
v -0.04167787 -0.03789541 0.01961970
v 0.07313900 0.01058037 0.01959675
v 0.03433467 0.03941046 0.01967055
v 0.03881719 0.03618872 0.01970194
v 0.03642382 0.03792481 0.01959206
v -0.03337097 -0.03989304 0.02157536
v -0.03856908 -0.04046371 0.02137914
v -0.04335724 -0.03691923 0.02133931
v 0.03239420 0.04068912 0.02134152
v 0.07416218 0.00948424 0.02142376
v 0.03782760 0.03683196 0.02144099
v -0.07863683 -0.00913218 0.02159498
v -0.02159202 -0.03701130 0.02394793
v -0.04775791 -0.03388066 0.02335826
v 0.05821202 0.02023287 0.02323925
v -0.06595596 -0.02020641 0.02349408
v -0.05600841 -0.02850005 0.02325145
v -0.03033378 -0.03899587 0.02333736
v -0.06775094 -0.01848024 0.02333779
v 0.04175026 0.03379283 0.02347752
v 0.05000041 0.02711086 0.02499921
v -0.06664857 -0.01992426 0.02583832
v -0.02387614 -0.03734452 0.02527007
v -0.05712192 -0.02751514 0.02524336
v 0.05936053 0.01865480 0.02530035
v -0.04612485 -0.03523155 0.02527101
v 0.03991992 0.03504725 0.02528551
v -0.01952869 -0.03635981 0.02544444
v 0.05165557 0.02569772 0.02647653
v 0.04922100 0.02737953 0.02673476
v 0.01023071 0.04238574 0.02646808
v -0.05857838 -0.02634643 0.02668255
v 0.05401146 0.02410799 0.02624448
v -0.06321681 -0.02272602 0.02670746
v -0.02699200 -0.03795395 0.02694616
v -0.06123214 -0.02433958 0.02690982
v 0.00709593 0.04200236 0.02849975
v 0.04677124 0.02912498 0.02814759
v -0.02952998 -0.03832489 0.02822718
v -0.05987945 -0.02545869 0.02818999
v 0.04217064 0.03262370 0.02827735
v -0.06469714 -0.02145085 0.02812592
v -0.05459455 -0.02894909 0.02821473
v 0.05272718 0.02472475 0.02841077
v -0.07079521 -0.01677762 0.03018847
v 0.01462095 0.04338812 0.03018105
v 0.04293360 0.03152995 0.03002032
v 0.02456549 0.04492414 0.03019589
v -0.05099150 -0.03206381 0.03008968
v -0.05246351 -0.03054205 0.03018813
v 0.01708361 0.04446574 0.03200712
v 0.04358060 0.03044374 0.03199423
v -0.07301092 -0.01548750 0.03196583
v -0.05167686 -0.03152018 0.03190816
v -0.09374288 -0.00032655 0.03199423
v 0.02158840 0.04533015 0.03231338
v 0.06484785 0.01443844 0.03193375
v 0.06868919 0.01216501 0.03344545
v -0.04817404 -0.03420053 0.03370010
v -0.00065111 0.04078308 0.03381493
v 0.00253546 0.03937574 0.03433652
v 0.01522728 0.04496822 0.03574439
v 0.01830973 0.04535034 0.03410857
v -0.05236328 -0.03335219 0.03480265
v -0.07770751 -0.01306988 0.03400534
v 0.06582029 0.01389216 0.03403486
v 0.06370605 0.01546583 0.03392080
v 0.06074222 0.01761184 0.03401857
v 0.00644822 0.03795003 0.03475514
v 0.01062350 0.03793640 0.03503734
v 0.00648270 0.03630007 0.03498530
v -0.05083947 -0.03371083 0.03597414
v 0.06793595 0.01254762 0.03598395
v -0.07605713 -0.01402134 0.03586716
v 0.06194553 0.01679032 0.03600775
v 0.02633679 0.04392462 0.03599222
v -0.02388269 0.00002860 0.03844942
v 0.04081494 0.02325510 0.03978811
v -0.01146044 -0.00815292 0.04036122
v -0.05813785 -0.01551635 0.03997682
v -0.05286780 -0.01469818 0.03954003
v -0.02802332 -0.00324400 0.03869699
v -0.02388269 -0.00160773 0.03867907
v -0.04872717 -0.01306185 0.03928716
v -0.01974188 0.00002860 0.03866380
v 0.00096180 0.00657386 0.03886565
v 0.00510260 0.01021257 0.03859001
v 0.03408772 0.01966431 0.03917652
v 0.03765347 0.02184601 0.03932820
v 0.00924323 0.01148272 0.03865126
v -0.03216412 -0.00488033 0.03872420
v 0.05479140 0.01261559 0.04198639
v 0.05201637 0.01436404 0.04155728
v 0.02166548 0.00166493 0.04074222
v 0.04750008 0.01603593 0.04078445
v -0.03630493 -0.02287970 0.04152042
v -0.04044556 -0.01960711 0.04074922
v -0.04458636 -0.01848499 0.04047545
v -0.00731964 -0.00978925 0.04078368
v -0.00317901 -0.01142552 0.04125954
v 0.05435600 0.02116498 0.04406097
v 0.05573945 0.01434106 0.04291917
v -0.05648729 -0.02271477 0.04474797
v -0.06016070 -0.02160593 0.04507744
v -0.05963638 -0.02228180 0.04587671
v 0.04547865 -0.03091250 -0.03385098
v -0.02161518 0.02556967 -0.04026710
v 0.04288676 -0.03126577 -0.03404882
v -0.01698682 0.02674516 -0.04419282
v 0.01773680 -0.02848441 -0.03577524
v 0.08207646 -0.02172280 -0.03262567
v -0.07150426 0.01665479 -0.03485074
v -0.07439543 0.01654847 -0.03241197
v -0.07241307 0.00235945 -0.04609627
v 0.10824552 -0.00955223 -0.03113137
v -0.06957351 0.01787569 -0.02983261
v 0.00277199 -0.03497671 -0.03674872
v 0.01475901 -0.02729684 -0.03619045
v -0.03029630 0.02409248 -0.03851499
v 0.09628679 -0.00057196 -0.02928619
v -0.07973408 0.00650107 -0.04770702
v 0.01018368 -0.03191795 -0.03588547
v 0.00586645 -0.04009919 -0.03453432
v -0.09725190 0.00735081 -0.02726630
v 0.09821613 -0.00181179 -0.03112958
v -0.08752637 0.01512828 -0.02535236
v -0.10041955 0.00905253 -0.02402109
v 0.08492998 -0.02304736 -0.03218171
v 0.03165210 -0.03294261 -0.02403090
v 0.02093363 -0.02422613 -0.03626407
v -0.08594069 0.00148316 -0.03701370
v -0.08282872 0.01649307 -0.02202756
v -0.02677705 0.02501613 -0.03680349
v 0.03634391 -0.03200939 -0.02383179
v 0.03375662 -0.03261624 -0.02540278
v 0.04734700 -0.02995469 -0.03408201
v -0.00103242 -0.03365334 -0.03706864
v 0.04909903 -0.02943348 -0.02236198
v -0.05557089 0.02255122 -0.02017632
v 0.04053157 -0.02724123 -0.03490670
v 0.10191570 -0.00592923 -0.02351588
v -0.05908343 0.02208423 -0.01922059
v 0.06620549 -0.01692187 -0.03548980
v 0.08594326 -0.00188472 -0.03587003
v 0.05166794 -0.02997921 -0.02951858
v 0.09413949 -0.00058894 -0.03539553
v 0.06324873 -0.02646840 -0.01877501
v 0.06525956 -0.00603332 -0.03588256
v 0.07784160 -0.02027333 -0.03357142
v -0.09613396 0.00637351 -0.02558381
v -0.09142252 0.01097325 -0.04740152
v -0.03466091 0.02428864 -0.03305606
v 0.06128315 -0.02671674 -0.01723755
v -0.07967362 0.01684816 -0.02402194
v 0.08192814 -0.00073389 -0.03628890
v 0.06856138 -0.02507657 -0.01444918
v 0.00201768 -0.04027069 -0.02974295
v 0.07091569 -0.02492589 -0.01678762
v 0.01106262 -0.03812866 -0.02899750
v 0.01090051 -0.03896381 -0.03450233
v -0.02503173 0.02514767 -0.04191239
v 0.00701391 -0.03033653 -0.03642471
v -0.00074303 -0.04124129 -0.03104820
v 0.09698505 -0.00520041 -0.03514855
v 0.04182699 -0.03103866 -0.02401768
v 0.07029220 -0.01565934 -0.03511989
v 0.04753085 -0.03141274 -0.03264580
v 0.05601540 -0.02833198 -0.02542197
v -0.06349170 0.01946486 -0.02752786
v -0.02017657 0.02619566 -0.04187955
v 0.01742550 -0.03627682 -0.02757811
v -0.07199304 0.01874597 -0.02241734
v 0.09882212 -0.00271832 -0.02925540
v 0.03944298 -0.03135197 -0.02251895
v -0.00856803 0.02722857 -0.04502494
v -0.01280006 0.02584882 -0.04531005
v -0.00838171 0.02871639 -0.04359454
v -0.08309601 0.00800628 -0.04817528
v -0.08846187 0.00398027 -0.04024176
v -0.05436085 0.02354717 -0.01497964
v 0.05210263 -0.02922671 -0.02739358
v -0.09370930 0.00552111 -0.03120133
v -0.06083440 0.02147060 -0.02052866
v 0.01303367 -0.03729059 -0.02790314
v -0.09870588 0.00822179 -0.02552571
v 0.03261093 -0.02422138 -0.03541097
v -0.07604918 0.01574980 -0.03495823
v 0.09983681 -0.00436457 -0.03413549
v 0.10349961 -0.00655396 -0.03289337
v 0.07398894 -0.02032426 -0.03422097
v 0.05863257 -0.02694902 -0.01491463
v 0.06620832 -0.02577640 -0.01679325
v -0.06805182 0.00402310 -0.04608245
v -0.08386163 0.01614093 -0.02403756
v 0.00782425 -0.03995354 -0.03305879
v 0.02902679 -0.03322812 -0.02237776
v 0.02459536 -0.02569634 -0.03589007
v 0.02849788 -0.02564318 -0.03559669
v 0.05526781 -0.02991787 -0.03135830
v -0.09217329 0.01462104 -0.02240258
v -0.09014337 0.00522792 -0.04014032
v 0.03666582 -0.02892639 -0.03506478
v -0.01673509 0.02440586 -0.04563269
v 0.10190492 -0.00510003 -0.03306818
v -0.08782884 0.00933237 -0.04829489
v -0.10159688 0.01102634 -0.02736330
v 0.10985613 -0.01062963 -0.02918041
v 0.06219708 -0.01239241 -0.03566306
v 0.01466974 -0.03661947 -0.02548894
v -0.06845505 0.01857188 -0.02736714
v -0.08698279 0.00235701 -0.03867699
v -0.10139906 0.00981662 -0.02532395
v -0.06457162 0.00537406 -0.04644809
v -0.07597139 0.00549939 -0.04699322
v 0.05677872 0.02076337 0.03006545
v -0.06241036 -0.02360049 0.03390672
v 0.05413803 0.02289017 0.03372356
v -0.04716111 -0.02635684 0.04450688
v 0.05301904 0.02334801 0.03599307
v 0.05533976 0.02171643 0.03595528
v -0.07057565 -0.01812376 0.03727973
v 0.04661921 0.02862774 0.03768504
v 0.05186133 0.02441151 0.03770508
v -0.05525905 -0.02925227 0.03785446
v 0.04147431 0.03211996 0.03788688
v -0.02717337 -0.03602024 0.03754607
v -0.06010413 -0.02564290 0.03773358
v -0.06506430 -0.02164875 0.03772198
v 0.02967698 0.03344313 0.03742416
v 0.02612095 0.03785376 0.03760629
v 0.04703994 0.02741732 0.03955359
v -0.03042076 -0.03671008 0.03958643
v -0.06057454 -0.02431904 0.03962372
v 0.04124787 0.03086023 0.03989261
v 0.03790149 0.03228860 0.03983349
v 0.04491421 0.02907168 0.03968992
v -0.05837650 -0.02598115 0.03972344
v 0.03187890 0.03350376 0.03982846
v 0.02987125 0.03514408 0.03968036
v 0.02599932 0.04116499 0.04063985
v -0.05569852 -0.02699848 0.04101078
v 0.03415755 0.03220715 0.04103569
v 0.05879573 0.01859214 0.04124086
v 0.04718100 0.02557338 0.04092333
v 0.03647225 0.03363230 0.04149943
v -0.06510849 -0.01866453 0.04145524
v 0.04399621 0.02438553 0.04170623
v -0.04536507 -0.03489791 0.04131380
v 0.04742019 0.02426516 0.04258202
v -0.04357273 -0.03513061 0.04313782
v -0.04557154 -0.03320919 0.04312016
v -0.05377290 -0.02442389 0.04375325
v -0.04792761 -0.02533413 0.04355303
v 0.05853729 0.01593086 0.04432807
v -0.04839200 -0.03289826 0.04515865
v -0.04013638 -0.02942496 0.04455218
v 0.06544677 0.01234950 0.04538106
v -0.05188546 -0.02239496 -0.04161730
v 0.01384931 0.00941236 -0.04116294
v -0.03544880 -0.01519654 -0.04120082
v 0.00388868 0.00359494 -0.04115296
v -0.05114777 -0.01405172 -0.04309812
v -0.05089480 -0.02368264 -0.04103950
v 0.03254977 0.01765864 -0.04127640
v -0.03078562 -0.00373383 -0.04305683
v 0.02820231 0.01708071 -0.04098157
v -0.02373366 -0.01047700 -0.04128323
v -0.03459303 -0.01704328 -0.04069663
v 0.01827120 0.00931945 -0.04092842
v -0.01275003 -0.00072788 -0.04198729
v 0.00262137 0.00545622 -0.04158813
v 0.01507296 0.01078519 -0.04111602
v -0.08769219 -0.00063630 -0.02060808
v -0.08208750 -0.00486000 -0.02049453
v -0.08106379 -0.00580111 -0.01868672
v -0.02662219 -0.00662165 -0.04223401
v -0.05454682 -0.02203695 -0.04050733
v -0.05033283 -0.02183485 -0.04198866
v -0.03040237 -0.00774132 -0.04220296
v 0.05580857 0.01854722 -0.04044616
v -0.05726087 -0.01673109 -0.04304420
v -0.00891398 -0.00534970 -0.04140949
v -0.01680103 -0.00234032 -0.04223759
v -0.00059171 0.03350844 -0.02061021
v -0.05988652 -0.01542826 -0.04332326
v 0.04379150 0.03657196 -0.01679726
v -0.07299148 -0.01114357 -0.01490789
v 0.04153389 0.03795226 -0.01298636
v -0.08370076 -0.00381137 -0.01876068
v 0.03262330 0.01587107 -0.04061559
v 0.03624262 0.01409761 -0.04074756
v -0.05611783 -0.02134396 -0.03884778
v 0.08286152 0.00681682 -0.01294328
v 0.08067745 0.00823192 -0.01100196
v 0.07884410 0.00968103 -0.01103881
v 0.04207500 0.03716888 -0.01051176
v 0.02953644 0.04052377 -0.01087928
v 0.05240792 0.01875756 -0.04156057
v -0.01992661 -0.01097878 -0.04079064
v -0.02146244 -0.00970913 -0.04118606
v 0.02556923 0.00690261 -0.03994121
v -0.03888622 -0.01692383 -0.04139379
v -0.03446115 -0.03933328 -0.01295906
v 0.00575031 0.03566416 -0.01528684
v -0.03755014 -0.03764742 -0.00902898
v 0.08691305 0.00416232 -0.01470946
v -0.00062901 0.00401066 -0.04176207
v 0.05605075 0.02023699 -0.04184295
v 0.03273149 0.04093900 -0.01303217
v 0.04793354 0.02303603 -0.04264657
v 0.04437804 0.02180913 -0.04180226
v -0.03942503 -0.03650672 -0.00736159
v 0.03949690 0.03909869 -0.00720701
v -0.05593080 -0.02398603 -0.00577439
v 0.07722130 0.01102655 -0.01297348
v -0.07863099 -0.00780643 -0.00729880
v 0.07607155 0.01193762 -0.01053309
v -0.07580363 -0.00944577 -0.01485799
v -0.07411082 -0.01025157 -0.01667723
v -0.05785236 -0.01868066 -0.04191393
v -0.05760965 -0.02013145 -0.04051885
v 0.06046326 0.02627174 -0.03677815
v -0.00494624 -0.00537121 -0.04104896
v 0.06189303 0.02246355 -0.00593460
v 0.01099615 0.00079591 -0.04050187
v 0.05672533 0.02600349 -0.00579077
v -0.04582981 -0.03180674 -0.00579367
v 0.06758027 0.01868135 -0.00575690
v -0.07701809 -0.00823417 -0.02058598
v -0.08515722 -0.00271664 -0.01681398
v -0.08605489 -0.00202045 -0.01888950
v -0.04226105 -0.01239003 -0.04242929
v -0.04625708 -0.01398815 -0.04248619
v -0.02221781 -0.04139881 -0.00562825
v 0.04030759 0.01268656 -0.04054939
v 0.06180181 0.02554355 -0.03877911
v 0.06557811 0.01985732 -0.00441019
v 0.02771228 0.04000976 -0.01306544
v 0.00365446 0.03454275 -0.02057771
v 0.05658409 0.02531127 -0.00376627
v 0.02091241 0.00797184 -0.04058027
v 0.08547127 0.00539970 -0.01680264
v 0.06294449 0.02147032 -0.00420246
v -0.05046435 -0.02892374 -0.00423659
v -0.08084034 -0.00625763 -0.00912444
v 0.01822541 0.03933955 -0.00425851
v -0.05238361 -0.02738388 -0.00428973
v 0.05936071 0.02333180 -0.00416279
v -0.02010869 -0.04085456 -0.00432701
v -0.06013878 -0.01858321 -0.04041613
v -0.04767588 -0.03078620 -0.00416697
v 0.03679363 0.04097561 -0.00737285
v -0.04371239 -0.03377119 -0.00254036
v -0.03343691 -0.04042200 -0.01081461
v 0.06292187 0.02447229 -0.03678208
v -0.05446674 -0.01242070 -0.04322941
v 0.00692641 0.00225075 -0.04079952
v 0.06470201 0.02068499 -0.00239968
v -0.05433027 -0.02575146 -0.00243244
v 0.01991592 0.04002185 -0.00238475
v 0.02509034 0.04094920 -0.00239934
v 0.07456948 0.01274175 -0.00243372
v -0.06406693 -0.01865496 -0.00240335
v 0.01250140 0.03842086 -0.00098421
v -0.04456444 -0.03330419 -0.00064067
v -0.02600577 -0.04149242 -0.00005398
v 0.02150072 0.04045573 -0.00031359
v 0.05435706 0.02702682 -0.00039693
v 0.07257703 0.01367441 -0.00061780
v 0.05099866 0.02913993 -0.00049530
v -0.06344167 -0.01969499 -0.00039002
v -0.04228421 -0.03510239 -0.00061490
v -0.07353118 -0.01264480 0.00138042
v -0.06785277 -0.01689728 0.00161102
v 0.01075573 0.03839201 0.00150941
v -0.02777530 -0.04167489 0.00141097
v 0.07173699 0.01398576 0.00150318
v 0.04431688 0.03366506 0.00137624
v -0.03097495 -0.04194873 0.00323422
v 0.00661174 0.03772711 0.00328165
v -0.06981392 -0.01592494 0.00332021
v -0.07216823 -0.01409797 0.00324548
v 0.02615170 0.04192426 0.00323413
v -0.07459554 -0.01222866 0.00340817
v -0.01275091 -0.03828815 0.00327389
v 0.04265589 0.03482176 0.00338530
v 0.08824719 0.00081316 0.00514978
v 0.00338310 0.03746899 0.00533106
v -0.00070467 0.03669868 0.00514637
v -0.07109432 -0.01516392 0.00530274
v -0.04974028 -0.03031815 0.00519465
v 0.04658368 0.03142062 0.00522775
v -0.00923960 -0.03743519 0.00513203
v 0.06839804 0.01613177 0.00497029
v -0.00493510 -0.03660124 0.00508102
v 0.06669321 0.01727450 0.00715346
v 0.01065585 0.03934451 0.00696911
v -0.04840880 -0.03158641 0.00719774
v -0.01755728 -0.03880635 0.00697372
v 0.04776331 0.03042663 0.00708266
v -0.00803699 -0.03682751 0.00707558
v 0.04556598 0.03205681 0.00714954
v 0.06904893 0.01528741 0.00716549
v 0.04010872 -0.02698639 0.00861014
v 0.07887380 -0.01909701 0.00906646
v 0.09582205 -0.00534397 0.00899250
v 0.09090519 -0.00188290 0.00899643
v -0.09557252 0.00237685 0.00904778
v -0.04614836 0.02807733 0.00866457
v -0.10056168 0.00591916 0.00945992
v -0.04222693 0.02892777 0.00895607
v -0.00810753 0.03595162 0.00896742
v 0.07452776 -0.01986425 0.00897254
v -0.08457103 0.02058928 0.01048535
v 0.07684140 -0.01942862 0.01016253
v 0.09185430 -0.00268856 0.01045523
v -0.09364177 0.00080932 0.01038562
v -0.04498836 0.02861083 0.01066680
v -0.00472828 0.03682498 0.01018147
v 0.03673636 -0.02730256 0.01030406
v 0.08950866 -0.00097727 0.01071287
v -0.10893114 0.01163724 0.01202119
v 0.09277089 -0.00352922 0.01195840
v 0.02855445 -0.02867106 0.01193801
v -0.08769378 0.02032788 0.01202298
v -0.09792453 0.00390665 0.01196139
v 0.03289643 -0.02784319 0.01196668
v 0.10516944 -0.01112576 0.01197077
v -0.08354997 0.02121919 0.01223822
v 0.08088658 -0.01791175 0.01343137
v 0.04084057 -0.02602634 0.01396456
v 0.09402848 -0.00492979 0.01400210
v -0.09102831 0.02004377 0.01386816
v -0.01185342 0.03597049 0.01396917
v 0.10316798 -0.01030885 0.01393846
v 0.03028827 -0.02799205 0.01413561
v -0.09970343 0.00506571 0.01389776
v -0.08098707 0.02203861 0.01393317
v -0.03889064 0.03074671 0.01571982
v 0.04346217 -0.02545666 0.01556379
v -0.10610944 0.00964380 0.01572161
v -0.03442686 0.03166582 0.01565081
v 0.08204852 -0.01711042 0.01567657
v 0.04838538 -0.02436242 0.01574149
v 0.08674034 -0.01618439 0.01620259
v 0.10125138 -0.00942306 0.01570046
v -0.03726801 0.03141427 0.01782810
v 0.04535862 -0.02501663 0.01776096
v 0.08480553 -0.01639389 0.01766447
v -0.05697007 0.02726105 0.01765586
v -0.07670908 0.02344267 0.01779065
v -0.05458624 0.02798289 0.01950897
v 0.06172474 -0.02086670 0.01965349
v -0.10337949 0.00811770 0.01956391
v -0.05013696 0.02894265 0.01959565
v 0.09812014 -0.00784443 0.01959155
v 0.06647596 -0.01987249 0.01958268
v -0.04529665 0.02996802 0.01965110
v 0.07155297 -0.01883889 0.01967413
v -0.06269143 0.02669479 0.02099900
v -0.03285585 0.03293911 0.02197214
v 0.07817005 -0.01738223 0.02150216
v 0.05906708 -0.02121606 0.02137957
v -0.05347892 0.02857451 0.02163328
v 0.09915304 -0.00874168 0.02159174
v -0.10166847 0.00667250 0.02144825
v -0.04250518 0.03083292 0.02137684
v 0.09616852 -0.00671247 0.02136780
v -0.02668017 0.03453967 0.02357998
v -0.03046866 0.03366122 0.02339102
v 0.09068917 -0.01463894 0.02358049
v -0.10957426 0.01843936 0.02529012
v 0.01343637 -0.02976111 0.02532356
v 0.09345431 -0.01379570 0.02525991
v 0.10068711 -0.01225367 0.02646680
v 0.09683727 -0.01271892 0.02835139
v -0.02399830 0.03553479 0.02817164
v -0.10508609 0.02149282 0.03033170
v 0.02368850 -0.02701336 0.03025646
v -0.11200917 0.01306072 0.03031626
v -0.00072447 -0.03200604 0.03015904
v 0.00407819 -0.03100764 0.03019384
v -0.11689050 0.01717369 0.03040703
v 0.00190861 -0.03128861 0.03192266
v -0.11308026 0.01410452 0.03197922
v -0.11081098 0.01262893 0.03211171
v 0.02183571 -0.02724542 0.03195422
v -0.11658962 0.01602489 0.03226049
v -0.10186664 0.02181171 0.03204150
v -0.09695244 0.02151217 0.03325734
v -0.09799541 0.02020186 0.03276263
v -0.09518626 0.01851264 0.03250115
v -0.10660230 0.01871886 0.03328208
v 0.02343448 -0.02663082 0.03440622
v 0.01382244 -0.02859771 0.03365011
v 0.08521264 -0.00074954 0.03403000
v 0.01800727 -0.02774364 0.03395851
v -0.11592159 0.01464067 0.03397301
v -0.11304897 0.01676719 0.03505807
v -0.00317901 0.03275475 0.03503657
v -0.00438038 0.03489273 0.03462163
v -0.10971073 0.01717083 0.03449801
v -0.10933331 0.01566345 0.03565064
v -0.02390549 0.02785673 0.03456148
v -0.07357166 0.00821012 0.03471436
v -0.01987252 0.02955027 0.03456455
v -0.06943085 0.01017688 0.03459185
v -0.06557677 0.01154887 0.03457027
v -0.08288829 0.00527843 0.03505662
v -0.07771228 0.00657386 0.03484505
v -0.07357166 0.00657386 0.03498752
v -0.01562847 0.03113351 0.03456208
v -0.00801366 0.03320855 0.03469687
v -0.03193962 0.02452503 0.03455389
v -0.02795808 0.02617534 0.03455756
v 0.01529323 -0.02792506 0.03596185
v 0.02539068 -0.02603061 0.03587142
v 0.08365913 -0.00011063 0.03595204
v 0.00641711 -0.02981791 0.03584489
v 0.08670251 -0.00209939 0.03593003
v -0.03630493 0.00166493 0.03753574
v -0.04458636 0.00330119 0.03684686
v -0.00317901 0.01475538 0.03748208
v -0.04044556 0.00493753 0.03682451
v -0.00731964 0.01311905 0.03747816
v 0.00992347 -0.01469818 0.04253126
v 0.04236916 -0.00206998 0.04251301
v 0.01085084 -0.02187704 0.04432517
v 0.02166548 -0.01797078 0.04394656
v 0.03408772 -0.00542766 0.04250277
v 0.05065077 -0.00651666 0.04372100
v 0.00682989 -0.02308697 0.04452565
v 0.01131364 -0.02360796 0.04619722
v 0.02960927 0.01755791 -0.04118068
v 0.06156052 0.02551484 -0.03683113
v -0.03435473 -0.01576944 -0.04092450
v 0.05252637 0.02026431 -0.04233672
v 0.05828821 0.02748299 -0.04022154
v 0.03273397 0.01688176 -0.04101791
v -0.05013767 -0.02294474 -0.04159069
v -0.05317309 -0.02308934 -0.04041920
v -0.01644765 -0.00083197 -0.04215092
v 0.05501431 0.01918788 -0.04119066
v -0.03072074 -0.00644561 -0.04249446
v 0.01572685 0.00974740 -0.04107737
v -0.02648430 -0.00803207 -0.04198235
v -0.03865199 -0.01549504 -0.04161525
v 0.04843735 0.02185125 -0.04260997
v -0.08121193 -0.00550764 -0.02057353
v -0.08206434 -0.00508235 -0.01892942
v -0.05360761 -0.02168061 -0.04146502
v 0.05689291 0.01940807 -0.04093738
v 0.04254434 0.03766368 -0.01728464
v 0.08682750 0.00440249 -0.01673678
v -0.08591152 -0.00202310 -0.02052081
v 0.02874271 0.01589670 -0.04064647
v -0.08523447 -0.00276946 -0.01487002
v -0.05432249 -0.01410544 -0.04350607
v -0.07244930 -0.01117138 -0.01679120
v -0.00083778 0.00554724 -0.04195214
v -0.07434664 -0.01038597 -0.01441744
v -0.08784492 -0.00078300 -0.01871120
v 0.04355904 0.03641059 -0.01482224
v 0.08381364 0.00630624 -0.01346930
v -0.02331541 -0.00911276 -0.04148268
v 0.00269509 0.03455309 -0.01877305
v -0.00116323 0.03370376 -0.01876239
v 0.06304773 0.02453810 -0.03878747
v -0.03333438 -0.04014453 -0.01301571
v -0.04636049 -0.01228322 -0.04263147
v 0.02768453 0.04010840 -0.01152824
v 0.07717693 0.01097451 -0.01102320
v -0.00886837 -0.00377735 -0.04144020
v 0.03257328 0.04109772 -0.01103301
v -0.08359823 -0.00372817 -0.02052797
v 0.03010867 0.04044867 -0.01314129
v -0.02262015 -0.01091165 -0.04110459
v 0.02516158 0.00791337 -0.04007105
v 0.00576711 0.03537523 -0.01706283
v -0.05743411 -0.01533570 -0.04346615
v -0.03760830 -0.01748590 -0.04107260
v -0.03653509 -0.03822011 -0.00973407
v -0.03951218 -0.03628576 -0.00907539
v -0.03464270 -0.03944372 -0.01110561
v -0.07868756 -0.00802962 -0.00906729
v -0.07702021 -0.00834698 -0.01891091
v 0.03930757 0.03944315 -0.00909791
v 0.08542354 0.00538245 -0.01483768
v 0.03657567 0.04108032 -0.00921538
v 0.03853841 0.03991357 -0.00801797
v 0.00237406 0.00422519 -0.04142092
v 0.07890598 0.00964596 -0.01299063
v -0.05595838 -0.02108521 -0.03703972
v 0.04079550 0.01403159 -0.04084328
v -0.05978806 -0.01838698 -0.04135702
v 0.06329398 0.02169240 -0.00584767
v -0.08039575 -0.00648425 -0.00745782
v -0.07544920 -0.00950843 -0.01666879
v 0.08251963 0.00675674 -0.01114366
v -0.03752893 -0.03780236 -0.00726254
v -0.05669200 -0.02003268 -0.04144557
v 0.06552773 0.02036714 -0.00579734
v -0.00494412 -0.00382667 -0.04101433
v 0.01076192 0.00244768 -0.04065978
v 0.01845522 0.03898943 -0.00607460
v 0.03656153 0.01276690 -0.04067701
v -0.05034273 -0.02888811 -0.00593409
v -0.01991759 -0.04103220 -0.00574948
v -0.04742963 -0.03075679 -0.00577695
v -0.04228032 -0.01401086 -0.04221831
v 0.06072419 0.02636877 -0.03876657
v -0.05233359 -0.02733658 -0.00578215
v 0.08097815 0.00808696 -0.01313088
v 0.00196836 0.03412717 -0.02060765
v 0.01774104 0.01108104 -0.04103557
v -0.01880726 -0.00954364 -0.04092236
v -0.00731964 0.01475538 0.03724168
v 0.06060805 0.02313222 -0.00563499
v 0.02067430 0.00667452 -0.04040752
v 0.04439696 0.02312789 -0.04218240
v 0.06096212 0.02230763 -0.00439671
v 0.01571201 0.03881975 -0.00382863
v -0.05595573 -0.02400014 -0.00419538
v -0.04600835 -0.03184788 -0.00430543
v 0.01366688 0.01137730 -0.04116925
v -0.02294719 -0.04128830 -0.00392128
v 0.06702396 0.01865501 -0.00427924
v 0.05606118 0.02586042 -0.00437914
v -0.04450823 -0.03313961 -0.00235080
v -0.01224462 -0.00241598 -0.04197416
v 0.00677685 0.00090887 -0.04064826
v 0.04119041 0.03804503 -0.01113018
v 0.01342983 0.03849351 -0.00234414
v 0.02242455 0.04043449 -0.00256663
v 0.07302675 0.01371360 -0.00241734
v -0.06289437 -0.01993166 -0.00198217
v 0.05203086 0.02890591 -0.00250282
v -0.04213006 -0.03500032 -0.00251783
v 0.05446701 0.02753007 -0.00233595
v -0.04383595 -0.03394052 -0.00043592
v 0.04229332 0.03570293 0.00000292
v 0.06439742 0.02034667 -0.00048361
v 0.07435982 0.01266910 -0.00055237
v -0.05448743 -0.02607734 -0.00055774
v 0.02499417 0.04124889 -0.00047499
v 0.05309417 0.02797681 -0.00067326
v -0.06479313 -0.01854745 -0.00055382
v -0.06661003 -0.01747353 0.00094090
v 0.04278847 0.03498396 0.00134946
v 0.00682688 0.03758027 0.00158559
v -0.06939267 -0.01563559 0.00129946
v -0.03031964 -0.04217486 0.00148041
v -0.07175811 -0.01398878 0.00141770
v -0.07454481 -0.01201944 0.00161324
v -0.01174841 -0.03828459 0.00162714
v 0.00998640 0.03841031 0.00326894
v -0.06813119 -0.01715205 0.00330955
v -0.07383046 -0.01278333 0.00309252
v 0.07158726 0.01399540 0.00327312
v 0.04417015 0.03353995 0.00329504
v 0.00199081 0.03715428 0.00470710
v 0.01108171 0.03910707 0.00521811
v -0.04820303 -0.03144194 0.00552805
v 0.04797367 0.03033113 0.00523662
v -0.01665218 -0.03897009 0.00515592
v -0.02388269 0.02948216 0.03436049
v 0.04563563 0.03214944 0.00514270
v -0.00729595 -0.03690484 0.00564791
v 0.06943041 0.01525626 0.00520361
v 0.06701176 0.01728518 0.00521274
v -0.00972892 -0.03724385 0.00670985
v -0.05018770 -0.03031082 0.00714365
v -0.00103012 0.03687178 0.00690862
v 0.08808915 0.00042266 0.00718017
v 0.00288565 0.03761897 0.00705186
v 0.00792713 0.03880794 0.00770755
v -0.07125147 -0.01522274 0.00739728
v 0.04653666 0.03134085 0.00733799
v 0.06819581 0.01607184 0.00703898
v -0.00457324 -0.03607040 0.00718938
v 0.07710958 -0.01936924 0.00895565
v 0.03944740 -0.02679827 0.01044329
v 0.08944555 -0.00077657 0.00882546
v 0.09197557 -0.00260620 0.00901903
v -0.09363523 0.00097069 0.00909948
v -0.08423321 0.02042526 0.00895573
v -0.04522046 0.02834593 0.00947160
v 0.03634993 -0.02766491 0.00882026
v -0.00493563 0.03655603 0.00889832
v 0.09535907 -0.00523702 0.01050258
v 0.09078870 -0.00191063 0.01046086
v -0.09564588 0.00235687 0.01047357
v -0.04729458 0.02808341 0.01047315
v -0.04267859 0.02902418 0.01032386
v -0.10065272 0.00590330 0.01044466
v 0.07525484 -0.01972363 0.01059130
v 0.07871028 -0.01894256 0.01089305
v -0.00835714 0.03620905 0.01071568
v 0.03140850 -0.02820756 0.01139331
v 0.03104469 -0.02814469 0.01223796
v 0.09428621 -0.00476087 0.01192300
v 0.08188819 -0.01810588 0.01187770
v -0.09168874 0.01963797 0.01198510
v 0.10327104 -0.01027001 0.01195977
v -0.01161300 0.03581750 0.01251215
v -0.09961486 0.00509834 0.01197990
v 0.04020612 -0.02642921 0.01208961
v -0.07996017 0.02198384 0.01203168
v 0.03776732 -0.02654140 0.01429360
v 0.09251227 -0.00357917 0.01384129
v -0.10890481 0.01159861 0.01386449
v -0.08797839 0.02059257 0.01381877
v 0.02853359 -0.02833959 0.01382610
v 0.10498771 -0.01113282 0.01385281
v 0.03293638 -0.02757990 0.01376536
v -0.08371614 0.02143958 0.01388284
v -0.09803713 0.00384678 0.01386108
v -0.07877878 0.02250903 0.01402513
v -0.03622856 0.03120036 0.01511600
v -0.10795092 0.01070723 0.01523117
v 0.06527282 -0.02079049 0.01518860
v -0.07582167 0.02341919 0.01557940
v -0.03674086 0.03132115 0.01653582
v 0.04549262 -0.02501356 0.01578534
v 0.08570143 -0.01646123 0.01573262
v -0.05648341 0.02709242 0.01569082
v -0.03881886 0.03105946 0.01758667
v -0.03440900 0.03201336 0.01778971
v -0.10600037 0.00965204 0.01764972
v 0.04340153 -0.02543549 0.01762088
v 0.08162126 -0.01700514 0.01767394
v -0.05932720 0.02690450 0.01819306
v 0.04839440 -0.02429165 0.01765100
v 0.08666893 -0.01611265 0.01775286
v 0.10089305 -0.00949264 0.01764272
v 0.07811137 -0.01762428 0.01978196
v -0.04242227 0.03056683 0.01952714
v -0.06145789 0.02666804 0.01938595
v 0.05959724 -0.02141340 0.01967413
v -0.05291023 0.02833818 0.01971986
v 0.09929216 -0.00866651 0.01964146
v -0.10189934 0.00684232 0.01969708
v 0.09637518 -0.00674754 0.01962730
v 0.06912990 -0.01929338 0.01974229
v 0.06132947 -0.02075262 0.02096812
v -0.05453657 0.02824373 0.02114778
v 0.06635345 -0.01964099 0.02148570
v -0.05013838 0.02923843 0.02142368
v 0.07054428 -0.01885174 0.02144219
v -0.04580029 0.03018786 0.02161827
v 0.09783835 -0.00786371 0.02145848
v -0.10330153 0.00798455 0.02145746
v -0.04059458 0.03133170 0.02212288
v -0.02780747 0.03422483 0.02289997
v 0.01446361 -0.03000219 0.02327568
v 0.09387910 -0.01401065 0.02331936
v -0.10983200 0.01828309 0.02354228
v -0.11179881 0.01803147 0.02515191
v -0.03080878 0.03377327 0.02531503
v -0.02705688 0.03462336 0.02534463
v 0.09025943 -0.01447534 0.02522613
v -0.02392193 0.03533583 0.02642978
v 0.09738563 -0.01281721 0.02699650
v 0.10004629 -0.01216719 0.02823622
v -0.11098263 0.01243207 0.03010410
v 0.02153502 -0.02740917 0.03025331
v -0.11634885 0.01580603 0.03027506
v -0.11356569 0.01401741 0.03015221
v 0.00248932 -0.03135337 0.03006016
v -0.10178532 0.02191049 0.03026423
v 0.02377619 -0.02686114 0.03200020
v -0.11196639 0.01314685 0.03157459
v -0.10072113 0.02245035 0.03149602
v -0.11147354 0.01371723 0.03289972
v -0.09841596 0.01850524 0.03246677
v -0.00104567 -0.03189266 0.03201044
v 0.00342058 -0.03095120 0.03216639
v -0.10537865 0.02121087 0.03198417
v -0.11847123 0.01712926 0.03201155
v -0.09480319 0.02188918 0.03330409
v -0.09481715 0.02018467 0.03280136
v -0.03216412 0.02620950 0.03435742
v -0.01601243 0.03210823 0.03439342
v -0.06943085 0.01148272 0.03440220
v 0.02525386 -0.02628775 0.03402164
v 0.00662854 -0.03007114 0.03390766
v 0.08709107 -0.00187263 0.03383694
v 0.01533336 -0.02817138 0.03435247
v -0.00429376 0.03357292 0.03484906
v -0.00827034 0.03479689 0.03445988
v -0.11361572 0.01736447 0.03453162
v -0.11038513 0.01673625 0.03498121
v 0.01354933 -0.02827141 0.03576734
v -0.11590550 0.01454783 0.03528585
v -0.11358973 0.01567875 0.03573595
v -0.07771228 0.00825965 0.03456702
v -0.01974188 0.02784583 0.03476776
v -0.08299578 0.00348394 0.03556140
v -0.06529004 0.00984645 0.03483567
v -0.01146044 0.03111842 0.03479762
v -0.02802332 0.02457323 0.03474720
v 0.01833731 -0.02745045 0.03580624
v 0.08470317 -0.00083595 0.03590094
v 0.02238761 -0.02658897 0.03616139
v -0.09267940 0.00040143 0.03644172
v -0.08622654 0.00215589 0.03655570
v -0.04044556 0.00330119 0.03706014
v -0.01146044 0.01639164 0.03676965
v -0.00317901 0.01311905 0.03771720
v 0.00510260 -0.01306185 0.04199449
v 0.00510260 -0.01469818 0.04226049
v 0.02994691 -0.00488033 0.04219130
v 0.00924323 -0.01306185 0.04223268
v 0.03408772 -0.00324400 0.04219403
v 0.02994691 -0.00324400 0.04194655
v 0.03822852 0.00002860 0.04197641
v 0.03822852 -0.00160773 0.04221084
v 0.04236916 0.00002860 0.04223020
v 0.00096180 -0.01633444 0.04229700
v 0.00717283 -0.02206154 0.04403204
v 0.04236916 -0.01142552 0.04401967
v 0.02580628 -0.01715261 0.04403358
v 0.01102549 -0.02298449 0.04519576
v -0.06193589 -0.01575756 -0.04258011
v 0.04933096 0.01526918 -0.03925361
v -0.03928396 -0.01866033 -0.04117983
v 0.05578523 0.01728875 -0.03972239
v 0.01770251 0.00251460 -0.04029576
v -0.04876182 -0.01397621 -0.04275355
v 0.08025725 0.00921655 -0.01877706
v 0.04765158 0.01399862 -0.03971317
v -0.07962359 -0.00666504 -0.01888472
v 0.03169505 0.04009995 -0.01726007
v -0.00877344 -0.00659651 -0.04131479
v 0.03282306 0.01878013 -0.04169127
v -0.04629491 -0.02176863 -0.04191922
v 0.04205697 0.03767849 -0.01479144
v -0.04222835 -0.02298288 -0.04132639
v -0.00861046 -0.00823521 -0.04090530
v -0.03556282 -0.03786342 -0.02062625
v 0.08671807 0.00402582 -0.01304608
v -0.07350448 -0.01103145 -0.01307483
v -0.02266329 -0.00077902 -0.04264043
v -0.00499044 -0.00660817 -0.04098916
v 0.03938924 0.04024420 -0.01873074
v 0.03638121 0.04037232 -0.02055595
v -0.03749764 -0.03632286 -0.02057575
v -0.02959008 -0.00418392 -0.04288246
v 0.08300065 0.00704407 -0.01483845
v -0.08525798 -0.00283778 -0.01104146
v 0.01096539 0.00938540 -0.04133595
v -0.07465547 -0.01050522 -0.01095060
v 0.04287438 0.03653870 -0.01112950
v -0.03792986 -0.02044993 -0.04090436
v -0.03421296 -0.03917554 -0.01493485
v 0.03257151 0.04067976 -0.01489023
v -0.00052418 0.00806014 -0.04210613
v -0.00099759 0.03477383 -0.00913101
v -0.07791346 -0.00856200 -0.00802761
v 0.00680213 0.01102368 -0.04154095
v 0.00282431 0.00681060 -0.04174979
v 0.05263809 0.01443075 -0.03912317
v 0.08411009 0.00636932 -0.01660830
v 0.01465807 0.00075358 -0.04035556
v 0.04160548 0.02200766 -0.04137366
v -0.01942297 -0.00232181 -0.04239149
v -0.08830207 -0.00108520 -0.00722415
v 0.08716832 0.00281457 -0.00713415
v -0.08253810 -0.00507697 -0.00715710
v 0.03522899 0.04168864 -0.00677866
v 0.00281318 0.03552864 -0.00731339
v -0.01259817 -0.00938653 -0.04057617
v -0.01680103 -0.01091766 -0.04043661
v -0.08663577 -0.00224713 -0.00906993
v -0.02449522 -0.04190395 -0.00591498
v 0.04987207 0.03096173 -0.00640654
v 0.08096011 0.00843883 -0.01683872
v 0.07894911 0.00984589 -0.01669992
v 0.08476805 0.00507829 -0.01105638
v 0.07147854 0.01563523 -0.00605344
v 0.08850669 0.00200234 -0.00577951
v -0.06210701 -0.01707192 -0.04023681
v -0.00370297 -0.03818790 -0.00588956
v 0.00397406 0.03587422 -0.00573182
v 0.04438069 0.01262614 -0.04023169
v -0.07606738 -0.00935020 -0.01301554
v 0.02539033 0.00551210 -0.03992688
v 0.07718223 0.01112107 -0.01480620
v 0.02091064 0.00401974 -0.04014246
v 0.02877277 0.02016441 -0.04193363
v -0.02695771 -0.00527991 -0.04253268
v 0.04073062 0.03949296 -0.02055783
v -0.06980491 -0.01433248 -0.00423257
v 0.04794221 0.03187826 -0.00427071
v -0.01695553 -0.04027817 -0.00441855
v -0.04888538 -0.03002524 -0.00418924
v 0.09010970 0.00095805 -0.00427787
v -0.08404229 -0.00390142 -0.00904425
v 0.06931410 0.01711704 -0.00452195
v -0.01241079 -0.03945239 -0.00408311
v -0.05805618 -0.01715149 -0.04277249
v 0.02857584 0.03987144 -0.01510556
v -0.03499519 -0.01864245 -0.04056986
v 0.03664479 0.02317735 -0.04156748
v 0.00790238 0.03730203 -0.00200512
v -0.06601995 -0.01729638 -0.00256450
v 0.04359669 0.03487219 -0.00247783
v 0.00589580 0.03714765 -0.00103088
v -0.06814710 -0.01562546 -0.00236206
v -0.07119172 -0.01355825 -0.00247109
v -0.03119256 -0.04244017 -0.00244669
v -0.00963116 -0.03875647 -0.00246000
v 0.04624020 0.03275475 -0.00224510
v -0.06733251 -0.01663874 -0.00028356
v 0.01104900 0.03817825 -0.00051808
v -0.02742157 -0.04193986 -0.00069049
v -0.07306378 -0.01244746 -0.00064177
v 0.07148739 0.01428545 -0.00034745
v 0.04468545 0.03370900 -0.00045307
v 0.05374789 0.02699169 0.00101043
v -0.04480203 -0.03338243 0.00156529
v 0.06451462 0.01916141 0.00156162
v 0.05073244 0.02891310 0.00131158
v -0.02594372 -0.04123241 0.00153466
v 0.02127392 0.04066558 0.00137983
v -0.06374944 -0.01976247 0.00134365
v -0.04255114 -0.03510839 0.00146164
v -0.04415945 -0.03416211 0.00371230
v 0.06284197 0.02023595 0.00328634
v 0.02395632 0.04134787 0.00322253
v 0.07311885 0.01266707 0.00329257
v -0.05529653 -0.02608817 0.00331245
v -0.06587340 -0.01876177 0.00320291
v 0.05221541 0.02729591 0.00331757
v 0.04195532 0.03540667 0.00314524
v 0.01569645 0.04031783 0.00571138
v -0.05148736 -0.02921923 0.00515421
v -0.05421218 -0.02724479 0.00505995
v 0.06172386 0.02090923 0.00517537
v -0.02185259 -0.03988948 0.00500603
v -0.05922573 -0.02376577 0.00571940
v 0.05822263 0.02306215 0.00524584
v -0.05624317 -0.02566986 0.00519431
v 0.05289812 0.02642263 0.00520907
v 0.05560104 0.02461235 0.00519687
v 0.06530570 0.01834918 0.00671932
v 0.01332429 0.03997805 0.00675191
v -0.05245963 -0.02877396 0.00726590
v 0.01851249 0.04106886 0.00715432
v 0.04920969 0.02918087 0.00706483
v -0.04738226 -0.03237055 0.00721736
v -0.01927731 -0.03907977 0.00704794
v 0.05976924 0.02183386 0.00717693
v -0.05832630 -0.02463039 0.00707191
v 0.05385077 0.02566126 0.00718776
v -0.06339023 -0.02109471 0.00713401
v 0.09756559 -0.00653887 0.00880763
v -0.10177295 0.00687655 0.00869272
v -0.06909321 0.02364763 0.00871149
v 0.05193187 -0.02468718 0.00895061
v -0.05929362 0.02551274 0.00916295
v 0.06236767 -0.02257918 0.00866824
v -0.05029677 0.02739225 0.00905725
v 0.10006255 -0.00810996 0.00906271
v 0.07184571 -0.02051623 0.00901682
v -0.10369715 0.00823101 0.01046368
v -0.06237518 0.02511833 0.01020058
v -0.05696706 0.02627789 0.01055820
v 0.05490648 -0.02410856 0.00998995
v 0.05944786 -0.02293140 0.01043868
v 0.06377340 -0.02199231 0.01039791
v -0.05234278 0.02717185 0.01062756
v 0.04733109 -0.02525987 0.01144270
v -0.05521857 0.02677073 0.01146045
v -0.03483627 0.03097626 0.01185799
v 0.08598409 -0.01726368 0.01206692
v -0.10733043 0.01071778 0.01194322
v 0.06632428 -0.02116052 0.01197760
v -0.07610362 0.02281214 0.01194723
v -0.07325257 0.02368647 0.01353008
v 0.04382791 -0.02556026 0.01376519
v -0.03406411 0.03149083 0.01398401
v -0.10577781 0.00967935 0.01385809
v 0.04780326 -0.02477045 0.01391491
v 0.08223927 -0.01748883 0.01404962
v 0.10308808 -0.01034147 0.01519602
v -0.03846549 0.03054986 0.01387840
v 0.10146421 -0.00945590 0.01397224
v 0.03044577 -0.02800302 0.01512086
v 0.09417414 -0.00529444 0.01573535
v -0.09121074 0.02020395 0.01581580
v -0.01260755 0.03606528 0.01566855
v -0.08081064 0.02230064 0.01585931
v -0.09972588 0.00499160 0.01565140
v 0.04101151 -0.02590982 0.01570421
v 0.03757322 -0.02650151 0.01776053
v 0.04650996 -0.01142552 0.04430453
v 0.09191229 -0.00372070 0.01769212
v -0.10893574 0.01118617 0.01771293
v -0.01501877 0.03587625 0.01790138
v 0.10367710 -0.01082230 0.01771114
v 0.02818463 -0.02835342 0.01752235
v -0.09823212 0.00381290 0.01768009
v -0.08360371 0.02190448 0.01778195
v 0.03276526 -0.02750033 0.01776429
v -0.07992393 0.02269820 0.01767744
v 0.03538190 -0.02671115 0.01917694
v 0.08825214 -0.00106613 0.01960034
v -0.09386981 0.00067778 0.01961049
v -0.09682569 0.00279096 0.01964385
v -0.08778358 0.02147151 0.01960622
v -0.00848353 0.03752620 0.01971755
v -0.04711285 0.02959770 0.01961859
v 0.07438722 -0.01829282 0.01973735
v 0.08938209 -0.00232021 0.02138042
v -0.09559974 0.00197649 0.02142692
v -0.09161733 0.02114591 0.02149969
v -0.10069390 0.00587634 0.02149432
v -0.00537686 0.03846138 0.02130492
v 0.00891620 -0.03119947 0.02299928
v -0.10495191 0.01945292 0.02332729
v -0.09416414 0.02100570 0.02335434
v 0.00841716 -0.03104816 0.02399724
v 0.01855157 -0.02923516 0.02331151
v -0.11343081 0.01724062 0.02327227
v -0.00087385 -0.03306717 0.02340040
v -0.11497937 0.01506373 0.02545187
v 0.00597340 -0.03131019 0.02529174
v -0.10694064 0.01905355 0.02550714
v -0.10227534 0.01990308 0.02525207
v 0.01070005 -0.03031236 0.02538814
v 0.08676209 -0.00058433 0.02527877
v 0.01518928 -0.02933380 0.02542209
v 0.00273751 -0.03182364 0.02655732
v 0.02166883 -0.02796802 0.02643353
v -0.11593590 0.01565430 0.02669159
v -0.09875538 0.02026689 0.02697158
v -0.10979311 0.01232037 0.02652260
v -0.11357064 0.01412604 0.02657685
v 0.00452985 -0.03109769 0.02880746
v -0.11608846 0.01692353 0.02826677
v 0.02480485 -0.02702705 0.02832794
v -0.11182798 0.01320602 0.02871704
v -0.00072871 -0.03222497 0.02838083
v 0.09748763 -0.01235357 0.03021236
v -0.11656752 0.01848756 0.03094287
v -0.09555449 0.01709042 0.03254858
v -0.10048637 0.01475538 0.03309483
v -0.09841596 0.01606443 0.03272671
v -0.03054132 0.03507981 0.03361453
v -0.02284748 0.03193659 0.03407351
v -0.10973618 0.01855491 0.03368833
v -0.10665798 0.01732228 0.03358101
v -0.02671288 0.03348818 0.03387320
v -0.08599372 0.00984645 0.03409850
v -0.09124928 0.01104220 0.03380776
v -0.01900950 0.03105304 0.03440255
v -0.09841596 0.01393721 0.03323081
v -0.09511060 0.01271129 0.03343751
v 0.09085976 -0.01316482 0.03444640
v 0.01071189 -0.02921036 0.03399920
v -0.10667866 0.01520742 0.03525915
v -0.08185309 0.00792266 0.03453068
v -0.01560125 0.02784583 0.03498957
v -0.07771228 0.00330119 0.03550100
v -0.06529004 0.00166493 0.03618442
v -0.01560125 0.02948216 0.03478115
v -0.07357166 0.00493753 0.03528559
v -0.01146044 0.02948216 0.03500194
v -0.00731964 0.02457323 0.03591928
v -0.00317901 0.02620950 0.03593575
v 0.08861470 -0.01341910 0.03578782
v 0.00802101 -0.02944243 0.03608205
v 0.09360951 -0.01229105 0.03596441
v 0.04417881 -0.00160773 0.04255387
v 0.02166548 -0.01878894 0.04410609
v 0.04695526 -0.00018202 0.04253630
v 0.00924323 -0.02124337 0.04395663
v 0.05479140 -0.00324400 0.04349254
v 0.02923999 -0.00787873 0.04258057
v 0.03822852 -0.01142552 0.04374489
v 0.01338404 -0.01404711 0.04262425
v 0.02166548 -0.01633444 0.04359534
v 0.00096180 -0.01960711 0.04289000
v 0.03295830 -0.00651666 0.04259559
v 0.01752485 -0.01250851 0.04261120
v 0.04236916 -0.00978925 0.04372442
v 0.05479140 -0.00815292 0.04426230
v 0.05065077 -0.00488033 0.04345910
v 0.01451081 -0.02156590 0.04456660
v 0.01426032 -0.02301816 0.04613486
v 0.01795795 -0.02223178 0.04587603
v 0.02489818 -0.02009625 0.04513562
v 0.04941510 0.00511147 -0.03925975
v 0.02376381 0.01760492 -0.04131897
v 0.05480271 0.00221918 -0.03774250
v 0.06187765 0.02405028 -0.03297433
v 0.06046433 0.02530743 -0.03458969
v 0.05743898 0.02694411 -0.03166755
v -0.03468848 -0.00650255 -0.04262644
v -0.01997505 -0.01381002 -0.04054802
v 0.03238324 0.00668528 -0.03956542
v 0.01434818 0.02320788 -0.04347152
v -0.05023985 -0.01049397 -0.04301682
v -0.05421537 -0.00928167 -0.04338724
v -0.00496003 -0.02174033 -0.03853248
v 0.09159497 0.00155086 -0.01997559
v 0.05887847 0.02604065 -0.03303243
v -0.03837498 -0.00383024 -0.04337521
v 0.02483578 0.01562894 -0.04077102
v -0.02228940 -0.04297207 -0.01828516
v -0.06057683 -0.00685533 -0.04438349
v -0.03883937 -0.00784890 -0.04261791
v -0.07099903 -0.01203306 -0.01683736
v -0.06205203 -0.01749673 -0.02726886
v 0.04623189 0.03439102 -0.01655174
v -0.02270606 -0.04358171 -0.02052072
v -0.00499096 -0.03929199 -0.01684768
v 0.02321422 -0.02963614 0.01228881
v -0.01955697 -0.04258394 -0.02049700
v -0.03057950 -0.04217863 -0.01487104
v 0.07150630 0.01554924 -0.01880223
v 0.05276925 0.00112424 -0.03771469
v -0.00869442 -0.02294299 -0.03829702
v -0.06404518 -0.01712991 -0.01490474
v 0.04533900 0.03491956 -0.01475809
v 0.06483565 0.02076735 -0.01306732
v 0.04455623 0.00350762 -0.03905825
v 0.01835198 0.03831782 -0.01296879
v 0.07540916 0.01247797 -0.01305939
v 0.05653106 0.00063964 -0.03741159
v -0.05353425 -0.02588810 -0.01300342
v -0.06315370 -0.01828995 -0.01250461
v -0.05580370 -0.02123331 -0.03496872
v -0.01245516 -0.04075194 -0.01874942
v 0.02097251 0.01605898 -0.04136777
v 0.09199307 0.00090901 -0.01872877
v -0.01416530 -0.04143954 -0.02009562
v 0.02188981 0.03913850 -0.01296461
v -0.04255203 -0.03361604 -0.01306186
v -0.04411738 -0.03267597 -0.01104034
v 0.07311938 0.01411304 -0.01106474
v -0.05671198 -0.00820420 -0.04378692
v -0.05390901 -0.02311212 -0.03127760
v -0.04140174 -0.03468017 -0.01101296
v 0.05550717 0.02749410 -0.01101868
v 0.03640932 0.01101069 -0.04042355
v 0.05256190 0.02947189 -0.01105289
v -0.04704621 -0.02908734 -0.02055237
v -0.06709722 -0.01518921 -0.01491258
v -0.05128070 -0.02768077 -0.00915865
v 0.06962575 0.01704879 -0.02043319
v 0.06172721 0.02297400 -0.00930035
v 0.04063746 0.00936109 -0.04031777
v -0.05638635 -0.02431890 -0.00913016
v 0.00788860 0.03577747 -0.01683335
v -0.04568485 -0.03173346 -0.00909561
v 0.06746643 0.01862225 -0.00909160
v 0.08779888 0.00364161 -0.01676979
v -0.06582515 -0.01550978 -0.01683002
v -0.02275981 -0.01232290 -0.04089251
v 0.06580420 0.02001967 -0.00724497
v 0.06352609 0.02173648 -0.00716051
v 0.01813102 0.03888939 -0.00745065
v 0.06053044 0.02372789 -0.00680289
v -0.05224714 -0.02731542 -0.00722774
v 0.05674160 0.02650660 -0.00902148
v -0.01956899 -0.04112365 -0.00715812
v -0.06988905 -0.01276586 -0.01854613
v 0.01073063 0.03650622 -0.01484852
v -0.04724844 -0.03078529 -0.00715318
v -0.03117842 -0.01560122 -0.04059195
v 0.07989221 0.00861920 -0.00579341
v -0.01679626 -0.02025014 -0.03913068
v 0.01447316 0.03778866 -0.01104239
v 0.03833972 0.03975569 -0.00574760
v -0.03771472 -0.03781081 -0.00563926
v -0.02916405 -0.04322823 -0.01623797
v -0.02712671 -0.04364863 -0.01476994
v -0.08046186 -0.00648229 -0.00583522
v -0.00102464 0.01732877 -0.04350556
v 0.02468747 0.03984434 -0.01110433
v 0.01785843 0.01256697 -0.04112173
v -0.06023866 -0.01873354 -0.02932962
v 0.08992391 0.00239983 -0.01871333
v -0.01275603 -0.01907626 -0.03911293
v 0.03901394 0.03902003 -0.00433989
v -0.06867443 -0.01410922 -0.02046092
v -0.07872256 -0.00775117 -0.00425365
v -0.02651683 -0.01713668 -0.04024406
v 0.05412442 0.02853539 -0.01302953
v 0.02943426 0.00822158 -0.03977136
v 0.04927050 0.03243614 -0.02055536
v 0.06848501 0.01760974 -0.01887679
v 0.01436232 0.01248663 -0.04120030
v -0.05825930 -0.02045496 -0.02930172
v 0.03679028 0.04069597 -0.00430756
v -0.03953021 -0.03670819 -0.00421671
v 0.05177613 0.03036117 -0.01682593
v -0.03239870 -0.04092155 -0.01299702
v -0.04201321 -0.00948873 -0.04284714
v -0.04618354 -0.01098409 -0.04277027
v -0.00882047 -0.03980454 -0.01481789
v 0.04753297 0.03330236 -0.01486498
v -0.04236977 -0.00231930 -0.04373820
v 0.01366600 0.03719222 -0.01350351
v -0.04637304 -0.00068653 -0.04410632
v -0.03602368 -0.03939273 -0.00252219
v 0.08241746 0.00674780 -0.00238543
v 0.04003854 0.03774353 -0.00246767
v -0.05017903 -0.02886324 -0.00728549
v 0.07667930 0.01104338 -0.00243926
v -0.04065257 -0.03609471 -0.00240932
v 0.08069513 0.00798169 -0.00070610
v -0.03505883 -0.04072609 -0.00052763
v 0.07835002 0.00959574 -0.00053804
v 0.07573903 0.01163829 -0.00049982
v -0.03706719 -0.03902381 -0.00037961
v 0.04138734 0.03652347 -0.00062966
v -0.03396795 -0.04196619 0.00146104
v -0.08650743 -0.00344085 0.00176227
v 0.08438427 0.00523526 0.00133760
v -0.07614534 -0.01098605 0.00147119
v 0.02859670 0.04221201 0.00142368
v 0.08514989 0.00378286 0.00322364
v -0.07770999 -0.00994853 0.00317894
v 0.08295910 0.00533872 0.00336944
v 0.03293761 0.04227446 0.00326851
v -0.11176964 0.01323704 0.01247223
v -0.08450067 -0.00532182 0.00529967
v 0.08636257 0.00244621 0.00521990
v -0.08925259 -0.00187619 0.00527757
v 0.08707215 0.00116958 0.00703864
v -0.09117892 -0.00057685 0.00721497
v -0.08849192 -0.00272370 0.00712292
v -0.09289365 0.00048344 0.00857772
v 0.00390194 -0.03409526 0.00948602
v -0.11189268 0.01512695 0.00950718
v -0.00084680 -0.03506955 0.00886539
v 0.01092986 -0.03248247 0.01047434
v -0.10996688 0.01606660 0.01058806
v 0.00205622 -0.03425718 0.01033205
v 0.00856459 -0.03267632 0.01164037
v -0.09834649 0.01845257 0.01181380
v 0.10646256 -0.01228273 0.01180245
v -0.01297259 0.03543391 0.01186550
v 0.10383089 -0.01371061 0.01203697
v -0.09602842 0.01913661 0.01365053
v 0.00619933 -0.03286836 0.01400875
v 0.10562959 -0.01241979 0.01397761
v 0.02533765 -0.02894155 0.01379394
v -0.11077298 0.01274629 0.01399485
v -0.11322822 0.01412897 0.01384581
v -0.01645826 0.03506053 0.01396439
v 0.09276134 -0.01516070 0.01548872
v -0.02402128 0.03385465 0.01588490
v -0.01964978 0.03472843 0.01583798
v 0.09705135 -0.01432452 0.01556831
v -0.03147257 0.03257606 0.01759708
v 0.02058661 -0.02988623 0.01720474
v 0.08963399 -0.01554813 0.01780933
v -0.02259717 0.03449413 0.01804325
v 0.10072370 -0.01354309 0.01747602
v -0.03058445 0.03311780 0.01974409
v 0.01798818 -0.02993876 0.01940054
v -0.02566689 0.03424411 0.02006485
v -0.02802738 0.03393688 0.02138213
v 0.01451505 -0.03030977 0.02143886
v 0.09330228 -0.01437321 0.02150549
v -0.10880104 0.01819102 0.02152025
v -0.04093859 0.03140442 0.02338718
v 0.07502927 -0.01768953 0.02394434
v -0.00731964 0.00984645 0.03795223
v -0.05035758 0.02951849 0.02330290
v 0.06610561 -0.01947452 0.02345739
v -0.04605856 0.03037752 0.02342762
v 0.07013009 -0.01873061 0.02338582
v -0.10345409 0.00804051 0.02332380
v 0.09746165 -0.00782655 0.02355789
v 0.05785476 -0.02093153 0.02476000
v 0.07744439 -0.01699089 0.02524994
v -0.03427112 0.03303991 0.02529191
v 0.08015348 -0.01636141 0.02631785
v -0.05339035 0.02931220 0.02551243
v -0.10250586 0.00703219 0.02531255
v 0.09592634 -0.00684771 0.02540452
v -0.04342424 0.03107413 0.02541535
v 0.06744822 -0.01905056 0.02547550
v 0.09436400 -0.00590841 0.02668341
v -0.02184693 0.03580786 0.02667906
v 0.05909661 -0.02037700 0.02699573
v -0.10573344 0.00966161 0.02699624
v 0.08561446 -0.01527981 0.02671480
v -0.06122260 0.02782871 0.02688568
v 0.10049672 -0.00971332 0.02686170
v -0.05758242 0.02864360 0.02683995
v 0.08212348 -0.01585704 0.02820739
v 0.10176791 -0.01108412 0.02840463
v -0.05981493 0.02846001 0.02839789
v 0.06267685 -0.01958398 0.02836027
v -0.01982037 0.03638970 0.02814861
v -0.10780066 0.01078694 0.02822914
v -0.03841051 0.03243837 0.02836957
v -0.01770259 0.03705551 0.02969845
v -0.10894175 0.01108711 0.03020382
v -0.09897899 0.00380249 0.03019563
v -0.01260366 0.03827619 0.03023812
v 0.03953084 -0.02388523 0.03027139
v -0.00845879 0.03901444 0.03023983
v 0.09269788 -0.00517953 0.03213866
v 0.03680513 -0.02430758 0.03198639
v -0.01600235 0.03801821 0.03201019
v -0.00522272 0.03993446 0.03183871
v 0.09019314 -0.00367669 0.03199321
v -0.08396522 0.02341025 0.03220043
v -0.09193358 0.02176868 0.03322373
v -0.09167195 0.02024454 0.03271963
v -0.08044242 0.02174724 0.03262007
v -0.05238644 0.03018346 0.03335562
v -0.04571985 0.02741830 0.03361419
v -0.04143586 0.02905526 0.03373397
v -0.00864334 0.03655722 0.03425675
v -0.00504700 0.03814618 0.03422971
v -0.03630493 0.02620950 0.03417161
v -0.08722868 0.01843706 0.03266349
v -0.07771228 0.01639164 0.03328106
v -0.06943085 0.01311905 0.03416069
v -0.06529004 0.01475538 0.03412938
v 0.02867360 -0.02563172 0.03386671
v 0.03236239 -0.02491143 0.03394102
v 0.08810382 -0.00261207 0.03394690
v -0.10152740 0.00551881 0.03393701
v -0.09631586 0.00200241 0.03443258
v -0.04917459 0.03186128 0.03381826
v 0.07006345 -0.01712250 0.03598284
v 0.03003035 -0.02504709 0.03621821
v -0.09417705 0.00077307 0.03588652
v -0.02802332 0.00166493 0.03798354
v -0.02388269 0.00330119 0.03797253
v -0.01974188 0.00493753 0.03795641
v -0.01146044 0.00821012 0.03794609
v -0.01560125 0.00657386 0.03795052
v -0.00317901 0.01148272 0.03795581
v 0.03384925 -0.02356940 0.04012833
v 0.03630025 -0.02271847 0.04150336
v 0.01752485 0.00002860 0.04073633
v 0.01338404 -0.00160773 0.04073812
v 0.02166548 -0.00488033 0.04169625
v 0.02580628 -0.00324400 0.04170588
v 0.00510260 -0.01142552 0.04173276
v 0.00096180 -0.00815292 0.04099081
v 0.00924323 -0.00978925 0.04171732
v 0.04088990 -0.02191323 0.04164762
v 0.04236916 -0.01306185 0.04431707
v 0.02925696 -0.01692536 0.04417468
v 0.03201732 -0.01606172 0.04420898
v 0.03822852 -0.01469818 0.04436475
v 0.05583633 -0.01830616 0.04473168
v 0.05127496 -0.01814793 0.04615704
v -0.03077766 -0.01255469 -0.04117983
v -0.04121577 -0.00784737 -0.04287759
v 0.03616784 0.00700397 -0.03965772
v -0.05465872 -0.02211344 -0.03484775
v -0.04983945 -0.00674425 -0.04374588
v -0.06027967 -0.01090208 -0.04391480
v -0.05369123 -0.00776654 -0.04364470
v 0.05765553 0.02694565 -0.03291248
v -0.01292450 -0.02298016 -0.03847378
v 0.06163671 0.02390421 -0.03108164
v 0.01742691 0.01582838 -0.04145009
v -0.06707584 -0.01519794 -0.02068759
v -0.01254532 -0.01828157 -0.03938353
v 0.04585607 0.03533290 -0.02046322
v 0.05854400 0.02602368 -0.03123630
v 0.04807461 0.03347303 -0.02043089
v -0.02969792 -0.04210290 -0.02058163
v -0.01652809 -0.02170862 -0.03898966
v -0.04235580 -0.00352908 -0.04352143
v -0.03850862 -0.00923557 -0.04246964
v 0.02490738 0.01419841 -0.04056406
v 0.04647938 0.03452912 -0.01883772
v -0.00521830 -0.04021383 -0.02077836
v 0.01180843 0.03584663 -0.02058240
v -0.04642431 -0.00531072 -0.04354540
v 0.04407275 0.00441038 -0.03940102
v -0.02197633 -0.04270745 -0.01676962
v 0.08946040 0.00230454 -0.01680008
v 0.09177917 0.00040792 -0.01671801
v 0.07149428 0.01545213 -0.01678566
v -0.01815496 -0.04141970 -0.01307585
v -0.05175128 -0.02701741 -0.01302927
v -0.02758314 -0.04370899 -0.02058957
v -0.03446487 -0.00068520 -0.04360776
v 0.06591062 0.01985027 -0.01300590
v 0.06394505 0.02151070 -0.01291402
v -0.05978099 -0.01824783 -0.03486771
v -0.04886311 -0.02896942 -0.01300061
v 0.01108507 0.01863524 -0.04264137
v -0.05727925 -0.00943354 -0.04356195
v -0.05625678 -0.02427077 -0.01101160
v -0.01284354 -0.04052113 -0.01662238
v 0.01994615 0.03854269 -0.01350590
v 0.05614056 0.00401821 -0.03768901
v -0.04402846 -0.03256902 -0.01295497
v 0.06237987 0.02272279 -0.01100784
v -0.04527703 -0.03187736 -0.01107677
v 0.03272372 0.01096319 -0.04030676
v -0.05370024 -0.02304610 -0.03306161
v 0.06764851 0.01855526 -0.01103830
v 0.08810612 0.00367451 -0.01862546
v 0.06960914 0.01697635 -0.01471091
v 0.01478941 0.01723733 -0.04221354
v -0.02446145 -0.04325345 -0.01495934
v -0.06996348 -0.01273562 -0.01672185
v -0.03451595 -0.01094232 -0.04167455
v -0.04153856 -0.03472369 -0.00905253
v 0.01397854 0.03782624 -0.00909083
v 0.04093515 0.00795465 -0.04007890
v 0.02502281 0.03997770 -0.00902224
v 0.07315951 0.01406855 -0.00910422
v -0.04420877 -0.03269756 -0.00915908
v 0.05241376 0.00547291 -0.03882885
v 0.05252849 0.02944660 -0.00907002
v 0.09057108 0.00118299 -0.01476500
v -0.03263011 -0.04153056 -0.00772578
v 0.06481620 0.02077070 -0.00778430
v -0.06587411 -0.01556469 -0.01873108
v -0.01647258 -0.04118701 -0.01481729
v 0.02159618 0.03952970 -0.00747650
v -0.01982125 -0.04192610 -0.01485423
v -0.04680049 -0.03052200 -0.01305341
v -0.05724549 -0.02017092 -0.03494808
v -0.02668141 -0.01278053 -0.04113419
v -0.04320787 -0.03354143 -0.00729914
v 0.01637527 0.03845167 -0.00730213
v 0.07502061 0.01261049 -0.00727056
v 0.05693693 0.02647831 -0.01100051
v 0.02651481 0.04040858 -0.00679248
v 0.04779619 0.00086493 -0.03782628
v 0.04430751 0.00240570 -0.03865797
v -0.03079393 -0.01415672 -0.04086171
v -0.03381539 -0.04066308 -0.00579111
v 0.04184519 0.03679627 -0.00579196
v 0.08040362 0.00820642 -0.00578872
v 0.07882148 0.00948222 -0.00577038
v 0.07601268 0.01181356 -0.00577951
v -0.05417047 -0.02572121 -0.00736688
v -0.05644186 -0.02173013 -0.02930471
v -0.05083116 -0.02776243 -0.01109418
v -0.07083640 -0.01226401 -0.01899605
v 0.02900505 0.04120285 -0.00588282
v -0.06875008 -0.01407967 -0.01486754
v -0.06375509 -0.01863700 -0.00731561
v 0.06071623 0.02379593 -0.01306852
v 0.05184454 0.03035726 -0.01877007
v -0.00870503 -0.01866997 -0.03911660
v 0.05507300 0.02767216 -0.00910687
v -0.02285685 -0.01721129 -0.04012804
v 0.08181730 0.00701962 -0.00426491
v -0.03998859 -0.03560096 -0.01154905
v 0.02862145 0.00939986 -0.03988456
v 0.04033994 0.03786431 -0.00439833
v 0.05030570 0.03156097 -0.02058283
v 0.06848501 0.01760723 -0.01693393
v 0.07698229 0.01097653 -0.00430082
v -0.04049505 -0.03600599 -0.00427344
v -0.03579298 -0.03932657 -0.00445054
v 0.02167962 0.01263578 -0.04088397
v -0.06432343 -0.01719550 -0.02059119
v -0.01888593 -0.01547695 -0.04033125
v 0.06023522 0.02469891 -0.02921692
v -0.00910066 -0.04023325 -0.01890289
v -0.00510587 -0.03960977 -0.01881366
v 0.04934970 0.03198884 -0.01482327
v -0.03863448 -0.00231965 -0.04360717
v -0.08172281 -0.00610758 -0.00218538
v 0.04797844 0.00556931 -0.03954093
v 0.03891141 0.03873061 -0.00242553
v -0.00516968 -0.02023547 -0.03869448
v -0.07874183 -0.00806679 -0.00238876
v -0.03985584 -0.03669380 -0.00234798
v 0.03653077 0.04066712 -0.00239712
v 0.07972039 0.00859699 -0.00045128
v 0.03754971 0.03951259 -0.00055220
v -0.03861098 -0.03786488 -0.00049043
v -0.08087976 -0.00699288 -0.00073775
v -0.08823312 -0.00236198 0.00136984
v -0.08517047 -0.00419789 0.00144227
v -0.09024430 -0.00084266 0.00148595
v -0.03216412 0.00493753 0.03726437
v -0.08962948 -0.00146697 0.00306198
v 0.08675413 0.00275247 0.00327773
v -0.08403893 -0.00529675 0.00331714
v -0.07785123 -0.00999380 0.00433677
v -0.08558838 -0.00446454 0.00486808
v 0.08478626 0.00363057 0.00506123
v 0.03286496 0.04228096 0.00520062
v 0.08178000 0.00547752 0.00517435
v -0.03449668 -0.04171107 0.00719484
v -0.08682369 -0.00390596 0.00720550
v -0.07697407 -0.01112345 0.00716524
v 0.02994373 0.04306419 0.00706278
v 0.08309751 0.00410078 0.00725473
v 0.02667938 -0.02962943 0.00847902
v 0.00684968 -0.03355282 0.00905427
v -0.09507525 0.01842246 0.00879612
v -0.01572747 0.03440897 0.00904846
v -0.11082406 0.01283235 0.00904957
v 0.10643357 -0.01349692 0.00899088
v -0.11216438 0.01409740 0.00904045
v 0.00939067 -0.03284775 0.01026209
v -0.09858655 0.01806039 0.01012909
v -0.10374170 0.00756255 0.02873521
v -0.01289640 0.03523182 0.01048535
v 0.10665207 -0.01248280 0.01044849
v 0.10441991 -0.01376126 0.01034322
v -0.11060045 0.01618193 0.01200635
v 0.01094594 -0.03212976 0.01194765
v -0.10185161 0.01802574 0.01246745
v 0.00794870 -0.03246654 0.01379676
v 0.08747909 -0.00004992 0.01430904
v 0.00296503 -0.03354653 0.01387473
v -0.00112911 -0.03437860 0.01375129
v -0.11310766 0.01563544 0.01390365
v -0.10954968 0.01678689 0.01398316
v 0.09462227 -0.01468449 0.01605637
v -0.10650595 0.01760234 0.01547933
v 0.01486931 -0.03090188 0.01569082
v -0.02704945 0.03320198 0.01574815
v 0.01294794 -0.03123251 0.01750776
v -0.03187173 0.03272164 0.01908890
v -0.02982979 0.03294190 0.01778800
v 0.01794257 -0.03024690 0.01785463
v 0.08946287 -0.01543084 0.01962056
v -0.02301613 0.03467589 0.01968488
v 0.10044068 -0.01335846 0.01958455
v -0.02038729 0.03542895 0.02156265
v 0.10091444 -0.01300317 0.02148792
v 0.09714133 -0.01367980 0.02149465
v -0.05729109 0.02804387 0.02325060
v 0.06268446 -0.02010512 0.02346916
v 0.04433986 -0.02413294 0.02338095
v -0.10734635 0.01072526 0.02352726
v 0.08309292 -0.01616204 0.02337891
v 0.10236153 -0.01051891 0.02344238
v -0.01942121 0.03591132 0.02346737
v -0.03834015 0.03199052 0.02344195
v 0.05742041 -0.02085692 0.02585854
v 0.05974255 -0.02044386 0.02530701
v 0.09439740 -0.00589507 0.02581546
v -0.03589287 0.03269887 0.02528466
v 0.08051252 -0.01641722 0.02506276
v 0.08549036 -0.01545557 0.02517512
v -0.02162808 0.03576175 0.02581000
v -0.06047307 0.02772421 0.02528918
v -0.05635330 0.02864918 0.02531613
v 0.10040091 -0.00965562 0.02522315
v -0.10513824 0.00948494 0.02535384
v -0.03511841 0.03300421 0.02687237
v -0.10265594 0.00687913 0.02702712
v 0.09578333 -0.00671806 0.02669322
v 0.07833375 -0.01662721 0.02699197
v 0.07911157 -0.01627898 0.02873051
v -0.05359382 0.02950899 0.02691093
v 0.06743373 -0.01887312 0.02694787
v -0.04383630 0.03115880 0.02716814
v -0.03668305 0.03291284 0.02906553
v 0.09743973 -0.00784681 0.02835805
v 0.07018984 -0.01809701 0.02844549
v 0.07435169 -0.01726634 0.02837050
v -0.04630940 0.03087979 0.02834687
v -0.04191121 0.03173037 0.02850325
v -0.06529004 0.01639164 0.03389930
v -0.09502752 0.00095400 0.03019965
v -0.09718100 0.00267101 0.03029502
v -0.09148103 0.02262988 0.03025868
v 0.03176364 -0.02542781 0.03009625
v 0.07113790 -0.01766704 0.03022677
v -0.05002736 0.03079170 0.03028419
v -0.09657926 0.00198369 0.03152093
v 0.03347466 -0.02492023 0.03195729
v -0.10177736 0.00545321 0.03212877
v -0.04937594 0.03159645 0.03214191
v 0.08837623 -0.00240292 0.03203100
v -0.08785023 0.02274451 0.03213030
v 0.02897464 -0.02580301 0.03213602
v -0.05355139 0.03027385 0.03216486
v -0.09087717 0.02147731 0.03306121
v 0.09236130 -0.00522207 0.03399434
v -0.01636970 0.03785111 0.03356215
v -0.03837533 0.02904157 0.03380281
v -0.01199643 0.03669665 0.03415318
v -0.03508694 0.02765330 0.03404322
v -0.04596663 0.02598225 0.03372220
v -0.04044556 0.02457323 0.03414389
v -0.07357166 0.01311905 0.03397045
v -0.07771228 0.01475538 0.03352445
v -0.08296784 0.01846849 0.03281168
v -0.07978269 0.02011055 0.03275000
v 0.08988891 -0.00380313 0.03395322
v 0.03644998 -0.02416305 0.03390587
v -0.09965481 0.00479984 0.03448402
v -0.00451827 0.03927885 0.03430000
v -0.00795037 0.04027319 0.03439965
v -0.04872028 0.03295497 0.03443701
v -0.10861701 0.01151897 0.03592645
v -0.09747446 0.00403504 0.03560048
v -0.02388269 0.00166493 0.03821157
v -0.02802332 0.00330119 0.03774091
v -0.00731964 0.00821012 0.03817949
v -0.01560125 0.01148272 0.03723119
v -0.01146044 0.00984645 0.03771268
v 0.04090297 -0.02269235 0.03763095
v 0.03631103 -0.02315571 0.03968062
v 0.04156659 -0.02212650 0.04019930
v 0.03367901 -0.02333168 0.04120349
v 0.01338404 -0.00324400 0.04096923
v 0.02166548 0.00002860 0.04097247
v 0.02580628 -0.00160773 0.04146011
v 0.00924323 -0.00815292 0.04146770
v 0.00510260 -0.00651666 0.04097896
v 0.01752485 -0.00488033 0.04145652
v 0.00096180 -0.00978925 0.04124325
v 0.02993896 -0.02355815 0.04378388
v 0.03408772 -0.01469818 0.04410541
v 0.03745372 -0.01573884 0.04454391
v 0.04796695 -0.01968311 0.04484429
v 0.04094752 -0.01680570 0.04533269
v 0.04408618 -0.01952062 0.04618733
v 0.04788723 -0.01859879 0.04640308
v 0.01175151 0.00671490 -0.04107191
v 0.00670137 0.00699363 -0.04152465
v 0.01761500 0.00401842 -0.04031129
v -0.04229641 -0.01868793 -0.04167873
v -0.03473215 -0.02299371 -0.04044130
v -0.02309745 -0.00529689 -0.04234773
v -0.04638241 -0.02024323 -0.04212226
v 0.05223115 0.01571347 -0.03913562
v 0.04934103 0.01448210 -0.03930240
v 0.04427056 0.01731299 -0.04025856
v 0.04028426 0.01873737 -0.04065713
v -0.02017321 -0.00396038 -0.04235498
v -0.01289887 -0.00840804 -0.04088491
v 0.03635399 0.01859137 -0.04169929
v -0.06210878 -0.01558781 -0.03685724
v -0.03382334 -0.03909744 -0.02063563
v 0.03227789 0.03989408 -0.01889198
v -0.04883306 -0.01555519 -0.04275995
v 0.03917110 0.04024811 -0.01678080
v -0.02571939 -0.00078035 -0.04286283
v 0.02861296 0.02195324 -0.04200146
v 0.04754746 0.01570760 -0.03969287
v -0.07869693 -0.00767999 -0.01479289
v -0.00879678 -0.00933323 -0.04047918
v -0.00200822 0.03422126 -0.01354711
v 0.01107057 0.00829968 -0.04134985
v -0.08223758 -0.00515990 -0.01311586
v 0.05563851 0.01268621 -0.03972921
v -0.07771918 -0.00836138 -0.01306664
v -0.08801958 -0.00076889 -0.01302774
v 0.00257718 0.03527387 -0.01302740
v 0.08423030 0.00646768 -0.01878022
v -0.00125869 0.03462644 -0.01104120
v -0.08636071 -0.00213697 -0.01104325
v -0.01286811 -0.00650967 -0.04152457
v -0.08132877 -0.00584869 -0.01097508
v -0.08390617 -0.00386950 -0.01098216
v -0.00078493 0.00940118 -0.04211423
v 0.08425346 0.00533376 -0.00913110
v -0.03788725 -0.03652405 -0.01481516
v -0.07488634 -0.01085178 -0.00906200
v -0.01674640 -0.00744450 -0.04142817
v 0.00324115 0.01096011 -0.04176600
v 0.05235808 0.01371444 -0.03940315
v 0.04230817 0.03818370 -0.02069774
v -0.07364714 -0.01155035 -0.00724369
v -0.03813615 -0.02171127 -0.04088193
v 0.02466360 0.00088295 -0.03973058
v -0.07651109 -0.00940057 -0.00733293
v -0.08007048 -0.00670562 -0.01679342
v 0.04287456 0.03632913 -0.00905082
v 0.03353070 0.04178071 -0.00722578
v 0.00687125 0.03636378 -0.00578224
v 0.01184768 0.03731726 -0.00580314
v -0.03573889 -0.03803107 -0.01488580
v -0.00480659 -0.01087365 -0.03978569
v -0.07188345 -0.01261057 -0.00602844
v 0.07950931 0.00984897 -0.01870216
v 0.05097356 0.03018415 -0.00580851
v -0.06130020 -0.01702896 -0.03873526
v -0.00596606 -0.03862926 -0.00575844
v 0.04553787 0.03378515 -0.00575733
v 0.01423239 0.00542345 -0.04069424
v 0.04648875 0.03294337 -0.00480091
v 0.03237971 0.02298315 -0.04178801
v 0.03753486 0.02078055 -0.04115552
v 0.01001858 0.03715303 -0.00478129
v -0.02703903 -0.04258289 -0.00585279
v 0.02073210 0.00235666 -0.04013930
v 0.08348307 0.00590658 -0.00709423
v -0.06578130 -0.01701429 -0.00422805
v 0.04380882 0.03495518 -0.00424145
v -0.07083268 -0.01357034 -0.00434314
v -0.03127688 -0.04256962 -0.00424725
v 0.02878620 0.03907864 -0.02056952
v -0.06783739 -0.01549246 -0.00417977
v 0.08575075 0.00393487 -0.00757128
v -0.08546834 -0.00296904 -0.00925540
v 0.04028178 0.03919509 -0.01472635
v 0.03699710 0.04085734 -0.01476022
v -0.00889419 -0.03894641 -0.00423078
v -0.05522441 -0.01751384 -0.04293629
v 0.07822539 0.01111611 -0.02048114
v 0.00012494 0.03589043 -0.00201869
v -0.07004197 -0.01441980 -0.00247834
v 0.08197976 0.00789597 -0.01884053
v -0.04855835 -0.03037041 -0.00234449
v -0.01765292 -0.04016514 -0.00253737
v 0.04766396 0.03183285 -0.00256911
v -0.01238746 -0.03912518 -0.00244379
v -0.00762086 -0.03841557 -0.00241470
v 0.09045706 0.00088421 -0.00233800
v 0.00298147 0.03670119 -0.00059485
v 0.04891094 0.03065506 -0.00050758
v -0.01632268 -0.03965951 -0.00042892
v -0.00487783 -0.03749171 -0.00047755
v 0.06966447 0.01558361 -0.00057395
v 0.04605936 0.03265248 -0.00040180
v 0.08836297 0.00217126 -0.00076419
v 0.06770101 0.01712221 -0.00053591
v 0.04983707 0.02939693 0.00198425
v 0.06592211 0.01829280 0.00139023
v -0.05165070 -0.02851137 0.00196403
v 0.01471870 0.03916805 0.00142325
v 0.06064340 0.02218321 0.00137462
v 0.01967144 0.04045440 0.00191583
v -0.04651924 -0.03206116 0.00144023
v -0.05705475 -0.02452567 0.00147896
v -0.02267725 -0.04052434 0.00152170
v -0.01923648 -0.03988892 0.00146394
v 0.05459058 0.02597820 0.00138529
v -0.05072439 -0.02934120 0.00317757
v 0.06194942 0.02101276 0.00304961
v 0.01736876 0.03993690 0.00335408
v -0.05349005 -0.02741014 0.00317715
v 0.05864530 0.02289799 0.00317971
v -0.05617741 -0.02541083 0.00342873
v -0.02156656 -0.04004247 0.00373158
v 0.05639511 0.02432692 0.00325853
v 0.05357907 0.02623388 0.00373644
v -0.02965337 -0.04131554 0.00510414
v 0.02387589 0.04157735 0.00475897
v -0.06593262 -0.01899264 0.00517947
v 0.06263903 0.02027102 0.00524481
v 0.05136636 0.02759113 0.00528090
v 0.07310612 0.01242453 0.00504280
v 0.04191449 0.03523887 0.00522400
v -0.04452909 -0.03433710 0.00580530
v -0.06715610 -0.01828856 0.00724330
v 0.06423284 0.01888973 0.00728962
v 0.04989169 0.02857164 0.00771319
v -0.02684846 -0.04048236 0.00718273
v 0.02183200 0.04155332 0.00713896
v -0.04358051 -0.03525775 0.00703889
v -0.04607217 -0.03334506 0.00711294
v -0.06506677 -0.01988744 0.00719945
v 0.10179408 -0.00921789 0.00861910
v -0.07691803 0.02206585 0.00875013
v -0.03720012 0.02990850 0.00877939
v -0.07220836 0.02302702 0.00872846
v 0.04433579 -0.02606379 0.00900188
v 0.04934669 -0.02520042 0.00945250
v -0.10512904 0.00953915 0.00905188
v 0.06978061 -0.02122192 0.00902048
v -0.03496373 0.03070207 0.01030466
v 0.04730175 -0.02541461 0.01045029
v 0.08634454 -0.01727863 0.01045190
v -0.10712467 0.01065302 0.01047562
v -0.05470698 0.02667139 0.01023368
v -0.07532157 0.02266236 0.01022481
v 0.06632340 -0.02153887 0.01047229
v 0.05507035 -0.02381837 0.01146309
v 0.09837416 -0.00741167 0.01186072
v -0.10346893 0.00805022 0.01204823
v 0.02580628 -0.01469818 0.04353110
v -0.05713182 0.02650164 0.01197350
v -0.05365640 0.02716793 0.01213081
v 0.06291568 -0.02187676 0.01208620
v 0.05881500 -0.02282382 0.01205267
v -0.10195007 0.00674843 0.01400636
v 0.09664405 -0.00674041 0.01388352
v 0.05108988 -0.02405128 0.01392609
v -0.06084483 0.02609221 0.01394997
v 0.06035861 -0.02205120 0.01389486
v -0.05093564 0.02800433 0.01401515
v -0.04143515 0.02991786 0.01398214
v 0.07043786 -0.01988835 0.01396797
v 0.09947636 -0.00840029 0.01371921
v -0.04382658 0.02965121 0.01518535
v -0.00900025 0.03684782 0.01570788
v 0.07718435 -0.01804978 0.01575335
v 0.09030380 -0.00216575 0.01572537
v -0.09592448 0.00222009 0.01571488
v -0.10079219 0.00584057 0.01570199
v -0.00516473 0.03761604 0.01575659
v -0.09672351 0.00274925 0.01720073
v 0.03541637 -0.02697361 0.01758428
v 0.07393750 -0.01861877 0.01774390
v 0.08826840 -0.00092579 0.01767983
v -0.09391577 0.00069755 0.01771549
v -0.08790450 0.02113759 0.01763615
v -0.04662619 0.02944982 0.01768862
v -0.00768203 0.03740870 0.01772027
v 0.03259679 -0.02722314 0.01960162
v -0.08008180 0.02281556 0.01965383
v 0.04165975 -0.02509655 0.02008200
v -0.10895236 0.01118184 0.01968036
v 0.10355406 -0.01100281 0.01956323
v -0.09834402 0.00388471 0.01955657
v -0.08391165 0.02204930 0.01965690
v -0.01587348 0.03595938 0.01959223
v 0.09200881 -0.00397770 0.01970851
v 0.03669800 -0.02625506 0.01975663
v 0.03955505 -0.02528768 0.02096206
v 0.09391180 -0.00531959 0.02142956
v 0.09063525 -0.00330617 0.02152332
v -0.01310217 0.03684698 0.02129563
v -0.08257010 0.02257909 0.02156973
v 0.02915478 -0.02747665 0.02141975
v -0.09969247 0.00504713 0.02145703
v -0.00391086 0.03886299 0.02195908
v -0.09664520 0.02073326 0.02339981
v 0.02173336 -0.02870592 0.02327534
v -0.11189462 0.01313609 0.02345620
v 0.02567565 -0.02782048 0.02351643
v 0.02291369 -0.02810676 0.02499068
v -0.09848791 0.02033305 0.02531332
v -0.11579484 0.01575888 0.02540375
v -0.11013605 0.01247916 0.02528952
v -0.11321744 0.01407714 0.02532177
v 0.00313244 -0.03196776 0.02521897
v -0.10462717 0.01720981 0.03297667
v 0.00519046 -0.03122776 0.02692688
v 0.01076404 -0.03005759 0.02668417
v 0.08645273 -0.00050909 0.02645861
v -0.10644231 0.01920025 0.02667991
v -0.11521395 0.01495992 0.02670149
v -0.10254616 0.01970559 0.02696809
v -0.09675020 0.02092509 0.02765833
v 0.01468688 -0.02920065 0.02685411
v 0.02711425 -0.02658681 0.02794566
v 0.00712899 -0.03061917 0.02825994
v 0.01730600 -0.02849684 0.02809743
v -0.09523965 0.02156302 0.02842485
v -0.11364647 0.01761219 0.02827973
v -0.10478556 0.01974918 0.02902637
v -0.02748538 0.03527625 0.03013754
v 0.08969852 -0.01394575 0.03021611
v 0.09364328 -0.01303768 0.03029331
v -0.11294838 0.01860870 0.03055249
v -0.10897905 0.01999291 0.03097145
v 0.01120810 -0.02941043 0.03206607
v -0.03071527 0.03524062 0.03195218
v -0.10148020 0.01596621 0.03284751
v -0.11325756 0.01963664 0.03174428
v -0.02280612 0.03318018 0.03397642
v -0.02005796 0.03500751 0.03397787
v -0.10213304 0.01407427 0.03386518
v -0.03112892 0.03074343 0.03390817
v -0.02698829 0.03193659 0.03393539
v -0.08741041 0.00842542 0.03436859
v -0.08185309 0.00984645 0.03417758
v -0.09841596 0.01475538 0.03301301
v -0.07771228 0.00166493 0.03586852
v -0.00317901 0.02784583 0.03571761
v -0.06529004 0.00330119 0.03592107
v -0.06943085 0.00493753 0.03545494
v -0.00731964 0.02948216 0.03523953
v -0.01560125 0.02620950 0.03521282
v -0.01146044 0.02457323 0.03568297
v 0.02994691 -0.00978925 0.04291499
v -0.10605959 0.01409097 0.03602703
v -0.10326724 0.01233784 0.03597925
v -0.04872717 0.00166493 0.03688175
v -0.00731964 0.01802797 0.03677844
v -0.00317901 0.01966431 0.03678757
v 0.01465807 -0.02042527 0.04409748
v 0.05065077 0.00002860 0.04273191
v 0.01035816 -0.02004763 0.04369746
v 0.03408772 -0.01142552 0.04346720
v 0.00510260 -0.01797078 0.04282277
v 0.05479140 -0.00160773 0.04324301
v 0.01838752 -0.01674353 0.04345407
v 0.00051261 -0.02180893 0.04342472
v 0.02166548 -0.01306185 0.04294929
v 0.04236916 -0.00815292 0.04344323
v 0.03822852 -0.00651666 0.04290595
v 0.04650996 -0.00488033 0.04318030
v 0.02383098 -0.02085168 0.04553905
v 0.02357395 -0.02354830 0.04571573
v 0.05148515 -0.01137131 0.04459322
v 0.05482092 -0.00979952 0.04455099
v 0.02159406 -0.02183862 0.04614220
v 0.02475995 -0.02273293 0.04636810
v -0.07484392 0.00396078 -0.04648767
v -0.07340336 0.00036321 -0.04668107
v -0.08939879 0.00426292 -0.03830530
v -0.08893793 0.00359683 -0.03737209
v 0.09420967 -0.00392322 -0.03556606
v -0.00323381 0.02982753 -0.03616298
v -0.08780798 0.00679824 -0.04784684
v 0.09905157 -0.00266732 -0.03312422
v -0.03748438 0.02408116 -0.03100332
v -0.07184508 0.01723272 -0.03113359
v 0.04650996 -0.03120555 -0.03013358
v 0.10699147 -0.00875439 -0.02971983
v 0.01179818 -0.03657448 -0.03561239
v -0.03037568 0.02408409 -0.04180055
v -0.02672207 0.02463296 -0.04025037
v 0.07787113 -0.02315033 -0.03336983
v 0.03289943 -0.03296797 -0.02727048
v -0.00400296 0.02385552 -0.04477549
v 0.04236933 -0.03112654 -0.02721562
v 0.11051091 -0.01128853 -0.03077256
v 0.07398824 -0.02271337 -0.03395284
v 0.04971845 -0.02946359 -0.02498629
v 0.00794853 -0.03855437 -0.03560838
v 0.10566636 -0.00772819 -0.03122666
v -0.09117468 0.01439778 -0.02548980
v -0.09981179 0.00920901 -0.02753562
v -0.06963202 0.01900821 -0.02426133
v 0.01752008 -0.03574619 -0.02408951
v -0.08977779 0.01495992 -0.02363916
v 0.00680956 -0.03919957 -0.02931145
v 0.07383161 -0.00074402 -0.03609806
v -0.08829270 0.01468748 -0.02734811
v -0.07871920 0.01661197 -0.02695167
v -0.07564772 0.01678654 -0.02916156
v -0.10144396 0.00958917 -0.02245138
v 0.05513876 -0.02835664 -0.02247151
v 0.01436161 -0.03627906 -0.02246972
v 0.03356676 -0.03244160 -0.02267105
v 0.04902478 -0.03096685 -0.03064399
v -0.07211555 0.01831376 -0.02564259
v 0.01837779 -0.02579176 -0.03621698
v -0.06415214 0.00249672 -0.04533556
v -0.06831963 0.00078676 -0.04545934
v -0.08590551 0.00080974 -0.04037049
v -0.09898465 0.00806992 -0.02253840
v -0.05032752 0.02349981 -0.02049641
v 0.09710862 -0.00234312 -0.03471177
v 0.06906696 -0.02537458 -0.01869841
v 0.02123096 -0.02697961 -0.03582302
v 0.05656323 -0.02816090 -0.02354241
v 0.08968208 -0.00536912 -0.03520187
v -0.05735650 0.02267976 -0.01681134
v 0.02879645 -0.03359676 -0.02547077
v 0.01468777 -0.02424101 -0.03657989
v -0.06447015 0.02000751 -0.02387163
v 0.02879398 -0.02884270 -0.03536209
v 0.04049992 -0.02419874 -0.03486106
v 0.07150612 -0.02510584 -0.02023587
v 0.00321676 -0.04088753 -0.03289909
v 0.10037704 -0.00364742 -0.03116772
v -0.03476167 0.02496457 -0.02936750
v 0.04443426 -0.03199829 -0.03107677
v 0.05210387 -0.03022678 -0.03288066
v 0.06294061 -0.02614685 -0.01470912
v 0.06130861 -0.02707385 -0.02101424
v -0.08352186 0.01558284 -0.02728217
v -0.07624487 0.00234401 -0.04677713
v 0.03652564 -0.02572994 -0.03499884
v 0.03269844 -0.02727665 -0.03515436
v 0.05921187 -0.01719166 -0.03512509
v -0.09131928 0.01160580 -0.04356639
v -0.06826607 0.01756007 -0.03313642
v 0.00692411 -0.03356162 -0.03627713
v 0.00985912 -0.03513592 -0.03586201
v 0.07826392 -0.00183253 -0.03584298
v 0.03654085 -0.03224600 -0.02724659
v -0.09598405 0.00600452 -0.02296998
v 0.06205301 -0.01576078 -0.03568191
v -0.06538851 0.01783908 -0.03517022
v 0.06607131 -0.01396287 -0.03566596
v 0.00315630 -0.03194261 -0.03698043
v 0.04014867 -0.03142651 -0.02545482
v -0.08365533 0.01102166 -0.04799724
v 0.06127696 -0.00743123 -0.03572841
v 0.10722977 -0.01088238 -0.03238893
v 0.05259973 -0.02886128 -0.02403167
v 0.05948392 -0.02717710 -0.01860968
v -0.09189168 0.00538175 -0.03685127
v 0.06113607 -0.02666239 -0.01627559
v 0.05954226 -0.00684324 -0.03603322
v -0.07987479 0.00939406 -0.04810866
v -0.01266199 0.02761251 -0.04395063
v -0.08126637 0.01636586 -0.02573293
v 0.00311564 -0.03937002 -0.03559183
v 0.00587600 -0.04010073 -0.03162310
v -0.08758771 0.00240863 -0.04189772
v -0.08791634 0.01561364 -0.02245334
v 0.09635732 -0.00055394 -0.03313241
v -0.08483425 0.00062315 -0.03857053
v 0.04480937 -0.03093066 -0.02883268
v 0.10384998 -0.00937724 -0.03339773
v -0.05370148 0.02309792 -0.01877220
v -0.09166240 0.00816450 -0.04785059
v 0.08181271 -0.01861612 -0.03303738
v 0.08570391 -0.02025175 -0.03267046
v -0.00073543 -0.04090988 -0.03524479
v -0.08599372 0.00893531 -0.04840699
v -0.01987835 0.02590834 -0.03868441
v 0.10171559 -0.00518707 -0.02920558
v -0.10292959 0.01108243 -0.02370894
v -0.09743167 0.00717051 -0.02369725
v 0.10408386 -0.00673929 -0.02909501
v -0.05942443 0.02246558 -0.01492146
v -0.02272568 0.02577897 -0.03683361
v -0.00872660 0.02439957 -0.04538009
v -0.06792543 0.01969274 -0.02232273
v 0.01062120 -0.03900041 -0.03136060
v -0.07666188 0.01628134 -0.03150051
v -0.00489497 0.02581417 -0.04531474
v 0.07031147 -0.01241532 -0.03511093
v -0.06081672 0.02198398 -0.01689878
v -0.09315935 0.00578706 -0.03494833
v 0.06645651 -0.02602425 -0.02068912
v -0.02385405 0.02520823 -0.03858981
v -0.07195627 0.00515059 -0.04647402
v -0.06225533 -0.02360859 0.03016177
v 0.05453101 0.02301381 0.03028239
v 0.05557629 0.02165006 0.03200131
v 0.05667601 0.02079355 0.03396610
v 0.03866463 0.03462637 0.03713786
v 0.05999640 0.01869748 0.03774910
v 0.02882757 0.03070773 0.03738670
v -0.06736593 -0.01998797 0.03772820
v -0.05801270 -0.02724542 0.03779764
v 0.02662547 0.04108395 0.03807456
v 0.04956289 0.02621634 0.03773597
v -0.04708987 -0.03520263 0.03758198
v 0.03766638 0.03410356 0.03831659
v 0.03234206 0.03212094 0.03797211
v 0.02269432 0.04121773 0.03898807
v -0.05588325 -0.02845150 0.03915314
v 0.03433980 0.03074713 0.03952638
v 0.02525015 0.03933571 0.03965955
v 0.05806070 0.01995945 0.03963975
v 0.03521891 0.03510866 0.03964931
v 0.04976105 0.02472119 0.04025356
v 0.05017718 0.02407760 0.04053986
v -0.06825653 -0.01852740 0.03941837
v -0.06475706 -0.02025901 0.03956323
v -0.04763240 -0.03394457 0.04019274
v 0.03914617 0.03203006 0.04123531
v 0.03264275 0.03509888 0.04145652
v 0.03569833 0.03055593 0.04158620
v -0.02789286 -0.03591210 0.04149764
v -0.05310592 -0.02886576 0.04123591
v -0.05771854 -0.02471240 0.04155258
v 0.04492092 0.02742934 0.04138068
v -0.05570205 -0.02566232 0.04219736
v 0.04355515 0.02885387 0.04263193
v 0.03764163 0.03173987 0.04263867
v -0.05395444 -0.02750110 0.04275862
v 0.04063569 0.03052569 0.04291320
v -0.03072181 -0.03599502 0.04301003
v -0.04717101 -0.03073597 0.04391867
v -0.05063441 -0.02896921 0.04330614
v -0.06880082 -0.01444264 0.04403725
v 0.05988468 0.01257961 0.04476503
v 0.06359044 0.01208174 0.04591194
v 0.06224977 0.01400938 0.04495297
v -0.04637587 -0.02889523 0.04530317
v -0.04926369 -0.03169224 0.04633670
v -0.02956657 -0.01203914 -0.04115483
v -0.05405644 -0.00664324 -0.04396931
v -0.04111201 -0.00664345 -0.04291684
v 0.03659759 0.00802786 -0.03988038
v 0.05249507 0.00397923 -0.03804936
v -0.05494633 -0.02217324 -0.03292989
v -0.02272268 -0.01555295 -0.04047116
v 0.01366918 0.02077657 -0.04312892
v -0.03460487 -0.00238231 -0.04347349
v 0.05852049 0.02596758 -0.02929481
v 0.02865061 0.01100217 -0.04013333
v -0.04607111 -0.00384071 -0.04371807
v 0.05812363 0.02703234 -0.03501052
v 0.00799537 0.01835484 -0.04279041
v 0.06031707 0.02473838 -0.03117241
v 0.01463332 0.01561839 -0.04183937
v -0.03839089 -0.00074199 -0.04378820
v -0.06594676 -0.01593381 -0.02058999
v 0.04661090 0.03476231 -0.02071668
v 0.08843845 0.00377224 -0.02053539
v -0.01644642 -0.02282857 -0.03879856
v 0.01986801 0.02305370 -0.04311314
v -0.02769345 -0.04368321 -0.01873210
v -0.02982113 -0.04215641 -0.01878790
v 0.04574187 0.03518459 -0.01879958
v 0.04757468 0.03356160 -0.01867622
v -0.00497276 -0.01863428 -0.03878474
v -0.00863255 -0.04070255 -0.02054111
v -0.05880359 -0.01908220 -0.03502511
v -0.05783610 -0.02011385 -0.03305717
v -0.01989214 -0.04208244 -0.01678788
v -0.05727360 -0.01097417 -0.04352194
v -0.02393961 -0.04332582 -0.01664729
v -0.07001810 -0.01317579 -0.01490414
v 0.06947832 0.01688784 -0.01664114
v 0.03259802 0.00940070 -0.03994181
v 0.07152840 0.01549077 -0.01481200
v 0.08935592 0.00215742 -0.01484263
v -0.04214526 -0.00543541 -0.04315323
v -0.00410301 -0.03979846 -0.02004170
v -0.05049440 -0.02781580 -0.01316475
v -0.05619367 -0.02160809 -0.03116379
v -0.05983225 -0.01850833 -0.03299669
v 0.05737428 0.02620593 -0.01253652
v -0.01277601 -0.02165748 -0.03867435
v -0.04500639 -0.03188721 -0.01300786
v 0.01814781 0.01720066 -0.04178315
v -0.03450270 -0.00945261 -0.04196716
v -0.05603440 -0.02406350 -0.01282854
v -0.06033571 -0.00941300 -0.04386540
v 0.01962477 0.03896281 -0.01055501
v 0.02461411 0.01263599 -0.04061081
v 0.06861530 0.01766947 -0.01526722
v 0.06231358 0.02273585 -0.01301323
v 0.06591805 0.01985942 -0.01102917
v -0.05203660 -0.02698129 -0.01126147
v 0.06072719 0.02379719 -0.01090393
v 0.01630138 0.03845293 -0.00935171
v 0.04941404 0.03201294 -0.01676331
v -0.03253977 -0.04149270 -0.00863954
v -0.01630376 -0.04116752 -0.01676979
v -0.04302614 -0.03354024 -0.00908776
v 0.06476123 0.02073389 -0.00916633
v -0.03861663 -0.01089104 -0.04233374
v 0.02181662 0.03954989 -0.00909518
v -0.02670793 -0.01399884 -0.04098771
v 0.06409442 0.02146236 -0.01103071
v 0.05375443 0.02863598 -0.00915260
v 0.09158331 0.00038641 -0.01492086
v 0.09083731 0.00117817 -0.01669941
v 0.05588458 0.00536757 -0.03821273
v -0.06407807 -0.01710525 -0.01871248
v -0.05017886 -0.00804800 -0.04349405
v -0.01935280 -0.04141488 -0.01096297
v 0.02513666 0.04005817 -0.00774335
v -0.04428090 -0.03269756 -0.00778242
v -0.05573511 -0.02227097 -0.02878252
v -0.02227243 -0.04255718 -0.01483282
v 0.04428806 0.00078124 -0.03830700
v -0.04143214 -0.03496197 -0.00736517
v 0.01432237 0.03786445 -0.00735929
v 0.04837955 0.00238397 -0.03810627
v -0.05522211 -0.02462180 -0.00677483
v -0.06801558 -0.01400031 -0.01679214
v -0.01960718 -0.01707667 -0.04002729
v 0.07313459 0.01407260 -0.00727799
v -0.02668035 -0.01204990 -0.04121327
v 0.05498462 0.02778533 -0.00741030
v 0.04933485 0.00037006 -0.03750935
v 0.07514665 0.01263047 -0.00910900
v 0.05279348 0.02913916 -0.00727474
v -0.01703738 -0.01846900 -0.03951807
v -0.03530544 -0.03953265 -0.00594151
v -0.06369004 -0.01860403 -0.00910610
v 0.04043947 0.03808883 -0.00592018
v -0.04044556 -0.03590944 -0.00566929
v -0.01295297 -0.04050632 -0.01484553
v 0.07697964 0.01098834 -0.00577891
v -0.05428678 -0.02574545 -0.00909151
v 0.08189703 0.00706300 -0.00575852
v -0.04709941 -0.03054505 -0.01127051
v -0.04923045 -0.02893401 -0.01111781
v -0.00066914 0.01444445 -0.04299532
v 0.04029098 0.00681864 -0.03980864
v 0.01062898 0.03604810 -0.01881272
v 0.05033310 0.03142775 -0.01884906
v 0.02171321 0.01392981 -0.04069928
v -0.07142135 -0.01234155 -0.02068981
v -0.03979696 -0.03551524 -0.01306579
v -0.03419935 -0.04061397 -0.00428547
v 0.08025460 0.00818176 -0.00427148
v 0.07866591 0.00945267 -0.00421065
v 0.02836265 0.04131427 -0.00437231
v 0.04168097 0.03662819 -0.00414812
v 0.07602081 0.01187154 -0.00401026
v 0.07960053 0.00850792 -0.00247220
v 0.06147142 0.02386467 -0.02918118
v -0.00745911 -0.03983311 -0.01822997
v -0.05337444 -0.02304044 -0.03503748
v 0.05186469 0.03038548 -0.02059904
v 0.04436496 0.00551566 -0.03963605
v 0.06763260 0.01858089 -0.01307483
v -0.00852878 -0.02031225 -0.03884181
v -0.08066568 -0.00673657 -0.00252389
v -0.03815666 -0.03787522 -0.00249856
v 0.03810903 0.03938258 -0.00231070
v -0.03988536 -0.03682576 -0.00104052
v -0.07953025 -0.00805868 -0.00049811
v 0.03598188 0.04075577 -0.00048412
v -0.08196729 -0.00638379 -0.00021027
v 0.08684606 0.00277964 0.00157604
v -0.08365232 -0.00535347 0.00148015
v -0.08533169 -0.00431567 0.00317186
v -0.08854390 -0.00226320 0.00327278
v -0.09099172 -0.00049212 0.00334418
v -0.03437276 -0.04177094 0.00525420
v -0.08697642 -0.00354857 0.00520352
v 0.02863188 0.04278365 0.00528645
v -0.07788305 -0.01019834 0.00608529
v -0.07665658 -0.01103683 0.00520293
v 0.08327058 0.00442960 0.00526324
v 0.08135150 0.00537295 0.00714749
v 0.08410638 0.00347381 0.00696015
v -0.08581819 -0.00467579 0.00739933
v 0.03263338 0.04233502 0.00711755
v 0.02971463 0.04319217 0.00769604
v -0.09738094 0.01796084 0.00842937
v 0.01020560 -0.03282749 0.00903422
v -0.01771550 0.03400450 0.00894677
v -0.01243890 0.03507638 0.00892246
v 0.10400520 -0.01401945 0.00888108
v 0.10711222 -0.01244829 0.00888108
v -0.09524990 0.01872228 0.01036762
v -0.01667039 0.03442776 0.01042136
v 0.02570764 -0.02956419 0.01032684
v -0.11094021 0.01291157 0.01045609
v -0.11232401 0.01404396 0.01046692
v 0.00677508 -0.03331020 0.01060461
v 0.10588928 -0.01329468 0.01131883
v 0.00815500 -0.03257985 0.01248682
v -0.10870858 0.01668162 0.01218772
v -0.11260791 0.01546436 0.01209225
v 0.00317592 -0.03373850 0.01187105
v -0.00058517 -0.03444468 0.01195499
v -0.11116966 0.01634805 0.01394264
v 0.00017514 -0.03410979 0.01432815
v 0.01063924 -0.03186514 0.01390348
v -0.10227375 0.01825613 0.01393291
v 0.01313001 -0.03126723 0.01574098
v 0.01814781 -0.03032668 0.01583371
v -0.10656340 0.01779305 0.01715381
v 0.01499695 -0.03076922 0.01775644
v -0.02664093 0.03361386 0.01774663
v 0.09421497 -0.01459717 0.01770790
v 0.09203815 -0.01485857 0.01966193
v 0.10133517 -0.01315378 0.01995301
v -0.01970316 0.03522455 0.01953311
v 0.09731581 -0.01385088 0.01958157
v -0.02336261 0.03485934 0.02126602
v 0.08928168 -0.01523252 0.02132924
v -0.03551986 0.03261448 0.02343103
v 0.08107820 -0.01655847 0.02335451
v 0.08587202 -0.01561673 0.02346200
v -0.06041791 0.02746287 0.02347898
v -0.05679825 0.02829228 0.02399493
v 0.06037700 -0.02051825 0.02352752
v 0.10033391 -0.00949718 0.02341585
v -0.10543327 0.00963157 0.02340467
v 0.04356540 -0.02396605 0.02465711
v -0.10671101 0.01054873 0.02541305
v 0.08203209 -0.01609861 0.02532970
v -0.05827769 0.02818324 0.02519389
v 0.10227243 -0.01087092 0.02556464
v -0.01914367 0.03625152 0.02534002
v 0.06517064 -0.01932153 0.02672597
v 0.06349409 -0.01977057 0.02527194
v -0.03858658 0.03210411 0.02535427
v 0.07428893 -0.01751454 0.02647772
v -0.04628872 0.03064074 0.02641118
v -0.04218680 0.03145094 0.02661661
v 0.09740419 -0.00787915 0.02697636
v -0.10381931 0.00790310 0.02702840
v 0.07079973 -0.01818684 0.02698438
v -0.04406877 0.03124507 0.02842323
v 0.08724168 -0.01470084 0.02873879
v -0.05496225 0.02946693 0.02836018
v -0.10242684 0.00656499 0.02836641
v 0.06635026 -0.01889009 0.02829466
v 0.09908074 -0.00885436 0.02869340
v -0.10445093 0.00828047 0.02829944
v 0.09562795 -0.00665777 0.02812967
v 0.07779158 -0.01657559 0.02816312
v -0.03429109 0.03340533 0.02840548
v -0.09623260 0.00197293 0.03010179
v 0.02913675 -0.02594887 0.03020510
v 0.08832108 -0.00216386 0.03020715
v -0.05368592 0.03011541 0.03038750
v -0.04871762 0.03132150 0.03106990
v -0.10137838 0.00552544 0.03027898
v -0.08738318 0.02331692 0.03017115
v 0.03372215 -0.02500224 0.03020954
v 0.03167932 -0.02526385 0.03211213
v 0.07072954 -0.01749323 0.03220324
v -0.05129325 0.03095153 0.03199739
v -0.01139292 0.03899648 0.03241464
v -0.09540493 0.00089608 0.03201044
v -0.09750928 0.00261715 0.03203817
v -0.09127880 0.02252258 0.03190884
v -0.08766408 0.02149114 0.03280357
v -0.08298835 0.02019606 0.03265232
v -0.01296092 0.03819956 0.03386014
v -0.03526972 0.02907308 0.03388036
v -0.01557915 0.03658998 0.03404800
v -0.03856342 0.02747391 0.03391193
v -0.04458636 0.02457323 0.03394213
v -0.04173956 0.02600495 0.03390689
v -0.07771228 0.01311905 0.03378004
v -0.06943085 0.01639164 0.03369251
v -0.07357166 0.01475538 0.03372476
v -0.07978269 0.01900975 0.03287498
v -0.10880298 0.01161349 0.03397130
v -0.09884995 0.00394129 0.03398990
v -0.00922758 0.03956072 0.03393121
v -0.00455892 0.04054983 0.03378191
v -0.09625452 0.00364238 0.03639233
v -0.09909602 0.00529617 0.03604264
v 0.09205159 -0.00531100 0.03589181
v 0.03618871 -0.02392742 0.03582689
v 0.08916006 -0.00364861 0.03591527
v -0.01974188 0.00166493 0.03843270
v -0.03216412 0.00330119 0.03751075
v -0.02802332 0.00493753 0.03749573
v -0.00731964 0.00657386 0.03840983
v -0.00317901 0.00821012 0.03841137
v -0.01560125 0.00984645 0.03747219
v -0.01146044 0.01148272 0.03747475
v 0.03691013 -0.02343004 0.03785719
v -0.01974188 0.00078180 0.03855734
v -0.00365100 0.00683380 0.03857406
v 0.04006064 -0.02251379 0.03957509
v 0.02580628 0.00002860 0.04121347
v 0.02166548 -0.00160773 0.04120904
v 0.00510260 -0.00815292 0.04122294
v 0.00924323 -0.00651666 0.04121612
v 0.01752485 -0.00324400 0.04120494
v 0.01338404 -0.00488033 0.04121057
v 0.00096180 -0.01142552 0.04149534
v 0.03260297 -0.02321320 0.04286432
v 0.04916355 -0.01890504 0.04574226
v 0.03675739 -0.01694807 0.04488020
v 0.04100268 -0.01544342 0.04471649
v 0.04443656 -0.02016457 0.04512376
v 0.04189858 -0.01738405 0.04595332
v 0.04426632 -0.01872691 0.04685863
v -0.06392763 0.00080045 -0.04518200
v -0.07991686 0.01099462 -0.04801439
v 0.07808273 -0.02175277 -0.03349413
v 0.00977692 -0.03340535 -0.03585578
v -0.06823231 0.01729957 -0.03496864
v -0.07184420 0.00402869 -0.04614498
v 0.08647624 -0.02340391 -0.03144762
v 0.03652317 -0.02431701 -0.03502835
v 0.05914999 -0.01562595 -0.03559038
v 0.09796775 -0.00178098 -0.03293884
v -0.06784375 0.00227905 -0.04561478
v 0.07501142 -0.02299539 -0.03379954
v -0.07748425 0.01636887 -0.02951295
v 0.00695752 -0.03505740 -0.03626749
v 0.00016136 -0.03934397 -0.03569011
v -0.03046106 0.02399454 -0.04025063
v 0.02889386 -0.03378712 -0.02723755
v 0.07422954 -0.02168319 -0.03411869
v 0.04204707 -0.03108148 -0.02539868
v 0.10567220 -0.00788230 -0.02941169
v -0.07574583 0.00083196 -0.04687686
v 0.05509864 -0.02842901 -0.02402817
v -0.10177507 0.00982319 -0.02401444
v 0.02869958 -0.02731870 -0.03548186
v 0.00965778 -0.03871281 -0.02970259
v -0.06748773 0.01947094 -0.02375177
v -0.08907599 0.01474427 -0.02587207
v 0.01649725 -0.03579411 -0.02235080
v -0.09625823 0.00631581 -0.02400190
v -0.09036010 0.01502286 -0.02254769
v 0.00015959 -0.04145079 -0.03292741
v 0.03233057 -0.03290175 -0.02557494
v -0.07526411 0.01662958 -0.03104734
v 0.10205500 -0.00486978 -0.03117864
v 0.09328460 -0.00554662 -0.03534827
v 0.05686198 -0.02799345 -0.02201715
v -0.02527303 0.02517191 -0.03734351
v 0.03353353 -0.03258606 -0.02403798
v 0.01469236 -0.02573127 -0.03644075
v 0.04819393 -0.03051683 -0.02924789
v -0.09717164 0.00676108 -0.02230302
v 0.06128881 -0.02690158 -0.01926205
v -0.09356469 0.00573844 -0.03288527
v 0.09583035 -0.00070350 -0.03453441
v -0.05099592 0.02368402 -0.01860200
v 0.06642893 -0.02586623 -0.01878585
v 0.00283050 -0.04050527 -0.03491370
v 0.07120207 -0.02500189 -0.01870369
v -0.05406193 0.02273969 -0.02063802
v 0.10679243 -0.00937919 -0.03240599
v 0.08177806 -0.02023387 -0.03277428
v -0.08465783 0.00072039 -0.03690373
v 0.08926135 -0.00396024 -0.03555105
v -0.03443287 0.02470890 -0.03122675
v 0.01792896 -0.02418317 -0.03640543
v -0.01125273 0.02828851 -0.04316287
v 0.01082167 -0.03812070 -0.03543904
v 0.03263568 -0.02881322 -0.03521032
v 0.04059079 -0.02567014 -0.03483367
v 0.06972546 -0.02546553 -0.02068315
v 0.05500265 -0.02983293 -0.03250854
v -0.01980552 0.02634935 -0.03683497
v -0.02161376 0.02558714 -0.03863613
v -0.08022870 0.01622587 -0.02734939
v -0.03347050 0.02533265 -0.02876128
v 0.01412473 -0.03648074 -0.02388110
v 0.09985732 -0.00377191 -0.02925096
v -0.01170722 0.02695739 -0.04494774
v 0.07404021 -0.00233627 -0.03580946
v 0.06271327 -0.01722799 -0.03534067
v -0.02715570 0.02468717 -0.04166789
v -0.07220818 0.01745829 -0.02928568
v -0.08994202 0.00408702 -0.03678020
v 0.07768728 -0.00077469 -0.03620657
v 0.06615599 -0.01239995 -0.03558935
v -0.10012433 0.00908746 -0.02538427
v -0.07981734 0.01670062 -0.02539587
v 0.02015545 -0.03569421 -0.02797779
v 0.04041790 -0.03151236 -0.02726434
v -0.00096789 -0.03204097 -0.03731075
v 0.05216397 -0.02886750 -0.02241188
v 0.06286813 -0.00649382 -0.03586866
v 0.10409376 -0.01080987 -0.03276063
v 0.05989245 -0.02729146 -0.02034200
v 0.06078429 -0.02658855 -0.01503518
v 0.06281828 -0.02639372 -0.01676902
v -0.03835624 0.02421927 -0.02929771
v 0.05925730 -0.00812945 -0.03583454
v 0.03665239 -0.03205753 -0.02543707
v -0.01568009 0.02720300 -0.04357262
v 0.10426647 -0.00655152 -0.03114528
v -0.06514473 0.00482883 -0.04660327
v -0.08391519 0.01586653 -0.02543596
v -0.08739025 0.01544291 -0.02385124
v 0.00701568 -0.03968955 -0.03106475
v -0.07101883 0.01812675 -0.02734376
v 0.04383374 -0.03154778 -0.02970805
v 0.04784179 -0.03138361 -0.03128630
v -0.08620037 0.00068707 -0.04183587
v -0.09155669 0.00695004 -0.04721733
v -0.08795629 0.00805553 -0.04816667
v -0.10322552 0.01102892 -0.02215083
v -0.00088923 -0.03034239 -0.03778030
v 0.00331487 -0.03036377 -0.03710779
v -0.06445177 0.02035715 -0.02230013
v 0.08577037 -0.01870365 -0.03306374
v -0.08383776 0.00936975 -0.04826827
v 0.07050981 -0.01401833 -0.03515205
v -0.09881336 0.00811162 -0.02403764
v -0.05733706 0.02292454 -0.01480518
v -0.09078471 0.00529512 -0.03866846
v -0.00865836 0.02583513 -0.04534204
v -0.06911902 0.01931334 -0.02299430
v -0.00549813 0.02437652 -0.04516348
v 0.11088815 -0.01140707 -0.02948130
v -0.09127668 0.01154559 -0.04550225
v -0.09153336 0.01409607 -0.02730213
v -0.05919391 0.02236826 -0.01626603
v -0.06131559 0.02205028 -0.01501717
v -0.08856617 0.00378845 -0.03882040
v -0.08723451 0.00248191 -0.04024764
v 0.10683414 -0.00854894 -0.03131999
v 0.05566202 0.02163141 0.03012218
v 0.05439330 0.02293355 0.03194919
v -0.06224101 -0.02356849 0.03214694
v -0.05197190 -0.02875315 0.04240774
v 0.05676457 0.02075079 0.03605723
v 0.02899144 0.03193659 0.03722496
v -0.06600069 -0.02061263 0.03820696
v 0.03964132 0.03349517 0.03760126
v -0.06937959 -0.01862645 0.03790002
v 0.03669729 0.03519654 0.03789507
v -0.05624564 -0.02850089 0.03772650
v 0.05835379 0.02004286 0.03774322
v 0.03227523 0.03080099 0.03794395
v 0.02259302 0.04067250 0.03776608
v 0.02449814 0.03919663 0.03787169
v -0.06607741 -0.01910246 0.04021415
v 0.05994761 0.01871411 0.03976362
v 0.04873628 0.02596311 0.03967140
v -0.05461099 -0.02764347 0.04129870
v -0.04686324 -0.03506578 0.03972959
v -0.05672488 -0.02736124 0.03970587
v 0.03336523 0.03212534 0.03982556
v 0.03648587 0.03360121 0.03954787
v 0.03091229 0.03469133 0.04055565
v 0.02485629 0.04081479 0.03960188
v -0.03091449 -0.03656415 0.04115606
v -0.05972548 -0.02386811 0.04096659
v -0.05685658 -0.02577975 0.04107399
v 0.03333059 0.03378096 0.04126952
v -0.02729482 -0.03569219 0.04218533
v 0.04100179 0.03050361 0.04160803
v 0.04375614 0.02743933 0.04249458
v 0.04350088 0.02902550 0.04152801
v 0.03762537 0.03048335 0.04259303
v 0.03974102 0.03167246 0.04239801
v 0.03635169 0.03228776 0.04166647
v -0.05132366 -0.02800204 0.04361675
v -0.05620675 -0.02412644 0.04311726
v -0.04711426 -0.03206283 0.04266853
v 0.05936654 0.01414434 0.04473304
v -0.04245179 -0.02904682 0.04490733
v 0.06316706 0.01284514 0.04540136
v -0.04873637 -0.03222392 0.04520378
v -0.04650775 -0.02729725 0.04506891
v -0.04971022 -0.03030432 0.04655348
v -0.03935326 -0.01990973 -0.04116490
v 0.02141569 0.00558154 -0.04028552
v 0.01865816 0.00079745 -0.04015994
v -0.03749728 -0.01871503 -0.04092194
v -0.01896495 -0.00055073 -0.04226088
v -0.03017397 -0.00534523 -0.04269511
v 0.08048582 0.00933196 -0.02052968
v -0.07835363 -0.00760922 -0.01814653
v 0.05508273 0.01443201 -0.03926231
v -0.04606580 -0.02292008 -0.04170227
v 0.04434145 0.01411137 -0.04034080
v 0.07722554 0.01110842 -0.01683318
v -0.07921877 -0.00676759 -0.02059579
v -0.00965096 -0.00746776 -0.04116388
v 0.08404327 0.00636932 -0.01473676
v -0.00482727 -0.00789284 -0.04084806
v -0.04266498 -0.02176800 -0.04155656
v -0.07440427 -0.01043068 -0.01298192
v -0.04993049 -0.01248106 -0.04281045
v 0.05240068 0.01719556 -0.04031419
v -0.08528184 -0.00281284 -0.01301136
v 0.03333766 0.04051755 -0.01669787
v 0.04341267 0.03634289 -0.01302799
v 0.04203293 0.03797510 -0.01665360
v 0.03660837 0.04062744 -0.01870267
v -0.02665807 -0.00377016 -0.04278230
v 0.00319148 0.00803296 -0.04186470
v 0.01101701 0.01097618 -0.04130720
v -0.07342440 -0.01129167 -0.01091391
v -0.07790833 -0.00856200 -0.01015073
v 0.04844513 0.01272533 -0.03982672
v -0.07626926 -0.00939065 -0.01099078
v 0.08343781 0.00592042 -0.01051927
v 0.07889378 0.00980014 -0.01482864
v 0.02972859 0.04021801 -0.01440908
v -0.03391279 -0.03912678 -0.01675904
v -0.03297394 -0.04012993 -0.01485978
v 0.03247658 0.02030224 -0.04174237
v 0.00299137 0.03552382 -0.00905841
v -0.00107996 0.00695283 -0.04210553
v 0.08739124 0.00293996 -0.00908785
v -0.08225066 -0.00527879 -0.00908401
v -0.08697059 -0.00216386 -0.00740552
v 0.03954021 0.02157909 -0.04113922
v -0.00036173 0.03497258 -0.00721921
v -0.02292969 -0.00230945 -0.04262209
v -0.06102320 -0.01706382 -0.04182691
v -0.08937510 -0.00026627 -0.00745509
v 0.00696653 0.00938798 -0.04157746
v 0.08508554 0.00527340 -0.01306050
v 0.05703116 0.01568371 -0.03944257
v 0.01472418 0.00233360 -0.04045239
v 0.04819022 0.03194364 -0.00578778
v -0.01684063 -0.04052546 -0.00576620
v 0.08640730 0.00390343 -0.01101143
v 0.08994406 0.00088819 -0.00575673
v 0.06969805 0.01716838 -0.00588939
v -0.01264732 -0.03981613 -0.00580399
v -0.06953497 -0.01401980 -0.00564745
v -0.02374303 -0.04156060 -0.00480364
v 0.08092017 0.00834453 -0.01483495
v 0.02541137 0.00397559 -0.03987996
v -0.01644377 -0.00934112 -0.04078843
v -0.03756075 -0.03623149 -0.01877433
v 0.02844750 0.01871174 -0.04155281
v -0.01501895 -0.03984058 -0.00409275
v 0.04087451 0.03927361 -0.01875966
v -0.08434104 -0.00379964 -0.00751523
v 0.03634179 0.02181143 -0.04133791
v 0.04952099 0.03091695 -0.00443032
v 0.07099311 0.01564445 -0.00425740
v -0.00497806 -0.03819887 -0.00426525
v 0.06855201 0.01763999 -0.00381421
v 0.00317964 0.03603720 -0.00416620
v -0.01266199 -0.01097305 -0.03997388
v 0.00622301 0.03688932 -0.00262507
v -0.03554002 -0.03791525 -0.01881042
v 0.02894619 0.03961262 -0.01678054
v 0.08844394 0.00219207 -0.00425569
v -0.03453575 -0.02027389 -0.04048071
v 0.04031997 0.02294291 -0.04160800
v -0.08840477 -0.00083581 -0.00913937
v -0.06682694 -0.01675044 -0.00203515
v 0.08288733 0.00717575 -0.01679419
v 0.01035958 0.03774828 -0.00243611
v -0.04846289 -0.03017187 -0.00559012
v -0.02683078 -0.04202033 -0.00244652
v 0.05020176 0.03015097 -0.00248508
v 0.07205342 0.01450215 -0.00243636
v 0.08752664 0.00302791 -0.00199539
v 0.04518502 0.03358850 -0.00247825
v -0.07240317 -0.01265374 -0.00238782
v 0.04325286 0.03493311 -0.00064553
v -0.06618100 -0.01743721 -0.00077051
v 0.00739999 0.03752627 -0.00038516
v -0.06860955 -0.01566074 -0.00064314
v -0.03030179 -0.04241628 -0.00058496
v -0.07119808 -0.01384739 -0.00045239
v -0.07421106 -0.01188846 0.00003533
v -0.04402475 -0.03397601 0.00149542
v 0.06356604 0.02026033 0.00137530
v -0.05477327 -0.02633979 0.00150472
v 0.02480485 0.04137994 0.00144458
v 0.07382543 0.01251604 0.00144398
v 0.05262041 0.02756060 0.00155395
v -0.06548379 -0.01855597 0.00150975
v 0.04212574 0.03548687 0.00172695
v 0.06419289 0.01913814 0.00327295
v -0.06664521 -0.01830064 0.00373013
v -0.02727732 -0.04115187 0.00333710
v 0.02159017 0.04086740 0.00337114
v -0.06390924 -0.02016093 0.00328788
v 0.05045437 0.02857828 0.00330298
v -0.04299414 -0.03497196 0.00328617
v -0.04476332 -0.03360430 0.00322381
v 0.06547416 0.01836028 0.00516889
v 0.01448218 0.03983784 0.00506003
v -0.05243328 -0.02859771 0.00523680
v 0.01809725 0.04059125 0.00516036
v 0.04918653 0.02933316 0.00520463
v -0.04724402 -0.03209588 0.00506268
v -0.02402588 -0.04023520 0.00513297
v 0.06006941 0.02191915 0.00519636
v -0.05828352 -0.02429780 0.00509791
v -0.02015306 -0.03953496 0.00529378
v 0.05412495 0.02559503 0.00502710
v -0.05160668 -0.02923788 0.00671113
v -0.05449538 -0.02738947 0.00710125
v 0.01504945 0.04050854 0.00738278
v -0.02262881 -0.03968878 0.00702789
v 0.05269518 0.02642710 0.00723408
v -0.05667043 -0.02580154 0.00721660
v 0.05801757 0.02295506 0.00713435
v 0.05522609 0.02474117 0.00696245
v -0.05956090 -0.02380678 0.00732323
v 0.05450078 -0.02403360 0.00837357
v -0.05313456 0.02687656 0.00945173
v 0.06327931 -0.02221871 0.00947732
v -0.06118123 0.02509590 0.00898474
v -0.10335297 0.00809653 0.00910042
v -0.05676872 0.02599734 0.00898755
v 0.05957567 -0.02306580 0.00918496
v 0.09719259 -0.00648844 0.01054566
v -0.10207842 0.00689199 0.01045361
v -0.06030424 0.02562151 0.01059105
v 0.06158456 -0.02240195 0.01048833
v 0.07176722 -0.02053656 0.01058286
v 0.08311184 -0.01772676 0.01248664
v 0.05267627 -0.02442445 0.01083580
v -0.04952090 0.02770080 0.01073232
v 0.06918912 -0.02083114 0.01150122
v 0.09998407 -0.00817283 0.01067133
v -0.03813262 0.03025443 0.01196557
v 0.04456065 -0.02575097 0.01196915
v -0.07243163 0.02357484 0.01185748
v -0.03303669 0.03139247 0.01200131
v 0.04859751 -0.02491708 0.01226825
v -0.10526410 0.00946147 0.01198118
v 0.10154588 -0.00936159 0.01198451
v 0.04522674 -0.02518492 0.01429599
v -0.03576028 0.03110180 0.01378916
v -0.10774338 0.01078463 0.01405115
v 0.08545801 -0.01699054 0.01398666
v 0.06540752 -0.02087005 0.01398052
v -0.07596874 0.02311252 0.01383719
v 0.09220503 -0.00365713 0.01570788
v -0.10889190 0.01124513 0.01590648
v -0.08879704 0.02063420 0.01559476
v 0.10419664 -0.01089272 0.01576819
v -0.01408151 0.03581904 0.01616992
v -0.08325970 0.02176253 0.01566727
v 0.02853995 -0.02843145 0.01569577
v -0.09819906 0.00379271 0.01570592
v -0.07896386 0.02267920 0.01567896
v 0.03266785 -0.02762174 0.01565840
v 0.03773373 -0.02651311 0.01574798
v 0.04099383 -0.02587895 0.01770440
v 0.09412906 -0.00535612 0.01771549
v -0.09160195 0.02041702 0.01763709
v -0.01222783 0.03644628 0.01770594
v 0.02969660 -0.02799981 0.01793269
v -0.09972216 0.00497979 0.01776395
v 0.07695207 -0.01791838 0.01925449
v -0.00973157 0.03719403 0.01918726
v -0.00495773 0.03828094 0.01967516
v 0.08975756 -0.00235171 0.01972762
v -0.09557234 0.00198076 0.01965084
v -0.09057453 0.02111936 0.01951187
v -0.10072201 0.00586963 0.01971141
v -0.04780917 0.02964290 0.02090192
v 0.08791873 -0.00105719 0.02152426
v -0.09390234 0.00069119 0.02143255
v -0.09683930 0.00279270 0.02145644
v -0.08726474 0.02174996 0.02142743
v 0.03389645 -0.02660567 0.02146838
v -0.00860515 0.03780843 0.02146744
v -0.11118716 0.01787275 0.02288607
v 0.07420037 -0.01815604 0.02160735
v 0.00147940 -0.03275603 0.02257110
v -0.10670270 0.01904146 0.02345296
v 0.00662624 -0.03160653 0.02331825
v 0.01106545 -0.03064460 0.02343282
v -0.10240174 0.02015820 0.02338266
v 0.08690864 -0.00051314 0.02361436
v -0.11489009 0.01560093 0.02337276
v -0.00164211 -0.03296036 0.02522664
v -0.10514478 0.01956078 0.02528619
v 0.00796744 -0.03087792 0.02531989
v -0.09429584 0.02111852 0.02523876
v 0.01754288 -0.02904983 0.02491603
v -0.11389555 0.01744369 0.02505585
v 0.02486195 -0.02727259 0.02648856
v -0.11596808 0.01695280 0.02671326
v -0.11176275 0.01332359 0.02674056
v -0.09659853 0.02073773 0.02669816
v 0.00283722 -0.03154785 0.02804999
v 0.00008941 -0.03226975 0.02718162
v -0.11066355 0.01260713 0.02809435
v -0.09932654 0.02055002 0.02822957
v 0.02161510 -0.02766980 0.02819750
v -0.11590214 0.01569391 0.02818606
v 0.10018047 -0.01189607 0.02964112
v -0.11340677 0.01406827 0.02815851
v -0.10067428 0.02096211 0.02943663
v -0.09941369 0.01711362 0.03255361
v 0.09725376 -0.01215070 0.03202734
v -0.11729072 0.01856378 0.03201565
v -0.02674823 0.03528819 0.03367502
v -0.11324678 0.01846451 0.03363236
v -0.01974188 0.03193659 0.03421196
v -0.03049730 0.03357830 0.03387447
v -0.08599372 0.01148272 0.03376613
v -0.09103467 0.00945518 0.03416982
v -0.02290635 0.03073330 0.03424430
v -0.09860794 0.01276299 0.03363672
v -0.09669080 0.01380085 0.03323013
v -0.09541395 0.01618710 0.03273626
v 0.08915988 -0.01360946 0.03368730
v 0.09350398 -0.01262790 0.03389427
v -0.10576756 0.01595923 0.03401430
v -0.07818781 0.00821012 0.03456080
v -0.07357166 0.00330119 0.03560722
v -0.06943085 0.00166493 0.03603735
v -0.01146044 0.02784583 0.03522554
v -0.00731964 0.02620950 0.03569380
v -0.07771228 0.00493753 0.03516207
v -0.08284675 0.00680131 0.03472161
v -0.00317901 0.02457323 0.03615704
v 0.09030751 -0.01305521 0.03582646
v 0.01083122 -0.02883229 0.03589096
v 0.02994691 -0.00651666 0.04242864
v 0.00326183 -0.02069793 0.04333233
v 0.00567766 -0.02156157 0.04374822
v 0.04650996 -0.00160773 0.04269361
v 0.05479140 -0.00488033 0.04374702
v 0.05065077 -0.00324400 0.04320163
v 0.01433563 -0.01306185 0.04251923
v 0.02486513 -0.01685509 0.04391798
v 0.03822852 -0.00978925 0.04345151
v 0.00076664 -0.01793124 0.04256164
v 0.03408772 -0.00815292 0.04290808
v 0.01752485 -0.01469818 0.04298111
v 0.04650996 -0.00978925 0.04400159
v 0.05479140 -0.00651666 0.04400091
v 0.05065077 -0.00815292 0.04399084
v 0.02171108 -0.02032461 0.04475189
v 0.02546228 -0.01850742 0.04434573
v 0.01785277 -0.02120816 0.04478064
v 0.01673855 -0.02288375 0.04648881
v -0.01275886 -0.00743535 -0.04122376
v 0.01070182 0.00722276 -0.04125567
v 0.01847590 0.00542373 -0.04043891
v -0.04973338 -0.01720193 -0.04274937
v -0.02007245 -0.00555661 -0.04221294
v -0.04240017 -0.02033614 -0.04165160
v 0.02198915 0.00070195 -0.03988559
v 0.02877931 0.02305000 -0.04209351
v -0.02580300 -0.00236240 -0.04283664
v 0.00317186 0.00947572 -0.04184175
v 0.07971366 0.01003772 -0.02060159
v 0.02862056 0.03923554 -0.01881869
v 0.03353370 0.04028584 -0.01826187
v 0.07788279 0.01095830 -0.01870770
v -0.06041738 -0.01719872 -0.03690382
v 0.05511083 0.01554854 -0.03915814
v -0.07853783 -0.00768313 -0.01673550
v 0.04846829 0.01730537 -0.04038457
v -0.00096895 0.01099889 -0.04214179
v 0.08467507 0.00650274 -0.02053429
v -0.08073799 -0.00638030 -0.01471381
v -0.00489957 -0.00924178 -0.04038858
v 0.04384471 0.01566813 -0.04053224
v -0.08130509 -0.00585819 -0.01297919
v 0.04057859 0.03921178 -0.01693256
v 0.04218496 0.03809882 -0.01877322
v -0.00083213 0.03458026 -0.01289892
v -0.07774481 -0.00844912 -0.01132520
v 0.03660201 0.04079677 -0.01687251
v 0.00255667 0.03534408 -0.01103164
v -0.03452638 -0.02180754 -0.04047303
v 0.05205349 0.01245743 -0.03973604
v -0.01641477 -0.00658309 -0.04173708
v -0.08224837 -0.00516877 -0.01096109
v -0.08395726 -0.00384211 -0.01302876
v -0.03753671 -0.03638873 -0.01685280
v -0.03375741 -0.03932650 -0.01882697
v 0.01466779 0.00403211 -0.04055621
v -0.07358297 -0.01154078 -0.00916044
v -0.07655069 -0.00959463 -0.00915354
v 0.08351436 0.00595038 -0.00892439
v 0.08584338 0.00403770 -0.00917068
v -0.08568560 -0.00303945 -0.00756292
v -0.03819820 -0.02299266 -0.04084900
v -0.02343049 -0.00372321 -0.04255776
v -0.07049522 -0.01346024 -0.00575682
v -0.07471416 -0.01078982 -0.00727927
v 0.04272253 0.03633500 -0.00744605
v 0.04401724 0.03509581 -0.00578778
v 0.00949125 0.03685041 -0.00572960
v 0.05608222 0.01395859 -0.03953334
v -0.03555363 -0.03786335 -0.01675546
v -0.06223729 -0.01594282 -0.03842413
v -0.06536411 -0.01691377 -0.00589724
v 0.04655646 0.03302112 -0.00583505
v 0.00635843 0.00814767 -0.04164708
v -0.03114200 -0.04255097 -0.00560914
v -0.00829191 -0.03906223 -0.00572295
v 0.03279054 0.02165551 -0.04164528
v 0.03597074 0.02013137 -0.04152875
v 0.04066168 0.02021429 -0.04083680
v -0.04629155 -0.01873997 -0.04227803
v -0.01692212 -0.00815732 -0.04112950
v 0.03289926 0.03975974 -0.02063367
v 0.02503377 0.00236539 -0.03985871
v -0.00893678 -0.01096697 -0.03981247
v 0.00699517 0.03670000 -0.00427199
v 0.01114924 0.03754206 -0.00409565
v -0.08624421 -0.00210581 -0.01300018
v -0.06756409 -0.01544523 -0.00575460
v -0.02671128 -0.04223088 -0.00414274
v 0.05049521 0.03024814 -0.00422566
v -0.07223116 -0.01249810 -0.00426943
v 0.08420750 0.00532062 -0.00739614
v 0.04541837 0.03367575 -0.00423624
v 0.03909067 0.04021954 -0.01528326
v -0.08815393 -0.00080794 -0.01102439
v 0.00296697 0.03634597 -0.00244012
v 0.08357181 0.00687711 -0.01873893
v 0.08229743 0.00801110 -0.02055868
v 0.04907428 0.03090948 -0.00244089
v -0.01583742 -0.03976178 -0.00242109
v -0.00491707 -0.03788905 -0.00242399
v 0.07002916 0.01567645 -0.00241359
v 0.08848424 0.00238872 -0.00256578
v 0.06814101 0.01731676 -0.00240164
v -0.06994279 -0.01471823 -0.00064442
v -0.00063803 0.03605110 -0.00036281
v -0.04856790 -0.03046220 -0.00052447
v 0.04701095 0.03197843 -0.00055979
v -0.01260295 -0.03885266 -0.00057020
v -0.00852384 -0.03823226 -0.00044718
v 0.08987901 0.00088162 -0.00055220
v -0.05084371 -0.02899583 0.00121304
v 0.06194235 0.02156190 0.00143741
v -0.05316850 -0.02743173 0.00138051
v 0.01759732 0.03990155 0.00143144
v 0.05906072 0.02298999 0.00156666
v -0.05588678 -0.02541027 0.00142231
v 0.05654944 0.02454843 0.00158670
v -0.05765084 -0.02437031 0.00323191
v 0.06565448 0.01827317 0.00306420
v -0.05193902 -0.02854930 0.00344306
v 0.01959684 0.04046425 0.00365795
v 0.06037859 0.02187675 0.00346387
v 0.01427535 0.03931608 0.00334589
v 0.04945329 0.02936585 0.00331125
v -0.04681887 -0.03208875 0.00328378
v -0.02353178 -0.04045484 0.00325512
v -0.01951667 -0.03973524 0.00328685
v 0.05438322 0.02575640 0.00321622
v -0.06686795 -0.01827682 0.00526938
v 0.05016322 0.02859190 0.00503657
v 0.06419342 0.01914240 0.00521393
v -0.02665012 -0.04067740 0.00529643
v 0.02132236 0.04116471 0.00521009
v -0.06419262 -0.02031008 0.00528670
v -0.04331234 -0.03509344 0.00517486
v -0.04544072 -0.03347451 0.00512692
v -0.06636378 -0.01895080 0.00727059
v -0.03005465 -0.04115334 0.00722794
v 0.06209933 0.02033249 0.00714246
v 0.05124880 0.02755711 0.00712821
v 0.07270431 0.01220483 0.00730250
v 0.04171579 0.03517523 0.00713999
v -0.04449144 -0.03465390 0.00729849
v -0.05390512 0.02656165 0.00836069
v -0.07500407 0.02247864 0.00896384
v -0.03458472 0.03058974 0.00886283
v 0.04808822 -0.02544464 0.00893372
v -0.10676299 0.01056430 0.00906058
v 0.08636452 -0.01729645 0.00896947
v 0.06623483 -0.02185329 0.00899404
v -0.03815878 0.02997444 0.01054054
v -0.07164179 0.02341668 0.01024784
v 0.04470649 -0.02591290 0.01048961
v -0.10531643 0.00951722 0.01040746
v 0.10214251 -0.00947099 0.01033793
v 0.06125964 -0.02236136 0.01144048
v 0.06937049 -0.02110526 0.01043041
v 0.04917522 -0.02499106 0.01078189
v -0.04059953 0.02982774 0.01257486
v 0.09660499 -0.00642773 0.01205890
v -0.10192621 0.00675311 0.01185450
v 0.05228418 -0.02421802 0.01218789
v -0.04992942 0.02785491 0.01216716
v 0.09946806 -0.00814636 0.01213269
v 0.07053986 -0.02040774 0.01213312
v -0.06049145 0.02589409 0.01204781
v -0.05414890 0.02733517 0.01382226
v 0.09801301 -0.00756584 0.01385238
v -0.10345108 0.00802696 0.01388386
v -0.05750022 0.02666259 0.01381527
v 0.05869002 -0.02242843 0.01391397
v -0.04917707 0.02833203 0.01382994
v 0.06331802 -0.02137757 0.01389572
v 0.06751575 -0.02043848 0.01383847
v 0.03544165 -0.02700490 0.01569551
v 0.08832479 -0.00078265 0.01569841
v -0.09389385 0.00068602 0.01570225
v -0.08658115 0.02109121 0.01581819
v 0.07409306 -0.01876156 0.01561933
v -0.04630481 0.02922662 0.01569756
v 0.07702897 -0.01796428 0.01770977
v 0.08998666 -0.00220096 0.01764195
v -0.09582602 0.00211809 0.01778587
v -0.00961472 0.03699054 0.01766908
v -0.00467188 0.03803826 0.01775217
v -0.10078759 0.00584183 0.01766567
v 0.09402600 -0.00534697 0.01964547
v 0.09123594 -0.00348172 0.02005649
v -0.09250421 0.02072655 0.01948415
v -0.09966931 0.00497273 0.01966782
v 0.02875686 -0.02780609 0.01970288
v -0.01258792 0.03665830 0.01960059
v 0.04010943 -0.02563675 0.01945437
v -0.10909643 0.01133092 0.02136114
v 0.10363078 -0.01127525 0.02141677
v -0.01643987 0.03611942 0.02133914
v -0.08461646 0.02216037 0.02146625
v -0.09821585 0.00380542 0.02146028
v -0.01139522 0.03731852 0.02186439
v 0.03239014 -0.02695286 0.02126696
v -0.07969501 0.02315255 0.02137821
v 0.04110043 -0.02495013 0.02152417
v 0.03683606 -0.02587455 0.02147640
v 0.09188771 -0.00411358 0.02153834
v 0.10303840 -0.01207246 0.02293836
v 0.02374454 -0.02828343 0.02346746
v -0.11069184 0.01247504 0.02343598
v -0.09870711 0.02063574 0.02351259
v -0.11553462 0.01610963 0.02397113
v -0.11321673 0.01413114 0.02340544
v 0.00292578 -0.03236657 0.02339350
v -0.09659994 0.02062840 0.02549708
v 0.02068490 -0.02847791 0.02513443
v -0.11580350 0.01682734 0.02543753
v 0.02501256 -0.02758018 0.02513400
v -0.11177777 0.01328552 0.02540921
v 0.00025841 -0.03255861 0.02535222
v 0.00690095 -0.03091718 0.02646544
v -0.11407533 0.01758403 0.02661123
v -0.00187016 -0.03278697 0.02672760
v -0.10473678 0.01947737 0.02709068
v -0.09420268 0.02148876 0.02695853
v 0.01907747 -0.02810292 0.02857730
v 0.01840678 -0.02852897 0.02672342
v 0.01047943 -0.02994372 0.02813590
v 0.08626446 -0.00058069 0.02818043
v 0.01427269 -0.02906736 0.02838868
v -0.11507447 0.01498961 0.02828460
v -0.10702638 0.01900486 0.02815911
v -0.10223009 0.02014786 0.02852210
v -0.09838167 0.02098544 0.02882436
v 0.09243342 -0.01335895 0.02962030
v -0.03085668 0.03463230 0.03018310
v 0.01156112 -0.02951096 0.03025271
v -0.11263266 0.01945977 0.03114804
v -0.10968580 0.01885082 0.03010213
v -0.02774083 0.03565878 0.03157476
v 0.08949629 -0.01378662 0.03201275
v 0.09361694 -0.01286290 0.03190841
v -0.11463660 0.01920786 0.03257665
v -0.10930944 0.02026438 0.03203757
v -0.10255677 0.01720981 0.03267032
v 0.03408772 -0.00978925 0.04317681
v -0.11634426 0.01824719 0.03328558
v -0.02298996 0.03472836 0.03391525
v -0.01974188 0.03316384 0.03408895
v -0.02698829 0.03067525 0.03403759
v -0.03119733 0.03213547 0.03383105
v -0.08185309 0.01148272 0.03388591
v -0.09427534 0.01475538 0.03298281
v 0.09627460 -0.01204431 0.03386279
v -0.10108440 0.01270186 0.03438600
v -0.09090315 0.00802241 0.03454715
v -0.10462081 0.01476076 0.03456779
v -0.07679216 0.00084677 0.03606286
v -0.07357166 0.00166493 0.03593532
v -0.01146044 0.02620950 0.03545818
v -0.00317901 0.02948216 0.03549171
v -0.00731964 0.02784583 0.03546808
v -0.06943085 0.00330119 0.03575352
v -0.08698667 0.00698266 0.03467366
v -0.06529004 0.00493753 0.03564543
v -0.01560125 0.02457323 0.03544751
v -0.10444598 0.01283885 0.03640342
v -0.09194507 0.00673767 0.03570609
v -0.00317901 0.01802797 0.03701015
v -0.03630493 0.00657386 0.03680412
v -0.01974188 0.01311905 0.03677093
v -0.00047698 -0.02320698 0.04378985
v 0.00272231 -0.02173244 0.04356420
v 0.05479140 0.00002860 0.04301318
v 0.02994691 -0.01142552 0.04318961
v 0.00596528 -0.02001619 0.04335681
v 0.00924323 -0.01797078 0.04308527
v 0.01828746 -0.01982241 0.04417622
v 0.05065077 -0.00160773 0.04295978
v 0.01338404 -0.01633444 0.04302248
v 0.03822852 -0.00815292 0.04317084
v 0.02580628 -0.01306185 0.04321136
v 0.02166548 -0.01469818 0.04324693
v 0.05065077 -0.00978925 0.04428303
v 0.04236916 -0.00651666 0.04317143
v 0.04650996 -0.00324400 0.04292719
v 0.02551372 -0.02335745 0.04544564
v 0.02050158 -0.02140104 0.04538490
v 0.05613525 -0.01113805 0.04491799
v 0.02449531 -0.02140795 0.04637689
v 0.02117475 -0.02300621 0.04661968
v -0.00189314 -0.03933747 -0.03575562
v 0.09052141 -0.00329611 -0.03585783
v 0.06113873 -0.00813399 -0.03559353
v -0.07199817 0.01576901 -0.04022922
v 0.10045464 -0.02276982 -0.03228571
v 0.02089615 -0.02892087 -0.03564984
v 0.01028392 -0.03712216 -0.03584417
v -0.03171476 0.02512895 -0.03174484
v -0.08905690 0.00197901 -0.03110058
v 0.09336379 -0.02315913 -0.02910397
v -0.07988080 0.01266330 -0.04747130
v -0.01301908 0.02958443 -0.02749664
v 0.11055422 -0.02076708 -0.02664200
v 0.10343509 -0.01718544 -0.03187468
v 0.06597957 -0.01089551 -0.03534622
v 0.11200008 -0.01934745 -0.02476824
v 0.08580131 -0.00380041 -0.03549602
v 0.09360881 -0.02013111 -0.03234432
v -0.09850241 0.01259959 -0.02740126
v 0.10080236 -0.01880312 -0.03187511
v -0.06839335 0.01699514 -0.03694656
v 0.00694408 -0.03670134 -0.03621937
v 0.02508681 -0.03435862 -0.02556530
v 0.01849093 -0.03535869 -0.02246460
v 0.01176583 -0.03360276 -0.03555387
v 0.10754638 -0.02023387 -0.02547086
v 0.07046049 -0.00929760 -0.03505113
v 0.11146179 -0.01818587 -0.02231932
v -0.03043401 0.02582975 -0.02926018
v 0.08958626 -0.01867570 -0.03317456
v 0.08960642 -0.02311065 -0.03117155
v -0.06451965 0.01750523 -0.03879114
v -0.10178833 0.01249914 -0.02239414
v -0.08997225 0.00235931 -0.02919841
v -0.02696301 0.02612965 -0.03124936
v -0.02022677 0.02671442 -0.03508978
v 0.09368022 -0.02153139 -0.03179679
v -0.00447973 0.03018373 -0.03287000
v -0.08514484 0.00039430 -0.03499039
v -0.02326910 0.02649933 -0.03309940
v 0.02153979 -0.03525642 -0.02725845
v -0.01606104 0.02933106 -0.02556820
v -0.09432678 0.01354979 -0.02728012
v 0.08193327 -0.00543136 -0.03520759
v -0.02249658 0.02704478 -0.03094847
v 0.11448979 -0.01394652 -0.02923202
v -0.08796937 0.00076587 -0.02923399
v -0.08743038 0.01240022 -0.04357833
v -0.09031007 0.00389882 -0.03507280
v -0.09646506 0.00957890 -0.04368898
v -0.09430857 0.01090919 -0.04548937
v 0.11585592 -0.01859250 -0.02404131
v -0.01992396 0.02786399 -0.02936314
v 0.09745175 -0.02026747 -0.03180140
v -0.07479070 0.01506408 -0.04176506
v -0.09588117 0.01339373 -0.02602810
v 0.10427177 -0.01254330 -0.03312218
v 0.11260076 -0.01249880 -0.02911728
v 0.02460138 -0.02720923 -0.03563602
v -0.09232178 0.00487326 -0.03298525
v 0.11183426 -0.01401596 -0.03154436
v 0.10771467 -0.01402804 -0.03255742
v -0.01974188 -0.02778863 0.04407044
v -0.06179571 0.02368339 0.00286397
v 0.05820283 -0.02398282 0.00300789
v 0.05680506 0.02335402 0.01193537
v -0.06193854 -0.02296584 0.01195926
v 0.02166548 0.03030026 0.03675737
v -0.07675681 -0.00242583 0.03684328
v 0.02580628 0.03193659 0.03686119
v 0.03592213 0.03614408 0.03734780
v -0.06893782 -0.00539881 0.03742177
v -0.06529004 -0.00324400 0.03697739
v -0.02324735 -0.03522422 0.03774407
v 0.03014084 0.03941926 0.03806330
v -0.04525387 -0.03776436 0.03747167
v -0.08012740 -0.00943676 0.03769800
v 0.03112194 0.03874926 0.03926004
v -0.04275125 -0.03800634 0.03973360
v -0.01928774 -0.03439844 0.03971065
v -0.04515205 -0.03662171 0.03960426
v 0.02968034 0.03680067 0.04082608
v 0.02816925 0.04066991 0.03965059
v 0.03221425 0.03783979 0.04097264
v -0.08241312 -0.00765261 0.04161418
v -0.08280185 -0.00669962 0.04220768
v -0.08010336 -0.00655815 0.04136951
v 0.07484914 0.00698664 0.04145806
v -0.03864279 -0.03763135 0.04126679
v -0.03424584 -0.03688255 0.04180212
v -0.07976819 -0.00801845 0.04254150
v 0.07324418 0.00784058 0.04307546
v -0.03832990 -0.03654375 0.04312852
v -0.02648377 -0.03512886 0.04327961
v -0.01767147 -0.02697046 0.04382184
v 0.05893221 0.00166493 0.04313509
v -0.00830870 -0.02428397 0.04352385
v 0.08359815 0.00129825 0.04501874
v 0.07088581 0.00817072 0.04477228
v -0.01595869 -0.03221896 0.04477749
v 0.07703056 0.00505272 0.04469764
v 0.06246031 0.01107831 0.04518732
v -0.02288425 -0.02904564 0.04489701
v -0.01091367 -0.03069419 0.04533320
v -0.01395034 -0.03146570 0.04582561
v 0.06660942 0.00694319 0.04496978
v 0.07742052 0.00383951 0.04615150
v 0.07059661 0.00693558 0.04607924
v 0.07448409 0.00531252 0.04631273
v -0.01583707 -0.03083237 0.04700221
v -0.01975231 -0.02898367 0.04670380
v 0.07818897 0.00196266 0.04768341
v 0.08060851 0.00213772 0.04635616
v 0.00328747 0.02331650 -0.04416979
v -0.05031374 -0.00378818 -0.04418165
v 0.00656737 0.01888701 -0.04327070
v -0.00044640 0.01366994 -0.04284304
v -0.01940283 -0.02301020 -0.03893864
v -0.03024115 -0.02297617 -0.04004486
v 0.05565725 0.01117374 -0.03961046
v 0.06122888 0.02386251 -0.02721059
v -0.06170219 -0.01690909 -0.03304744
v 0.02247635 0.02282534 -0.04279834
v 0.01063376 0.02042365 -0.04335397
v -0.00504895 -0.01236845 -0.03956636
v 0.05324178 0.02934971 -0.02050255
v -0.04035523 -0.03412928 -0.02000766
v 0.07399602 0.01405849 -0.02057609
v -0.02328695 -0.02011518 -0.03956618
v 0.01463402 0.03679641 -0.01869346
v 0.01774635 0.03738523 -0.01865711
v -0.01635467 -0.01723448 -0.03981563
v -0.04143056 -0.03342763 -0.01858537
v -0.03142043 -0.04089731 -0.01874319
v -0.06211991 -0.01583070 -0.03507365
v -0.06167338 -0.01853543 -0.02396726
v 0.02499064 0.02183225 -0.04229560
v 0.05434999 0.02864122 -0.01871581
v -0.06013914 -0.02004015 -0.02226583
v 0.07544505 0.01272442 -0.01878585
v 0.06070774 0.02378727 -0.01674070
v 0.01475052 0.02009239 -0.04274323
v -0.04640309 -0.03039709 -0.01678319
v -0.01792002 -0.04151408 -0.01675102
v 0.05612677 0.02724610 -0.02058752
v -0.02157682 -0.02216947 -0.03925019
v -0.06026606 -0.00071272 -0.04499423
v -0.05571726 -0.02381229 -0.01489407
v -0.04478312 -0.03181624 -0.01474017
v -0.04321564 -0.00662759 -0.04315425
v 0.06485651 0.02078041 -0.01881067
v 0.05592312 0.00652831 -0.03908452
v -0.07019947 -0.01330474 -0.01347604
v 0.00291765 0.01261531 -0.04209709
v 0.07667471 0.01217982 -0.02056372
v 0.09134095 0.00045913 -0.01349072
v 0.06566685 0.01997196 -0.01673140
v 0.08891575 0.00229190 -0.01304505
v -0.01240178 -0.04033279 -0.01298721
v 0.07123848 0.01557739 -0.01313250
v -0.00884097 -0.01398969 -0.03950886
v 0.01779691 0.01865089 -0.04228059
v -0.00112557 0.02185964 -0.04432787
v 0.01063888 0.01574435 -0.04244874
v 0.02112896 0.03836086 -0.01688752
v -0.05421236 -0.00536968 -0.04416663
v -0.04846749 -0.02893380 -0.01674113
v -0.06976531 -0.01396461 -0.01120491
v 0.06740668 0.01861680 -0.01480586
v 0.06204806 0.02292111 -0.01482702
v 0.04431405 0.00688759 -0.03979081
v 0.04853935 0.03210893 -0.01102533
v -0.01123364 -0.03992567 -0.01058445
v 0.09013003 0.00104502 -0.01109631
v 0.06963123 0.01704830 -0.01100460
v 0.04828550 0.00823932 -0.03970174
v -0.03272645 -0.03993063 -0.02030480
v -0.05062875 -0.02763019 -0.01495405
v 0.03646147 0.00400053 -0.03942934
v -0.02034804 -0.01875073 -0.03962377
v -0.04828576 -0.02979912 -0.01049061
v -0.06782943 -0.01553381 -0.00909126
v 0.04421063 0.03523741 -0.00906925
v 0.06321037 0.02196358 -0.01677593
v -0.03170556 -0.04247287 -0.00910533
v -0.03969620 -0.03528443 -0.01495405
v -0.02761037 -0.04315970 -0.00906592
v -0.05082568 -0.02600476 -0.02065457
v -0.00470070 -0.01710266 -0.03891603
v 0.04654585 0.03337131 -0.00912479
v -0.05582686 -0.02234215 -0.02738684
v -0.05875356 -0.02061361 -0.02398134
v -0.05727218 -0.02140781 -0.02542087
v -0.02686278 -0.02159762 -0.03963128
v 0.01184308 0.03721317 -0.00779829
v -0.02152431 -0.04194600 -0.01150290
v 0.02851485 0.00076957 -0.03950783
v -0.00866102 -0.03939587 -0.00908947
v -0.04629791 -0.00785107 -0.04348961
v -0.07231761 -0.01245311 -0.00738556
v -0.07065308 -0.01346583 -0.00916659
v 0.04063056 0.00076007 -0.03884855
v -0.00588139 -0.03880118 -0.00711453
v 0.05067941 0.03052624 -0.00742472
v -0.05475135 -0.02295983 -0.02259794
v 0.00962613 0.03676239 -0.00908640
v 0.00639007 0.03616825 -0.00728020
v 0.04554830 0.03388721 -0.00706343
v 0.06027040 0.02431434 -0.02555165
v 0.05841955 0.02589912 -0.02726869
v -0.06002458 -0.00248891 -0.04469607
v -0.07383505 -0.01132716 -0.00577866
v 0.08343445 0.00582778 -0.00576970
v 0.08554198 0.00393494 -0.00602435
v 0.03276420 0.04191253 -0.00577635
v -0.02635791 -0.04261391 -0.00721366
v 0.04052520 0.00546362 -0.03949998
v -0.02317488 -0.04260008 -0.01304267
v -0.06566728 -0.01694374 -0.00909783
v 0.03266803 0.00237657 -0.03960312
v 0.01752662 0.03689197 -0.02059221
v 0.00696530 0.01727247 -0.04267618
v -0.07470196 -0.01072443 -0.00417832
v -0.07632017 -0.00939519 -0.00578104
v -0.01265015 -0.01567981 -0.03980181
v -0.03304889 -0.04177024 -0.00415725
v 0.08424656 0.00527053 -0.00420826
v -0.05308576 -0.02441509 -0.02062625
v -0.04368781 -0.03215239 -0.01691653
v 0.02967839 0.04167089 -0.00377582
v -0.08590303 -0.00318678 -0.00428572
v -0.00122333 0.03550992 -0.00268957
v -0.06296756 -0.01828842 -0.01923637
v -0.02960175 -0.04308684 -0.00719003
v -0.05227914 -0.02560126 -0.01863749
v 0.05235507 0.00939280 -0.03959809
v -0.08745301 -0.00224183 -0.00245547
v -0.01652897 -0.04090010 -0.01115526
v -0.08995528 -0.00035540 -0.00247066
v -0.08478227 -0.00399503 -0.00254479
v 0.03491486 0.04172224 -0.00106568
v 0.08723479 0.00285802 -0.00053624
v -0.08339865 -0.00526168 -0.00059153
v 0.03575967 0.04065531 0.00154789
v -0.08013801 -0.00801936 0.00158722
v -0.08215662 -0.00647216 0.00138955
v 0.07878347 0.00817282 0.00322902
v 0.03740917 0.03906809 0.00328268
v -0.03921785 -0.03774906 0.00326058
v -0.03781035 -0.03932706 0.00508110
v 0.03822517 0.03813354 0.00540673
v -0.03608608 -0.04086664 0.00503700
v 0.07674471 0.00938889 0.00517051
v 0.07458928 0.01116682 0.00516223
v 0.04016723 0.03659836 0.00522835
v 0.08001472 0.00635618 0.00667095
v 0.03867082 0.03762023 0.00666037
v 0.03436119 0.04101165 0.00716933
v -0.03731750 -0.04055452 0.00709750
v 0.07581805 0.00971219 0.00708743
v -0.04189866 -0.03650721 0.00722913
v -0.07888042 -0.00964451 0.00720994
v 0.10039153 -0.01457111 0.00868112
v 0.09211558 -0.01637293 0.00874826
v -0.03033396 0.03152010 0.00893543
v -0.09875219 0.01781386 0.00881301
v 0.02160661 -0.03048539 0.00896469
v -0.01942457 0.03365591 0.00884867
v -0.02728086 0.03238521 0.01053585
v 0.02368656 -0.02989049 0.01043391
v 0.09373273 -0.01581547 0.01055522
v 0.09637076 -0.01490635 0.01164506
v -0.02300588 0.03325395 0.01069436
v 0.08987087 -0.01657426 0.01066186
v -0.01797942 0.03432409 0.01136046
v -0.10581900 0.01733276 0.01202588
v 0.01574401 -0.03096538 0.01249739
v -0.02600701 0.03286226 0.01263509
v 0.01329442 -0.03132472 0.01385596
v 0.01782342 -0.03038459 0.01387038
v -0.10217317 0.01856385 0.01576896
v 0.01050825 -0.03179186 0.01568834
v 0.00016083 -0.03397748 0.01570950
v -0.11189833 0.01653604 0.01643822
v -0.00270065 -0.03433563 0.01691093
v 0.00304953 -0.03305229 0.01770133
v 0.00696795 -0.03233262 0.01771848
v -0.10961845 0.01727492 0.01761457
v -0.10539173 0.01811194 0.01770133
v 0.08736984 -0.00024307 0.01773750
v -0.11416249 0.01582461 0.01764750
v 0.00408101 -0.03259675 0.02007210
v -0.11093384 0.01250899 0.01955214
v -0.09858072 0.01955449 0.01964487
v 0.10355371 -0.01252122 0.01961501
v 0.02464716 -0.02853198 0.01967925
v -0.11319517 0.01417110 0.01960793
v -0.01769358 0.03560262 0.01963267
v -0.09539857 0.02062764 0.02141745
v 0.02141198 -0.02895769 0.02156026
v 0.02572479 -0.02802747 0.02162049
v -0.11189869 0.01311087 0.02144347
v -0.01377003 0.03706424 0.02293589
v -0.09973136 0.00509645 0.02344605
v 0.09379460 -0.00537142 0.02334026
v 0.02869675 -0.02721287 0.02326323
v -0.08362881 0.02266460 0.02334367
v -0.00435510 0.03904140 0.02357691
v 0.09031052 -0.00326376 0.02340066
v 0.10264402 -0.01132953 0.02493642
v 0.04024696 -0.02448662 0.02517955
v -0.10820106 0.01138680 0.02548624
v -0.09797137 0.00377175 0.02536399
v -0.01663150 0.03682030 0.02521556
v -0.01281632 0.03755925 0.02534497
v -0.08075425 0.02359202 0.02511787
v 0.09141148 -0.00405140 0.02538609
v 0.03552880 -0.02544381 0.02497524
v -0.09403262 0.00059954 0.02682110
v -0.00912894 0.03842261 0.02646058
v -0.04997309 0.03013134 0.02683756
v -0.09031961 0.02252942 0.02759938
v 0.03234506 -0.02569180 0.02690999
v 0.08846002 -0.00208618 0.02822369
v -0.09580710 0.00188163 0.02807849
v -0.09241140 0.02225873 0.02827513
v -0.10092106 0.00551692 0.02828980
v 0.02913957 -0.02612282 0.02828980
v -0.08749826 0.02310868 0.02835353
v -0.05277075 0.02986316 0.02831352
v 0.03389875 -0.02512679 0.02863591
v 0.09909223 -0.00885547 0.02969256
v -0.10510854 0.00853035 0.03018378
v 0.08687204 -0.01460793 0.03023974
v -0.02569376 0.03573737 0.03065691
v 0.06604144 -0.01869512 0.03027250
v -0.10318521 0.00687382 0.03021005
v 0.09557845 -0.00673929 0.03023965
v 0.06964237 -0.01781164 0.03165077
v 0.07707015 -0.01649274 0.03019870
v -0.03507881 0.03371773 0.03007083
v -0.04606492 0.03166785 0.03053099
v 0.07413531 -0.01682589 0.03195431
v -0.04351474 0.03268811 0.03144492
v 0.09735735 -0.00805100 0.03202537
v 0.07829521 -0.01605900 0.03222705
v -0.03832495 0.03363740 0.03193503
v -0.03407755 0.03455357 0.03204039
v -0.05689406 0.02738547 0.03320462
v -0.06529004 0.02375507 0.03306275
v -0.05386164 0.02581676 0.03337993
v 0.06120643 -0.01927773 0.03345586
v -0.02017498 0.03625543 0.03395979
v -0.05032593 0.02465678 0.03363373
v -0.03522836 0.03072569 0.03382841
v -0.08185309 0.01475538 0.03333787
v 0.04443956 -0.01551635 0.04512948
v -0.07684962 0.01843706 0.03305703
v -0.06529004 0.01802797 0.03366623
v -0.07296266 0.02024182 0.03302274
v -0.06943085 0.02167822 0.03304287
v -0.06856818 0.02007339 0.03324838
v 0.08175579 -0.01521575 0.03380896
v -0.10688637 0.01070625 0.03389597
v 0.09996833 -0.01091961 0.03378191
v 0.09846008 -0.00887496 0.03402846
v -0.03840149 0.03216279 0.03423158
v -0.04248326 0.03349685 0.03385801
v -0.04615915 0.03315126 0.03507138
v -0.10193434 0.01110982 0.03565942
v -0.09516063 0.00815968 0.03587057
v 0.09741197 -0.01148371 0.03587662
v 0.09941944 -0.00974671 0.03577050
v 0.05915370 -0.01945175 0.03586195
v 0.09388900 -0.00656451 0.03606226
v 0.06256902 -0.01865028 0.03584028
v 0.05571152 -0.01986174 0.03766738
v -0.02802332 0.00657386 0.03724910
v -0.03216412 0.00821012 0.03678851
v -0.02388269 0.01148272 0.03677426
v -0.01974188 0.00984645 0.03723596
v 0.04499534 -0.02188151 0.03784107
v 0.00924323 0.00002860 0.04030483
v 0.00510260 -0.00160773 0.04031191
v -0.01146044 0.00166493 0.03888100
v -0.00731964 0.00330119 0.03887034
v -0.00317901 0.00493753 0.03886607
v 0.05212667 -0.02008053 0.03970058
v 0.05718177 -0.01911238 0.03969649
v 0.04737121 -0.02101487 0.03967738
v 0.01752485 -0.00815292 0.04194970
v 0.00531261 -0.00332510 0.04054857
v 0.00924323 -0.00488033 0.04097247
v 0.01338404 -0.00651666 0.04145780
v 0.04806418 -0.02041130 0.04138793
v 0.04526263 -0.02061158 0.04394972
v 0.02509087 -0.00951024 0.04258151
v 0.02166548 -0.01096823 0.04260966
v 0.02994691 -0.01469818 0.04381758
v 0.03408772 -0.01306185 0.04377364
v 0.04161963 -0.02061319 0.04524089
v 0.03216652 -0.02277142 0.04447182
v 0.05185851 -0.01268686 0.04492576
v 0.02906056 -0.02233670 0.04604733
v 0.03667572 -0.01805055 0.04546970
v 0.05317655 -0.01450440 0.04594419
v 0.05479140 -0.01367918 0.04565269
v 0.03238837 -0.02150002 0.04617444
v 0.04849463 -0.01589532 0.04610782
v 0.03649488 -0.02005049 0.04667121
v 0.04075731 -0.01856575 0.04661720
v 0.04433667 -0.01716965 0.04629874
v 0.05504578 -0.01664768 0.04758949
v 0.00022606 0.01528895 -0.04291556
v 0.05712873 0.00748472 -0.03948770
v 0.00724761 0.02285049 -0.04389662
v 0.00376353 0.01693031 -0.04286275
v -0.06104494 -0.01862590 -0.02538759
v -0.02667911 -0.02033439 -0.03981427
v -0.00084804 0.02034157 -0.04408090
v 0.02884560 0.00551175 -0.03971548
v 0.01074318 0.02195778 -0.04357100
v -0.05569039 -0.02235682 -0.02251639
v 0.07256695 0.01522028 -0.02106133
v 0.06593608 0.01987451 -0.01877715
v -0.04332807 -0.03202008 -0.01883371
v -0.05288636 -0.00071070 -0.04459438
v -0.01769410 -0.04166525 -0.01881528
v -0.04826897 -0.02850886 -0.01875582
v -0.05733900 -0.02144665 -0.02400574
v -0.04903388 -0.02737158 -0.02067078
v -0.03831187 -0.00577687 -0.04285038
v -0.03183373 -0.04071687 -0.01682448
v 0.01339571 0.03689658 -0.01673362
v -0.04188363 -0.03343280 -0.01680332
v 0.01797439 0.03783141 -0.01670206
v -0.05736110 -0.00542032 -0.04434033
v 0.00683537 0.01260804 -0.04169297
v 0.00292472 0.01876762 -0.04357918
v -0.04070542 -0.03466243 -0.01478377
v -0.03923729 -0.03498132 -0.02058726
v -0.05463256 -0.02481069 -0.01475084
v 0.07357635 0.01393414 -0.01488520
v 0.05610873 0.02730045 -0.01478223
v 0.02114469 0.01864020 -0.04204360
v 0.08790035 0.00326871 -0.01355163
v 0.01101577 0.01407071 -0.04174860
v -0.06653490 -0.01590447 -0.01351759
v 0.01517584 0.03745236 -0.01483094
v 0.03647349 0.00243140 -0.03945511
v 0.04596019 0.03416929 -0.01294601
v 0.00688133 0.03601037 -0.01304105
v -0.02965319 -0.04323151 -0.01296077
v 0.06761351 0.01861820 -0.02061524
v -0.07162959 -0.01230355 -0.01302594
v 0.05086379 0.03070277 -0.01294558
v -0.00473145 -0.03906803 -0.01302040
v -0.06783173 -0.01556322 -0.01111388
v 0.04686140 0.03336607 -0.01131564
v -0.07053322 -0.01352123 -0.01047644
v 0.02122760 0.03799802 -0.01872716
v -0.03137765 -0.04238492 -0.01098208
v -0.04595744 -0.03023426 -0.01874285
v -0.00890726 -0.03958777 -0.01107609
v 0.05428829 0.02866539 -0.01678131
v 0.06014489 0.02431337 -0.02402246
v -0.06945383 -0.01410440 -0.00906003
v -0.01595144 -0.01243719 -0.04011473
v 0.03261058 0.00401485 -0.03958981
v 0.04834384 0.03210229 -0.00919235
v 0.06475857 0.02073871 -0.01682729
v 0.06360511 0.02175157 -0.01879310
v -0.01150605 -0.03985267 -0.00895527
v 0.07150241 0.01541239 -0.00734794
v -0.05922026 -0.01986530 -0.02729838
v -0.05853295 -0.02053243 -0.02546139
v -0.02292120 -0.02164763 -0.03939394
v -0.06194084 -0.01712970 -0.03128954
v -0.07772979 -0.00838282 -0.00627695
v -0.00394569 -0.03846328 -0.00723755
v -0.05465784 -0.02304058 -0.02741491
v -0.08861814 -0.00109477 -0.00577951
v 0.06957290 0.01707408 -0.00909638
v 0.07537964 0.01256466 -0.01677448
v -0.02310540 -0.04184562 -0.00750184
v -0.04646620 -0.00924137 -0.04323726
v 0.02463868 0.02037315 -0.04221524
v 0.08833345 0.00213137 -0.00760822
v 0.00200495 0.03552647 -0.00579521
v -0.06041738 -0.00374522 -0.04454515
v 0.03524455 0.04171413 -0.00579794
v 0.05776636 0.02596374 -0.02252261
v -0.01378505 -0.04015193 -0.00737072
v -0.04832677 -0.02999451 -0.00909535
v 0.08708735 0.00278264 -0.00576603
v -0.08277816 -0.00505553 -0.00581201
v 0.04429177 0.01097066 -0.04018724
v 0.04448711 0.03519081 -0.01106944
v 0.06220009 0.02286732 -0.02043558
v -0.01240531 -0.01396503 -0.03981171
v 0.09008407 0.00091900 -0.00908247
v -0.08483018 -0.00389164 -0.00422200
v -0.00875117 -0.01555763 -0.03955936
v -0.08743392 -0.00213285 -0.00427915
v -0.01375129 -0.04175383 -0.02102525
v -0.06559746 -0.01702275 -0.01105178
v -0.08981138 -0.00033529 -0.00426593
v 0.05239926 0.00784065 -0.03953991
v -0.00121856 0.03522832 -0.00423667
v 0.05304574 0.02938639 -0.01477703
v 0.02509317 0.03944867 -0.01472959
v -0.05276085 -0.02586945 -0.01678609
v 0.04842091 0.00944764 -0.03980036
v -0.03065534 -0.01870148 -0.04008351
v -0.02670793 -0.04324381 -0.01106867
v -0.05015923 -0.00235115 -0.04420118
v 0.02500973 0.03835198 -0.02068400
v -0.03347085 -0.04179274 -0.00243270
v 0.08481366 0.00512956 -0.00248721
v 0.01070694 0.03686249 -0.01116345
v -0.01624966 -0.04066517 -0.00922716
v -0.07487503 -0.01090788 -0.00244865
v 0.03025221 0.04199328 -0.00212890
v 0.04239338 0.03584202 -0.00204035
v -0.08576921 -0.00337728 -0.00232759
v -0.07404365 -0.01178032 -0.00088192
v -0.07714925 -0.00966561 -0.00077682
v 0.03311810 0.04217156 -0.00047721
v 0.08618721 0.00397022 -0.00052660
v 0.07662309 0.01062166 0.00088366
v 0.03919974 0.03790790 0.00119863
v -0.03641135 -0.03976933 0.00131584
v 0.08129404 0.00689513 0.00152793
v 0.07619387 0.01041893 0.00187335
v -0.07858609 -0.00916299 0.00150788
v 0.03466914 0.04160858 0.00196386
v -0.04073830 -0.03646886 0.00156026
v 0.03833442 0.03824922 0.00334964
v -0.03592999 -0.04056458 0.00329325
v 0.07722377 0.00943821 0.00325631
v 0.07484914 0.01132302 0.00326860
v -0.03751231 -0.03919287 0.00345134
v 0.04032191 0.03669092 0.00327039
v -0.01146044 0.00493753 0.03841222
v 0.07818048 0.00816632 0.00531741
v -0.03955072 -0.03795605 0.00523406
v 0.03687336 0.03931007 0.00520139
v -0.08284587 -0.00667286 0.00715201
v 0.07898994 0.00710477 0.00719910
v 0.03536316 0.04023163 0.00729465
v -0.08079138 -0.00816934 0.00717803
v -0.10707482 0.01638284 0.00849386
v 0.01903717 -0.03104404 0.00858310
v -0.10186487 0.01735944 0.00901554
v 0.01468953 -0.03192326 0.00903242
v 0.01716988 -0.03123950 0.01013464
v -0.10644125 0.01687100 0.01043715
v 0.02364661 -0.02971815 0.01142146
v 0.09628414 -0.01520974 0.01035056
v 0.08875577 -0.01660751 0.01205190
v -0.01849473 0.03441442 0.01241251
v -0.02712759 0.03256530 0.01178693
v -0.02365977 0.03326290 0.01187028
v 0.09370020 -0.01551362 0.01202981
v 0.09777418 -0.01457272 0.01202921
v 0.02071372 -0.02987938 0.01383165
v 0.08983711 -0.01606018 0.01395919
v 0.10050891 -0.01395825 0.01391218
v -0.03086676 0.03214525 0.01397966
v 0.02244453 -0.02954763 0.01569815
v 0.10271207 -0.01350970 0.01522195
v 0.00510260 -0.03276280 0.01692594
v -0.09897741 0.01909239 0.01558879
v -0.09494938 0.01966298 0.01571957
v -0.11101357 0.01273393 0.01769237
v -0.09836771 0.01943392 0.01751390
v -0.01715388 0.03542588 0.01761900
v 0.02487626 -0.02894323 0.01781991
v 0.10414644 -0.01259150 0.01766737
v -0.11307089 0.01419324 0.01770440
v 0.00704290 -0.03214575 0.01973061
v 0.01214148 -0.03103538 0.02007125
v 0.08725158 -0.00025341 0.01967149
v -0.11475239 0.01569126 0.01967660
v 0.00294947 -0.03283119 0.01957210
v -0.10966760 0.01757139 0.01954020
v -0.10610396 0.01827757 0.01960878
v -0.10290502 0.01909092 0.02103569
v -0.00126558 -0.03340989 0.02142965
v 0.01000779 -0.03130642 0.02135338
v 0.01867018 -0.02946345 0.02127745
v -0.11314425 0.01714449 0.02143101
v -0.00600654 0.03861136 0.02292872
v 0.03105106 -0.02660106 0.02380657
v -0.10075259 0.00585719 0.02339989
v 0.08908351 -0.00230966 0.02349536
v -0.09553504 0.00198390 0.02340783
v -0.09152063 0.02139027 0.02347155
v 0.08790565 -0.00141318 0.02494145
v -0.08808728 0.02214961 0.02499682
v -0.09396297 0.00061722 0.02537491
v -0.04978076 0.02994985 0.02541450
v -0.00879713 0.03833361 0.02517776
v 0.03283986 -0.02585219 0.02533328
v 0.07319787 -0.01793438 0.02508324
v -0.01672590 0.03700067 0.02671250
v 0.09134431 -0.00404058 0.02676786
v -0.01214492 0.03787947 0.02687911
v -0.10871141 0.01156647 0.02698276
v 0.04053616 -0.02409298 0.02660987
v -0.09821992 0.00387591 0.02702345
v -0.00477671 0.03943023 0.02824348
v -0.09992351 0.00487291 0.02808736
v -0.08456219 0.02369981 0.02848636
v -0.01581497 0.03728911 0.02818990
v 0.03656312 -0.02466588 0.02822104
v 0.09273323 -0.00500670 0.02817327
v 0.09071533 -0.00375102 0.02819715
v 0.09422806 -0.00593671 0.03003960
v 0.08537457 -0.01496825 0.03005888
v -0.05758260 0.02932910 0.03015016
v -0.02294188 0.03616930 0.03025168
v 0.05929795 -0.01996841 0.03030944
v 0.06324272 -0.01920850 0.03068020
v 0.09976168 -0.00944661 0.03049670
v -0.10657772 0.00960810 0.03026252
v -0.02133746 0.03688813 0.03160906
v 0.06166481 -0.01935220 0.03198937
v -0.10796612 0.01060887 0.03241891
v 0.10047108 -0.01098996 0.03211103
v 0.08169338 -0.01548107 0.03201616
v -0.04207579 0.03310215 0.03203288
v -0.06099951 0.02859134 0.03224641
v -0.05374603 0.02729361 0.03329658
v -0.07638046 0.02318881 0.03264669
v -0.05808517 0.02581683 0.03320470
v -0.03351858 0.03443007 0.03366819
v -0.05016683 0.02890318 0.03349715
v -0.09539681 0.01110779 0.03391824
v -0.09138929 0.01273134 0.03342318
v -0.08599372 0.01475538 0.03317510
v -0.09233345 0.01758927 0.03260096
v -0.06402485 0.02320962 0.03315685
v -0.08599372 0.01639164 0.03294434
v -0.06035304 0.02425853 0.03322484
v -0.08185309 0.01639164 0.03310088
v -0.07262272 0.02170965 0.03288539
v -0.06736045 0.02174689 0.03314968
v 0.08366603 -0.01470251 0.03455457
v -0.10386491 0.00752545 0.03437491
v 0.07403137 -0.01660276 0.03386876
v 0.07801361 -0.01590343 0.03393581
v 0.09693450 -0.00802208 0.03389358
v -0.04639213 0.03050969 0.03411625
v -0.04166496 0.03182342 0.03458827
v -0.03871633 0.03351606 0.03390997
v -0.04613811 0.03213952 0.03514859
v -0.09643678 0.00898959 0.03543472
v 0.07503281 -0.01615875 0.03587790
v 0.09519325 -0.00734754 0.03586963
v -0.10197058 0.00703058 0.03594010
v 0.08568199 -0.01400569 0.03596467
v 0.06558712 -0.01806788 0.03584045
v -0.01560125 0.00330119 0.03842314
v -0.02388269 0.00657386 0.03748558
v -0.01974188 0.00821012 0.03747526
v -0.01218098 0.00349260 0.03857534
v -0.00731964 0.00166493 0.03911842
v 0.00096180 0.00002860 0.03985303
v 0.04931911 -0.02061088 0.03974503
v 0.05595105 -0.01887696 0.04137147
v 0.00096180 -0.00497540 0.04054592
v 0.02580628 -0.00815292 0.04242590
v 0.05234252 -0.01959216 0.04132378
v 0.05323029 -0.01915555 0.04351225
v 0.04422177 -0.02102597 0.04279752
v 0.03559933 -0.02239126 0.04412938
v 0.01875875 -0.01142552 0.04251471
v 0.02787669 -0.01600723 0.04393436
v 0.04041065 -0.02133656 0.04453333
v 0.04435983 -0.01418620 0.04465336
v 0.03268871 -0.01854172 0.04519457
v 0.03646713 -0.02080264 0.04617683
v 0.02790002 -0.01980718 0.04534019
v 0.04763921 -0.01285479 0.04464227
v 0.03270957 -0.02010239 0.04650681
v 0.05623902 -0.01715799 0.04664510
v 0.05229019 -0.01562924 0.04686026
v 0.01002635 0.01914946 -0.04299575
v -0.00793994 -0.01742261 -0.03931247
v 0.05327713 0.00668877 -0.03929345
v -0.01951242 -0.02164449 -0.03920268
v -0.02001199 -0.02044861 -0.03938823
v -0.02254520 -0.02298693 -0.03921812
v 0.02104429 0.02177259 -0.04263096
v 0.03648870 0.00551818 -0.03946620
v 0.00290245 0.02192970 -0.04405906
v -0.05726175 -0.02131840 -0.02723610
v -0.05577029 -0.02237638 -0.02549287
v 0.02485187 0.02298601 -0.04254659
v -0.05449856 -0.02307537 -0.02405505
v -0.05908343 -0.02063464 -0.02301537
v 0.00698651 0.01553617 -0.04270765
v 0.05204288 0.01114733 -0.03975011
v -0.00863255 -0.01238871 -0.03949077
v 0.05431216 0.02859414 -0.02058965
v 0.06490406 0.02078970 -0.02013759
v -0.00112876 0.02310421 -0.04444841
v -0.04034426 -0.03412928 -0.01927288
v -0.03277736 -0.03998561 -0.01827279
v -0.06214643 -0.00190637 -0.04485526
v 0.02640396 0.03893145 -0.01828158
v -0.05989395 -0.01992119 -0.02366953
v 0.07370716 0.01391304 -0.01864636
v -0.02730083 -0.02303660 -0.03976487
v -0.04993261 -0.00546741 -0.04393075
v -0.05546305 -0.02377813 -0.01625034
v 0.02871390 0.00237084 -0.03965465
v 0.07629340 0.01206546 -0.01867708
v 0.06196639 0.02292957 -0.01674804
v 0.06075318 0.02376345 -0.01525383
v 0.04461846 0.00809521 -0.03994838
v 0.00298518 0.01405143 -0.04268598
v -0.05723400 -0.00074528 -0.04491404
v -0.03019112 -0.02171456 -0.03995230
v 0.06580332 0.01987947 -0.01463823
v -0.04136020 -0.03342470 -0.02047935
v -0.05413635 -0.02433161 -0.01860456
v 0.02005752 0.03847877 -0.01496667
v 0.06330583 0.02190441 -0.01480083
v -0.05170868 -0.02690137 -0.01442333
v -0.04380661 -0.03244006 -0.01493297
v 0.07562271 0.01287720 -0.02057037
v -0.04665270 -0.03045661 -0.01483879
v -0.04869907 -0.02898773 -0.01482028
v -0.04661717 -0.00662179 -0.04347528
v -0.04327857 -0.00782795 -0.04313480
v -0.00585787 -0.01365445 -0.03935879
v -0.08591983 -0.00317826 -0.00572602
v 0.06702343 0.01881799 -0.01676612
v -0.06938294 -0.01395616 -0.01295829
v -0.06075326 -0.01723588 -0.03507143
v 0.04891306 0.03210466 -0.01295889
v 0.01458241 0.01882805 -0.04244908
v -0.06202110 -0.01862960 -0.02255853
v -0.00089400 0.01276103 -0.04250658
v 0.09043691 0.00101065 -0.01281966
v 0.01754854 0.02035806 -0.04250402
v -0.05428148 -0.00379174 -0.04437999
v 0.05614091 0.02731205 -0.01884505
v 0.01462961 0.03634792 -0.02052592
v 0.00684155 0.02020926 -0.04363856
v 0.03258848 0.00077383 -0.03952250
v 0.07108787 0.01570613 -0.01102379
v -0.01301590 -0.04028082 -0.01126326
v -0.05704131 -0.00245566 -0.04458670
v -0.03144111 -0.04069046 -0.02071762
v -0.05060807 -0.02739051 -0.01681902
v -0.02327016 -0.01867368 -0.03981939
v 0.06943696 0.01712032 -0.01304540
v 0.01185440 0.03724419 -0.00908913
v 0.08856856 0.00229965 -0.01103130
v -0.02592339 -0.04282243 -0.00902634
v -0.05182818 -0.02539176 -0.02015303
v -0.00476380 -0.01573661 -0.03909066
v 0.04654479 0.03321267 -0.00747710
v -0.06257352 -0.01598090 -0.03349498
v -0.02780022 -0.04303906 -0.00780589
v 0.04558914 0.03403188 -0.00912752
v -0.01796864 -0.04147957 -0.01487394
v -0.02336809 -0.04236619 -0.01093465
v 0.04807974 0.00696380 -0.03960304
v 0.04423326 0.03506137 -0.00726357
v 0.01011173 0.03683972 -0.00719464
v -0.06752785 -0.01544377 -0.00729727
v -0.07063240 -0.01337907 -0.00721810
v -0.07221189 -0.01253513 -0.00914628
v 0.04075342 0.00230301 -0.03899776
v -0.00852419 -0.03925944 -0.00736637
v 0.05814732 0.02582074 -0.02544612
v 0.08424144 0.00513250 -0.00578471
v 0.04265447 0.03606822 -0.00546002
v 0.05325309 0.02935118 -0.01885401
v -0.00522042 -0.03889290 -0.00923134
v -0.07487255 -0.01050906 -0.00577431
v -0.01565357 -0.04093629 -0.01302245
v -0.05128901 -0.02607923 -0.01927254
v -0.02030155 -0.04187587 -0.01307508
v -0.06529853 -0.01687472 -0.00721051
v 0.00636655 0.03614212 -0.00908537
v 0.01955689 0.03735764 -0.02041664
v 0.01070942 0.01714722 -0.04258259
v -0.07623974 -0.00960595 -0.00438596
v -0.07375109 -0.01137249 -0.00447102
v -0.03942909 -0.03512705 -0.01676126
v -0.01286086 -0.01711510 -0.03963759
v 0.08340528 0.00586537 -0.00425757
v -0.04469543 -0.03156440 -0.01662323
v 0.03253209 0.04203066 -0.00432010
v 0.08580431 0.00399564 -0.00427463
v -0.06299231 -0.01830357 -0.02012829
v 0.05066014 0.03062642 -0.00910491
v -0.01638101 -0.01574764 -0.04008334
v 0.06014507 0.02460146 -0.02731211
v -0.02969898 -0.04322655 -0.00909288
v -0.03187492 -0.04240476 -0.00723559
v 0.05608770 0.00938728 -0.03943404
v -0.08896798 -0.00111566 -0.00243636
v -0.08282766 -0.00533195 -0.00238040
v 0.03511338 0.04177086 -0.00237784
v -0.00189455 0.03571390 -0.00101236
v -0.08488109 -0.00419643 -0.00052268
v -0.08785147 -0.00234689 -0.00047192
v -0.08987626 -0.00081318 -0.00048949
v 0.07952257 0.00822207 0.00169249
v 0.03727765 0.03940871 0.00141020
v -0.08133973 -0.00705575 0.00131951
v -0.03894420 -0.03782409 0.00129571
v -0.08245307 -0.00652141 0.00338513
v 0.07586242 0.01011931 0.00527083
v -0.08048202 -0.00795355 0.00321818
v 0.03547488 0.04069806 0.00326578
v -0.03708522 -0.04016192 0.00572042
v 0.03871802 0.03774059 0.00506225
v 0.03455087 0.04116680 0.00559041
v -0.04134942 -0.03653467 0.00516036
v -0.07892196 -0.00933777 0.00521171
v 0.08031771 0.00658434 0.00520037
v -0.03631465 -0.04128334 0.00653897
v -0.04044538 -0.03755144 0.00681435
v 0.03827643 0.03791112 0.00742117
v -0.03859754 -0.03935053 0.00698088
v 0.07661177 0.00902899 0.00725149
v 0.07419188 0.01102850 0.00721497
v 0.03997914 0.03654017 0.00719919
v -0.03199407 0.03118192 0.00897987
v -0.02677015 0.03220833 0.00878016
v 0.08971725 -0.01661681 0.00908012
v -0.02262793 0.03308064 0.00912670
v 0.09384374 -0.01606102 0.00908626
v 0.02471770 -0.02993338 0.00905973
v -0.03060602 0.03167958 0.01046538
v -0.01989921 0.03383482 0.01050241
v 0.09154565 -0.01632760 0.01053798
v 0.02177243 -0.03027407 0.01043007
v 0.10042000 -0.01435749 0.01039449
v -0.10254069 0.01770733 0.01143605
v 0.01407064 -0.03145703 0.01196190
v 0.01807798 -0.03071878 0.01180817
v -0.10607974 0.01759360 0.01386006
v 0.01491881 -0.03092458 0.01396951
v -0.02644329 0.03303125 0.01420616
v 0.08742040 -0.00013780 0.01580693
v -0.00174942 -0.03435582 0.01577732
v -0.10503942 0.01791418 0.01610381
v 0.00732663 -0.03243825 0.01584131
v -0.11335568 0.01583593 0.01569645
v 0.00272479 -0.03346438 0.01567299
v -0.10939943 0.01700834 0.01580471
v 0.01070235 -0.03166556 0.01760331
v -0.11251316 0.01669433 0.01786982
v -0.00058517 -0.03375652 0.01769715
v -0.10182280 0.01887199 0.01771012
v -0.09551666 0.02022288 0.01960699
v 0.02150726 -0.02919506 0.01974937
v -0.11180659 0.01316215 0.01971013
v 0.02681373 -0.02811940 0.01958353
v 0.10337552 -0.01224815 0.02129477
v -0.11086225 0.01241056 0.02141608
v -0.09839387 0.02035219 0.02109899
v 0.02422997 -0.02836369 0.02129836
v -0.11324396 0.01412052 0.02143306
v 0.00384060 -0.03248386 0.02143460
v 0.03170849 -0.02671087 0.02292966
v -0.10893574 0.01153518 0.02337856
v 0.10320546 -0.01131724 0.02339751
v -0.09819729 0.00381066 0.02347104
v -0.01646905 0.03655498 0.02342736
v -0.07984544 0.02346258 0.02340518
v -0.01210250 0.03748108 0.02358689
v 0.03648852 -0.02566665 0.02323934
v 0.09178500 -0.00420153 0.02343888
v 0.04023759 -0.02488467 0.02344093
v 0.03742720 -0.02507119 0.02517128
v 0.09320823 -0.00516982 0.02529822
v -0.09961610 0.00508660 0.02540221
v 0.02764264 -0.02694385 0.02536297
v -0.08394506 0.02291566 0.02519167
v 0.09033845 -0.00332084 0.02517947
v -0.00491654 0.03914752 0.02531383
v 0.08888782 -0.00228591 0.02669433
v -0.09602807 0.00223434 0.02668306
v -0.10099796 0.00581535 0.02667667
v 0.02866829 -0.02644304 0.02672760
v -0.09126501 0.02204161 0.02649913
v -0.08760186 0.02262702 0.02672162
v -0.09705391 0.00280290 0.02828494
v -0.09042002 0.02270602 0.02847501
v -0.09454545 0.00085228 0.02820133
v 0.03258512 -0.02547266 0.02802321
v -0.00967942 0.03856973 0.02817898
v -0.05001941 0.03033162 0.02834730
v -0.10389055 0.00756359 0.02970177
v -0.04741637 0.03101322 0.02967200
v 0.07893673 -0.01617203 0.03017431
v -0.03361881 0.03424949 0.03061596
v 0.06922925 -0.01805146 0.03037069
v 0.09742823 -0.00787503 0.03017678
v -0.04235333 0.03223411 0.03016194
v 0.07394475 -0.01710699 0.03019709
v -0.03813598 0.03319548 0.03048603
v -0.03549600 0.03420052 0.03155130
v 0.07686757 -0.01636937 0.03156171
v 0.06691648 -0.01830497 0.03199731
v -0.10354795 0.00685853 0.03207801
v -0.10509457 0.00822353 0.03188811
v -0.04632390 0.03228699 0.03198374
v 0.09531399 -0.00674411 0.03208517
v 0.08616494 -0.01455078 0.03204798
v -0.02657110 0.03602141 0.03237677
v -0.05684527 0.02850109 0.03321614
v -0.06065727 0.02737066 0.03315079
v -0.06830938 0.02334598 0.03295764
v -0.06221431 0.02619804 0.03306352
v 0.09428391 -0.00639259 0.03381740
v 0.09817299 -0.01161141 0.03418270
v -0.02273063 0.03673919 0.03337507
v -0.01953275 0.03724475 0.03341960
v -0.03837533 0.03077752 0.03384991
v -0.03488966 0.03223523 0.03387055
v -0.04927182 0.02602423 0.03356480
v -0.09013453 0.01475538 0.03305251
v -0.08185309 0.01311905 0.03360430
v -0.05416180 0.02436869 0.03349553
v -0.07676335 0.02007339 0.03287737
v -0.06943085 0.01802797 0.03346149
v -0.06529004 0.01966431 0.03345594
v 0.05926083 -0.01962276 0.03418134
v 0.06290242 -0.01881598 0.03408059
v -0.10540747 0.00955235 0.03411983
v 0.09956846 -0.00971297 0.03391901
v -0.04605255 0.03330411 0.03413245
v -0.04161670 0.03343432 0.03509049
v 0.09972261 -0.01062440 0.03586229
v 0.09827853 -0.00894322 0.03591442
v 0.08117313 -0.01498928 0.03580113
v 0.06116684 -0.01888493 0.03640615
v -0.10276272 0.00950520 0.03585658
v -0.10573804 0.01099833 0.03586989
v -0.09428983 0.00738588 0.03654153
v 0.04342840 -0.02229856 0.03730822
v -0.03216412 0.00657386 0.03702072
v -0.02802332 0.00821012 0.03700878
v -0.02388269 0.00984645 0.03700187
v -0.01974188 0.01148272 0.03699786
v 0.05239237 -0.02044644 0.03779910
v 0.04856163 -0.02117100 0.03781991
v 0.00510260 0.00002860 0.04008337
v -0.01640364 0.00188093 0.03857764
v -0.00317901 0.00330119 0.03911322
v -0.00792315 0.00511105 0.03857610
v 0.00096180 -0.00324400 0.04031652
v 0.05534683 -0.01949003 0.03962150
v 0.04428329 -0.02168410 0.03968377
v 0.01338404 -0.00815292 0.04170879
v 0.02166548 -0.00978925 0.04243341
v 0.00924323 -0.00324400 0.04074034
v 0.00510260 -0.00488033 0.04074691
v 0.01752485 -0.00651666 0.04170136
v 0.04829911 -0.02009227 0.04301932
v 0.02580628 -0.01142552 0.04292327
v 0.02994691 -0.01306185 0.04348503
v 0.02884065 -0.02304149 0.04504340
v 0.03360937 -0.02197659 0.04515891
v 0.04466389 -0.01631502 0.04561225
v 0.04703039 -0.01551635 0.04546995
v 0.05124421 -0.01413073 0.04539385
v 0.05580539 -0.01262301 0.04531853
v 0.04024183 -0.02016170 0.04628228
v 0.03721790 -0.01861116 0.04610500
v 0.02834320 -0.02158008 0.04670363
v 0.04806930 -0.01699997 0.04681180
v 0.05621038 -0.01447191 0.04664630
v 0.05678809 -0.01585355 0.04777308
v -0.03033466 -0.02030330 -0.04005271
v 0.01131558 0.02292223 -0.04364590
v 0.03264063 0.00551524 -0.03955561
v -0.02672118 -0.01872488 -0.04003326
v 0.05145528 0.00664085 -0.03940742
v 0.02869339 0.00400333 -0.03970217
v -0.06092438 -0.00538127 -0.04449081
v 0.04066910 0.00406655 -0.03921385
v 0.01840007 0.02153592 -0.04280738
v -0.00064669 0.01864006 -0.04382010
v 0.00290475 0.01567784 -0.04287529
v 0.00682282 0.01417445 -0.04220492
v -0.05570099 -0.02235703 -0.02401375
v 0.05812469 0.02572923 -0.02402041
v -0.04998864 -0.01130061 -0.04286207
v -0.04338711 -0.00887587 -0.04308447
v -0.06045822 -0.01875297 -0.02724028
v -0.05970904 -0.01966369 -0.02556854
v 0.06580067 0.02014353 -0.02071420
v -0.04456215 -0.03130677 -0.01818467
v -0.03442067 -0.00545330 -0.04284884
v -0.04051892 -0.03441499 -0.01649944
v 0.00678410 0.02185398 -0.04382846
v 0.05319776 0.02935900 -0.01667936
v -0.05514468 -0.00070155 -0.04485330
v -0.03275986 -0.04000188 -0.01677406
v -0.04230206 -0.03350706 -0.01483265
v 0.06474001 0.02073277 -0.01482378
v 0.01334515 0.03706522 -0.01495285
v 0.01075714 0.01264535 -0.04131343
v 0.07553574 0.01249250 -0.01483359
v 0.05421935 0.02859735 -0.01483708
v 0.05013317 0.03127239 -0.01314820
v -0.05766232 -0.00357037 -0.04444483
v 0.01759167 0.03797448 -0.01484869
v 0.01564890 0.03732921 -0.01679317
v -0.00460718 -0.01409098 -0.03917777
v -0.06754783 -0.01533116 -0.01284244
v 0.04488981 0.03508309 -0.01302475
v 0.06385135 0.02167270 -0.02065116
v -0.03097689 -0.04223710 -0.01310435
v 0.07334530 0.01404885 -0.01670231
v -0.05760081 -0.02147627 -0.02249574
v -0.00890532 -0.03973775 -0.01298064
v -0.06477863 -0.01705439 -0.01308848
v 0.02092868 0.02038838 -0.04228281
v 0.02505180 0.03899851 -0.01679777
v -0.01684452 -0.04204520 -0.02060868
v 0.04578553 0.03408923 -0.01098174
v 0.02218007 0.03895171 -0.01479972
v 0.00294187 0.02038956 -0.04390806
v 0.03640101 0.00078830 -0.03943557
v -0.07186718 -0.01240393 -0.01105195
v -0.00487376 -0.03893719 -0.01103147
v 0.08761627 0.00308114 -0.01135437
v 0.05072678 0.03063361 -0.01102132
v 0.05614656 0.02738170 -0.01675153
v -0.05408226 -0.00221898 -0.04456281
v -0.04537002 -0.03038710 -0.02064186
v -0.01378116 -0.04024065 -0.00919141
v -0.02321023 -0.04210689 -0.00920429
v -0.05841044 -0.02046754 -0.02727398
v -0.05463556 -0.02303199 -0.02528292
v -0.02668053 -0.04345038 -0.01304164
v 0.07106524 0.01564508 -0.00907249
v -0.06907058 -0.01410866 -0.00728814
v 0.04827931 0.03199226 -0.00723158
v 0.02454109 0.01868372 -0.04180191
v 0.08997517 0.00085955 -0.00727713
v 0.06982480 0.01697188 -0.00740007
v -0.01162043 -0.03978302 -0.00728259
v -0.08709504 -0.00222750 -0.00615598
v -0.05018593 -0.00066452 -0.04426824
v -0.08982499 -0.00017517 -0.00609703
v 0.05966353 0.02459524 -0.02249096
v -0.01656362 -0.04061774 -0.00725751
v -0.05002506 -0.02722314 -0.01866155
v -0.00054151 0.03509909 -0.00568345
v -0.08452506 -0.00390387 -0.00608449
v -0.05456397 -0.02448732 -0.01692566
v -0.05326519 -0.02580147 -0.01494731
v 0.02214277 0.03788289 -0.02041093
v 0.00660839 0.03608624 -0.01100187
v 0.04837177 0.01095865 -0.03989821
v 0.06202013 0.02291154 -0.01877083
v -0.03931719 -0.03491196 -0.01871265
v -0.01670910 -0.01402734 -0.04025310
v 0.00201415 0.03569665 -0.00478300
v 0.08840964 0.00225704 -0.00913571
v -0.07757299 -0.00857619 -0.00423641
v -0.00893378 -0.01692746 -0.03943651
v -0.08881118 -0.00108234 -0.00434041
v -0.06214519 -0.01726354 -0.02937432
v 0.06720993 0.01869839 -0.01873424
v -0.08263869 -0.00531330 -0.00432659
v 0.05574051 0.00808354 -0.03949759
v 0.03517065 0.04177498 -0.00432761
v -0.01234645 -0.01237320 -0.03967512
v -0.04321918 -0.03200604 -0.02055655
v -0.03206442 -0.04084659 -0.01499551
v 0.04715979 0.03336740 -0.01309795
v 0.08344912 0.00593536 -0.00289909
v 0.08730939 0.00289539 -0.00427506
v 0.04435877 0.00936926 -0.04011865
v -0.02970287 -0.04326435 -0.01111226
v 0.01104175 0.03672152 -0.01316662
v 0.02439278 0.03854248 -0.01889198
v -0.07379775 -0.01163006 -0.00259231
v -0.04852229 -0.03000757 -0.00734129
v -0.07686305 -0.00944018 -0.00242314
v 0.08646086 0.00394514 -0.00245530
v 0.03283543 0.04219776 -0.00249190
v -0.03352300 -0.04203263 -0.00048318
v 0.08493935 0.00516093 -0.00053710
v -0.08593892 -0.00350449 -0.00055971
v -0.07555615 -0.01090068 -0.00047533
v 0.02903015 0.04204079 -0.00050460
v 0.08050863 0.00790219 0.00092094
v -0.03566164 -0.04061446 0.00145132
v 0.03845869 0.03827731 0.00220529
v 0.07798497 0.00938707 0.00150003
v 0.07556190 0.01121628 0.00142726
v 0.04070993 0.03672606 0.00150242
v -0.03737884 -0.03908061 0.00164181
v -0.03656585 -0.03985637 0.00282618
v 0.03460974 0.04152140 0.00311931
v 0.03883628 0.03783735 0.00328353
v 0.07609965 0.01030919 0.00341695
v -0.07874696 -0.00922502 0.00335186
v 0.08093979 0.00665524 0.00327875
v -0.04123327 -0.03627829 0.00328873
v 0.07951179 0.00720264 0.00507138
v -0.08268889 -0.00660035 0.00518655
v 0.03548885 0.04046090 0.00503666
v -0.08067311 -0.00806106 0.00522460
v 0.03675386 0.03917588 0.00721318
v 0.07754303 0.00829150 0.00706142
v -0.03979926 -0.03825650 0.00715799
v -0.02393802 0.03269887 0.00850794
v -0.10548171 0.01677257 0.00896793
v 0.01776385 -0.03128784 0.00878895
v 0.09731545 -0.01529490 0.00881369
v 0.01877784 -0.03089741 0.01024221
v 0.01418431 -0.03178906 0.01049081
v -0.10191649 0.01762937 0.01070656
v -0.03029153 0.03196761 0.01196019
v 0.02118040 -0.03008476 0.01208697
v 0.09089830 -0.01616071 0.01199748
v -0.02042052 0.03397432 0.01201991
v 0.10073342 -0.01409895 0.01212117
v -0.02787871 0.03269181 0.01384931
v 0.08812415 -0.01647765 0.01368201
v -0.01974718 0.03444362 0.01401242
v 0.09353509 -0.01525075 0.01380401
v 0.09711817 -0.01448742 0.01394793
v -0.02297812 0.03372696 0.01399724
v -0.09660560 0.01932892 0.01521888
v 0.00574448 -0.03282134 0.01550032
v -0.09704878 0.01948023 0.01607693
v -0.11092306 0.01277940 0.01568468
v 0.02505198 -0.02907714 0.01577408
v -0.01665802 0.03524830 0.01561447
v -0.11309069 0.01416055 0.01568911
v 0.10471619 -0.01264634 0.01571180
v -0.09559232 0.01986745 0.01767062
v 0.02199039 -0.02953289 0.01781300
v -0.00093695 -0.03355044 0.01958430
v -0.10198331 0.01895016 0.01963591
v 0.01035109 -0.03153988 0.01954284
v 0.01881973 -0.02959374 0.02000804
v -0.11299788 0.01691976 0.01967140
v -0.10534771 0.01878536 0.02155036
v 0.01142978 -0.03093834 0.02162364
v -0.10209822 0.02019340 0.02140150
v 0.08702354 -0.00030252 0.02137710
v -0.11485386 0.01570229 0.02146505
v -0.11075583 0.01777076 0.02143059
v 0.00200814 -0.03279144 0.02151752
v 0.00691863 -0.03193262 0.02145635
v -0.09678980 0.00280102 0.02347957
v 0.07391116 -0.01804943 0.02328396
v -0.09387865 0.00064139 0.02347121
v 0.08779835 -0.00118971 0.02327577
v -0.04891650 0.02983829 0.02366325
v -0.08778447 0.02192551 0.02336944
v -0.00854947 0.03819543 0.02342122
v 0.03315310 -0.02628957 0.02331237
v 0.08868806 -0.00208423 0.02542968
v -0.09593685 0.00226375 0.02537654
v -0.09131097 0.02175143 0.02524396
v -0.08639801 0.02251182 0.02576094
v -0.10092866 0.00587578 0.02530607
v 0.02964109 -0.02652128 0.02537338
v 0.09256777 -0.00482535 0.02648122
v 0.09009750 -0.00317197 0.02661806
v -0.09972093 0.00502701 0.02689719
v -0.01444796 0.03745921 0.02698191
v -0.00521088 0.03920019 0.02660850
v 0.03636902 -0.02492288 0.02669339
v -0.08373983 0.02339251 0.02688329
v -0.09844213 0.00374136 0.02845001
v -0.01748162 0.03691649 0.02826199
v -0.01251050 0.03798572 0.02824902
v -0.10893786 0.01143563 0.02838100
v 0.04000336 -0.02399120 0.02813752
v -0.00763907 0.03891196 0.02828622
v -0.03938720 0.03253198 0.02969384
v 0.08214558 -0.01562113 0.03017081
v -0.01973127 0.03677803 0.03026107
v -0.06105272 0.02864646 0.02996342
v 0.06235919 -0.01947103 0.02993160
v 0.10083825 -0.01105360 0.03017251
v -0.04083818 0.03294868 0.03101120
v -0.02338170 0.03657740 0.03201633
v 0.09952250 -0.00949180 0.03195243
v -0.10671384 0.00954488 0.03203808
v -0.04409051 0.03279408 0.03275785
v 0.09412500 -0.00600803 0.03204115
v 0.08451225 -0.01488456 0.03215231
v 0.05906496 -0.01984881 0.03197922
v 0.06383969 -0.01889736 0.03196224
v -0.05753876 0.02934776 0.03221843
v -0.01908516 0.03742980 0.03212536
v -0.02545370 0.03617573 0.03332183
v -0.06239127 0.02777094 0.03302854
v -0.05430411 0.02918485 0.03324710
v -0.04989725 0.02745456 0.03344477
v -0.07656925 0.02176079 0.03271127
v -0.07232079 0.02303917 0.03279197
v -0.06100269 0.02614495 0.03310830
v -0.10340742 0.00688423 0.03392242
v -0.03549671 0.03347002 0.03375163
v -0.04183838 0.03065597 0.03396294
v -0.08599372 0.01311905 0.03345048
v -0.09013453 0.01639164 0.03281321
v -0.08806413 0.01737348 0.03276450
v -0.05787128 0.02457323 0.03330520
v -0.07357166 0.01802797 0.03325666
v -0.06468123 0.02187808 0.03324966
v 0.09548794 -0.00721628 0.03403657
v -0.10499416 0.00835507 0.03380102
v 0.08615946 -0.01424425 0.03402829
v 0.06658043 -0.01810707 0.03399195
v 0.07527605 -0.01628813 0.03451968
v -0.04623251 0.03227868 0.03376255
v -0.04249245 0.03239709 0.03503717
v -0.09892933 0.01116403 0.03450833
v -0.09496176 0.00957436 0.03443215
v 0.07335856 -0.01646941 0.03591817
v 0.07788244 -0.01560045 0.03595409
v 0.09660516 -0.00812274 0.03598309
v 0.08283695 -0.01458306 0.03606081
v -0.10333494 0.00821068 0.03565576
v -0.09879126 0.00962263 0.03600903
v 0.05013317 -0.02097505 0.03737084
v -0.01560125 0.00493753 0.03818811
v -0.01974188 0.00657386 0.03771524
v -0.02388269 0.00821012 0.03724185
v -0.02802332 0.00984645 0.03677759
v -0.00317901 0.00166493 0.03936369
v 0.00096180 -0.00160773 0.04008712
v 0.04458257 -0.02119419 0.04135645
v 0.00951582 -0.00169834 0.04054771
v 0.01338404 -0.01142552 0.04221272
v 0.01338404 -0.00978925 0.04196190
v 0.01752485 -0.00978925 0.04220171
v 0.02166548 -0.00651666 0.04194066
v 0.02166548 -0.00815292 0.04218755
v 0.02580628 -0.00651666 0.04218712
v 0.00139030 -0.00488033 0.04055565
v 0.05581228 -0.01869883 0.04289085
v 0.05163152 -0.01948542 0.04314234
v 0.04505934 -0.01285472 0.04445407
v 0.02901636 -0.01844762 0.04465268
v 0.04738589 -0.01428910 0.04498889
v 0.03656206 -0.02162696 0.04498684
v 0.03371808 -0.01904210 0.04581239
v 0.02896704 -0.02032265 0.04613469
v 0.05239714 -0.01715233 0.04704777
v 0.05520063 -0.01525452 0.04732742
v -0.07013212 -0.01022460 -0.03705354
v 0.00304157 0.02885897 -0.04494355
v 0.07185225 0.01770621 -0.03478462
v -0.07062515 -0.01048664 -0.04026129
v 0.09240142 0.00226542 -0.03486021
v 0.07736820 0.00395897 -0.03736142
v -0.00506627 -0.03509540 -0.03656215
v -0.01171925 -0.03239291 -0.03749160
v -0.02358446 -0.02416102 -0.03938771
v -0.06943757 -0.01102014 -0.03878269
v -0.06603763 -0.01275546 -0.03497316
v -0.02439056 -0.04405541 -0.03555148
v 0.09537745 0.00041414 -0.03115330
v 0.09058717 0.00399697 -0.03102371
v 0.09156103 0.00310902 -0.02950476
v -0.07582043 -0.00230505 -0.04624770
v -0.00384634 -0.04124967 -0.02898070
v -0.04061615 -0.03299801 -0.02728259
v -0.06437434 -0.00370792 -0.04505181
v -0.03028499 -0.04054551 -0.02718577
v -0.08130261 -0.00281486 -0.04017649
v 0.02131829 0.03697077 -0.02393356
v 0.07296523 0.01525807 -0.02400667
v -0.04393317 -0.03092011 -0.02393160
v 0.07601268 0.01340602 -0.02777688
v 0.05635428 0.02739155 -0.02546804
v -0.00866119 -0.03360067 -0.03719319
v -0.06333649 -0.00539916 -0.04467030
v 0.07182132 0.01630977 -0.03223717
v 0.06020517 0.02426831 -0.02040973
v 0.00678993 0.03157487 -0.03696985
v 0.01779231 0.03596238 -0.02541515
v 0.05066049 0.03219548 -0.02927587
v 0.08565724 0.00092221 -0.03682234
v 0.05920974 0.00831134 -0.03946117
v 0.02117421 0.03218165 -0.04422976
v 0.06271610 0.01094894 -0.03903240
v -0.01969061 -0.02722439 -0.03869201
v 0.04896980 0.03677314 -0.04010944
v -0.01892977 -0.04542237 -0.03115680
v 0.05810560 0.02581362 -0.01877425
v -0.04836248 -0.02729998 -0.02389603
v 0.08836138 0.00504168 -0.02931716
v -0.01645985 -0.04249089 -0.02236615
v 0.06228035 0.02295625 -0.02371858
v 0.01102779 0.03202035 -0.03876341
v 0.00268643 0.03069097 -0.04017206
v -0.07276290 -0.00785247 -0.03679283
v -0.01651819 -0.03190070 -0.03784240
v 0.00384891 0.03140686 -0.04199514
v -0.05588113 -0.02292085 -0.01867170
v 0.04100161 0.03652054 -0.04423053
v 0.02594276 0.03798391 -0.02389304
v 0.04917044 0.03362343 -0.02917896
v -0.05760452 -0.02156869 -0.02056849
v -0.02288973 -0.02900114 -0.03881929
v -0.02366631 -0.04502356 -0.02946791
v -0.04004322 -0.03401010 -0.02270791
v 0.00551008 0.03114937 -0.03868220
v 0.01855969 0.03362818 -0.04348313
v -0.07450150 -0.00656863 -0.03677875
v 0.06614397 0.00666907 -0.03833618
v -0.00091150 0.02738631 -0.04516314
v 0.04743892 0.03483342 -0.03123699
v -0.06802742 -0.00542898 -0.04560377
v 0.00671180 0.02593237 -0.04439723
v -0.04518900 -0.02896272 -0.03488111
v -0.04721220 -0.02733672 -0.03286462
v -0.07227165 -0.00943620 -0.04176583
v -0.03854998 -0.03511028 -0.02401828
v -0.05990402 -0.02018748 -0.01675384
v -0.07899816 -0.00369031 -0.03872016
v 0.09430637 0.00103573 -0.03328674
v -0.05044649 -0.02586414 -0.02543562
v -0.04469773 -0.03036768 -0.02241333
v 0.04097068 0.03735163 -0.04579862
v -0.06402026 -0.01559689 -0.03131684
v 0.06788027 0.01880276 -0.02373470
v 0.05258983 0.03064640 -0.03116772
v 0.06402672 0.02155436 -0.02231121
v 0.06575736 0.02029945 -0.02251920
v -0.01263742 -0.03060436 -0.03799673
v 0.02179612 0.03740577 -0.02226660
v -0.02629055 -0.04362718 -0.02911608
v 0.02464893 0.03049607 -0.04418190
v -0.01242936 -0.04224408 -0.02389074
v 0.07419913 0.00510665 -0.03741295
v -0.00964584 -0.04174426 -0.02541668
v -0.03232570 -0.03927069 -0.02539391
v 0.01086445 0.02418322 -0.04381618
v 0.07512438 0.01405478 -0.02544740
v 0.07764114 0.01252533 -0.02541284
v -0.05249586 -0.02429270 -0.02544185
v 0.04793655 0.03813794 -0.04170202
v -0.06290498 -0.01670839 -0.02875761
v 0.04442241 0.03905649 -0.03874268
v -0.07408342 -0.00708586 -0.03856882
v -0.00071987 0.02939903 -0.04447972
v -0.00068664 0.03035377 -0.04168060
v -0.06194544 -0.01862233 -0.01484135
v -0.02760842 -0.04245959 -0.03114460
v -0.07119508 -0.00055366 -0.04620487
v -0.04253116 -0.03201631 -0.02241657
v 0.03643089 0.03761967 -0.04362372
v 0.03670136 0.03673815 -0.04522482
v -0.03075521 -0.02724891 -0.03966660
v 0.07054852 0.00808571 -0.03826221
v 0.05082030 0.03350872 -0.03498655
v -0.06784198 -0.01221022 -0.03289440
v -0.06530967 -0.01398061 -0.03305256
v -0.08267952 -0.00229666 -0.04180268
v -0.08392297 -0.00070001 -0.04021668
v 0.05441274 0.02899477 -0.02726826
v 0.08219790 0.00235826 -0.03716990
v 0.07786459 0.00537371 -0.03794691
v 0.04160708 -0.02362130 0.02868317
v -0.08003690 0.02442088 0.02820594
v -0.06800992 0.02736409 0.03017414
v 0.04456543 -0.02290841 0.03030833
v -0.06299142 0.02837716 0.03069086
v 0.04908559 -0.02195389 0.03017934
v -0.07217123 0.02654642 0.03008763
v 0.05584940 -0.02045741 0.03197837
v -0.07476932 0.02577701 0.03203535
v -0.06479118 0.02764275 0.03242164
v -0.07203671 0.02444393 0.03289102
v -0.05286780 0.01802797 0.03430862
v -0.06114941 0.02130057 0.03346268
v -0.05700861 0.02293690 0.03348785
v -0.04872717 0.01966431 0.03430751
v -0.03216412 0.01148272 0.03635496
v -0.03630493 0.01311905 0.03591391
v -0.04044556 0.01639164 0.03519448
v 0.05139924 -0.02095528 0.03588140
v 0.07247592 -0.01640898 0.03722513
v -0.09904547 0.00906664 0.03717701
v 0.09627247 -0.00805226 0.03768546
v 0.08217527 -0.01433423 0.03785131
v 0.07783277 -0.01517517 0.03782102
v -0.10096543 0.00678329 0.03866312
v -0.10291545 0.00826426 0.03779202
v 0.08477777 -0.01344103 0.03967413
v 0.09379389 -0.01153484 0.03983110
v 0.07399584 -0.01554618 0.03968932
v 0.06203781 -0.01786655 0.04040575
v 0.07586348 -0.01477363 0.04102937
v 0.09284231 -0.00665470 0.04104524
v 0.09656026 -0.01062873 0.04137898
v 0.09416901 -0.00753064 0.04353596
v 0.07799010 -0.01408539 0.04309397
v 0.09662019 -0.00944227 0.04325435
v 0.05917775 -0.01797462 0.04307751
v 0.06027429 -0.01742526 0.04503930
v 0.09020869 -0.00466503 0.04486621
v 0.06124461 -0.01677587 0.04597251
v 0.07095264 -0.01434023 0.04700963
v 0.08834706 -0.00389388 0.04623681
v 0.05999233 -0.01606123 0.04733731
v 0.06596101 -0.01240296 0.04697534
v 0.05962888 -0.01447527 0.04766251
v 0.10137476 -0.00917563 -0.03401538
v 0.09854316 -0.00971416 -0.03390507
v -0.09610090 0.00761354 -0.03502315
v 0.06899873 -0.02300405 -0.03387913
v -0.08118187 0.01479995 -0.03527183
v -0.08384253 0.01463138 -0.03304523
v -0.06847926 0.00799454 -0.04694084
v -0.07204908 0.00936640 -0.04761172
v 0.03365479 -0.03406040 -0.03070857
v -0.07597369 0.01093322 -0.04797318
v 0.02965877 -0.03386682 -0.02877186
v -0.09991803 0.01186742 -0.02960287
v 0.10529760 -0.00791911 -0.02728839
v 0.09986244 -0.00383547 -0.02726835
v 0.11065534 -0.01131151 -0.02723021
v 0.04825174 -0.02415089 -0.03452562
v -0.01267826 0.02728571 -0.04024867
v 0.05106867 -0.02871961 -0.03398151
v -0.01745121 0.02664757 -0.03729360
v -0.09209056 0.01189096 -0.04023416
v 0.10728227 -0.00977773 -0.02401597
v 0.00325671 -0.03908892 -0.02376115
v 0.04436849 -0.02573567 -0.03470298
v 0.09349673 -0.00665630 -0.03488247
v -0.00193397 -0.04185938 -0.03305657
v -0.00056979 -0.03976297 -0.02222710
v -0.09375632 0.00417909 -0.02237639
v 0.10599976 -0.00899225 -0.02250581
v 0.10322702 -0.00570303 -0.03107746
v -0.08727924 0.00408646 -0.04695662
v -0.00057527 -0.02887428 -0.03791457
v -0.09752925 0.00830338 -0.03295574
v 0.01807285 -0.03658084 -0.03469376
v -0.02961518 0.02392699 -0.04510437
v -0.06461652 0.01831446 -0.03303396
v -0.07612236 0.01740792 -0.02540124
v 0.00593293 -0.03864183 -0.02551786
v 0.06962310 -0.02163687 -0.03420460
v 0.06751328 -0.02235899 -0.03395208
v 0.06597426 -0.00074584 -0.03641303
v 0.05497807 -0.02685953 -0.03405547
v -0.07295347 0.01772088 -0.02735878
v -0.03354386 0.02559545 -0.02734914
v -0.09127703 0.01386561 -0.02932092
v 0.09770984 -0.00239230 -0.02380116
v -0.04548315 0.02401850 -0.02347092
v 0.01990761 -0.03722395 -0.03159265
v -0.08376740 0.00235023 -0.04702248
v 0.03276137 -0.03042490 -0.03512740
v 0.10153740 -0.00535787 -0.02554533
v 0.10914496 -0.01079785 -0.02275551
v 0.01181957 -0.03703785 -0.02398492
v 0.05623548 -0.02901923 -0.03304446
v 0.01779461 -0.03776031 -0.03296606
v -0.09228748 0.00641011 -0.03922264
v 0.02863506 -0.03202057 -0.03508781
v 0.02126649 -0.03611978 -0.02967103
v -0.05739398 0.02309198 -0.01303141
v 0.03667749 -0.03360542 -0.03311117
v -0.09941546 0.00944638 -0.03117898
v -0.00885352 0.02798303 -0.03887167
v -0.08293514 0.01507714 -0.03100281
v -0.00491407 0.02890633 -0.03866625
v 0.04821974 -0.03003593 -0.02733847
v -0.09045803 0.00565657 -0.04683506
v 0.05995521 -0.00392294 -0.03611623
v 0.07038978 -0.00223617 -0.03599159
v -0.06021427 0.02266320 -0.01106526
v -0.06170343 0.02212349 -0.01291478
v 0.06267915 -0.02551799 -0.01105988
v -0.08689617 0.00240626 -0.04564822
v 0.09569070 -0.00105838 -0.02234551
v 0.07433684 -0.02433846 -0.01877732
v -0.09511113 0.00675849 -0.03304932
v 0.10089163 -0.01122125 -0.03326925
v 0.00660679 -0.03829010 -0.02381225
v 0.10317912 -0.00679483 -0.02540704
v -0.03867249 0.02450966 -0.02744195
v -0.08000401 0.01592444 -0.02922844
v 0.06511584 -0.02218749 -0.03386839
v 0.07430095 -0.01398424 -0.03434314
v 0.06910921 -0.02395208 -0.00900842
v -0.01633257 0.02702207 -0.04198209
v 0.01433987 -0.03789178 -0.03485509
v 0.07740055 -0.02399644 -0.02073033
v 0.05909113 -0.02645904 -0.01304002
v 0.08552889 -0.02310143 -0.02566460
v 0.08994476 -0.00802243 -0.03446394
v 0.06632994 -0.02421313 -0.00740109
v -0.00812397 0.02868132 -0.03654449
v 0.02451299 -0.03607913 -0.03123921
v -0.08610403 0.00088721 -0.04352032
v 0.09721062 -0.01110948 -0.03418071
v 0.00325636 -0.02890012 -0.03718577
v 0.00713305 -0.02428774 -0.03697053
v -0.07999376 0.00081966 -0.04692711
v 0.04477614 -0.03060638 -0.02542462
v -0.09506817 0.00539223 -0.02379647
v 0.01091996 -0.02568998 -0.03666247
v 0.08575252 -0.01706766 -0.03333110
v -0.02645213 0.02498644 -0.04357518
v -0.09226893 0.01331465 -0.03160809
v 0.04060811 -0.03199787 -0.02931247
v 0.06237157 -0.01853326 -0.03483274
v -0.00188872 -0.04016723 -0.02401119
v 0.08194405 -0.01562917 -0.03352075
v 0.07892312 -0.01441184 -0.03389031
v 0.02876675 -0.03512167 -0.03111815
v -0.04211008 0.02485043 -0.02239277
v -0.08773603 0.01418912 -0.03127068
v 0.07784885 -0.01243600 -0.03440439
v 0.05977861 -0.02044686 -0.03406639
v 0.06241505 -0.00529409 -0.03597078
v 0.00998499 -0.03731846 -0.02231369
v 0.05713757 0.02076777 0.02394349
v -0.06222457 -0.02352888 0.02668213
v 0.05495103 0.02303694 0.02670525
v 0.05571470 0.02173836 0.02838654
v 0.06206662 0.01706583 0.03784431
v -0.07483561 -0.01391872 0.03760467
v 0.03201732 0.02904157 0.03812046
v 0.02868173 0.02766399 0.03792663
v -0.04993208 -0.03347674 0.03766678
v 0.06722655 0.01262907 0.03773494
v -0.04838104 -0.03433382 0.03880712
v 0.02537477 0.04386685 0.03740692
v 0.02099214 0.04200614 0.03775047
v 0.03404477 0.02760070 0.03857175
v -0.07455100 -0.01200282 0.03913710
v 0.02187867 0.04372609 0.03926814
v -0.07275849 -0.01394959 0.03951827
v 0.02544424 0.04232042 0.03951162
v 0.03989340 0.02457323 0.03967337
v 0.03736533 0.02589283 0.03919119
v 0.06581658 0.01399338 0.03979817
v 0.06414304 0.01562384 0.03958968
v -0.06552586 -0.01306185 0.04039671
v 0.03841732 0.02762857 0.04073804
v 0.04295022 0.02987168 0.04111460
v -0.07068861 -0.01515826 0.04105957
v 0.04235890 0.02967678 0.04182532
v 0.06453919 0.01430229 0.04188231
v -0.06818864 -0.01384509 0.04183760
v -0.03878934 -0.02533413 0.04210727
v -0.03630493 -0.02451603 0.04191097
v -0.03630493 -0.02615230 0.04233556
v -0.04794017 -0.03163461 0.04225196
v -0.05038551 -0.03040799 0.04168097
v 0.03779790 0.02938569 0.04225119
v -0.06663566 -0.01420408 0.04242966
v 0.04126095 0.02741425 0.04234256
v 0.06435004 0.01292408 0.04350952
v -0.04509300 -0.02690543 0.04381211
v -0.04046076 -0.02861141 0.04354919
v 0.05754699 0.01376557 0.04382986
v -0.05321587 -0.02843718 0.04459433
v -0.04732622 -0.03190146 0.04422075
v -0.03759027 -0.03545915 0.04492473
v -0.05412220 -0.02701098 0.04601065
v -0.04083995 -0.03005856 0.04577715
v -0.04997079 -0.02891228 0.04632220
v -0.03451702 -0.03501416 0.04650536
v -0.03974924 -0.03267660 0.04758318
v -0.04642148 -0.03032577 0.04667650
v -0.04084631 -0.03360381 0.04759998
v -0.04214827 -0.03194191 0.04721105
v -0.03791978 -0.03257007 0.04768998
v -0.01308802 -0.03184292 -0.03765557
v 0.00510260 0.03122572 -0.03751780
v -0.00029402 0.03004297 -0.04031419
v -0.07385414 -0.00692567 -0.03715250
v 0.05008668 0.03431334 -0.03540773
v -0.02774631 -0.02684849 -0.03936826
v -0.06304127 -0.00419042 -0.04474726
v -0.00107272 0.02857898 -0.04487599
v 0.09096388 0.00284202 -0.03558935
v -0.06715927 -0.01204263 -0.03496787
v -0.02364121 -0.02535264 -0.03937688
v 0.09514800 0.00045738 -0.02974448
v 0.00185381 0.02945911 -0.04470179
v 0.02092868 0.03055992 -0.04439433
v -0.07035433 -0.01025220 -0.03828960
v 0.09162061 0.00343155 -0.03135600
v -0.03047008 -0.04058700 -0.02551974
v -0.07658657 -0.00116931 -0.04647761
v -0.04487752 -0.03042385 -0.02421662
v 0.02005610 0.03691845 -0.02296589
v 0.02329960 0.03742819 -0.02383981
v -0.06649053 -0.01291291 -0.03341274
v 0.07277626 0.01528720 -0.02239806
v -0.04391638 -0.03085969 -0.02258421
v 0.06796653 0.01861198 -0.02239772
v 0.07865389 0.00428017 -0.03769550
v -0.00873261 -0.03493641 -0.03681927
v 0.07128727 0.01725081 -0.03287162
v 0.05808598 0.02576891 -0.02057660
v 0.08207062 0.00099780 -0.03681185
v 0.01104759 0.02581292 -0.04408550
v 0.05925358 0.00747201 -0.03939343
v -0.04857691 -0.02719275 -0.02225082
v 0.04775022 0.03813962 -0.04027221
v 0.06020022 0.02425650 -0.01878133
v -0.00493829 -0.03363657 -0.03697121
v 0.09003599 0.00398202 -0.02924840
v -0.07073952 -0.01050857 -0.04174876
v 0.01176318 0.03299031 -0.04215254
v -0.07875915 -0.00352063 -0.03700738
v -0.02274443 -0.02723382 -0.03896841
v -0.06008876 -0.02017868 -0.01484715
v -0.06861715 -0.00361696 -0.04609525
v -0.03175276 -0.03932064 -0.02743922
v 0.05029457 0.03324089 -0.03355624
v 0.01057295 0.03211458 -0.03679573
v -0.04085515 -0.03309777 -0.02538930
v 0.06239242 0.02278825 -0.02225670
v -0.04507869 -0.02914924 -0.03297732
v 0.03667131 0.03598348 -0.04452528
v 0.05644426 0.02747677 -0.02726673
v -0.08237653 -0.00208556 -0.04030420
v 0.02486937 0.03796525 -0.02247885
v -0.06872357 -0.01104941 -0.03691124
v -0.02023898 -0.02864529 -0.03854092
v 0.06996835 0.00684595 -0.03801123
v 0.04443744 0.03911559 -0.03694681
v 0.06584080 0.02027192 -0.02400898
v 0.01459531 0.03312835 -0.04337282
v -0.04011392 -0.03369113 -0.02403773
v 0.00726687 0.03144067 -0.03880888
v -0.04234802 -0.03204034 -0.02405846
v -0.06424972 -0.01407932 -0.03496522
v 0.06596896 0.00788647 -0.03852813
v 0.00294346 0.02728446 -0.04505071
v 0.04898006 0.03356621 -0.03111926
v -0.02351004 -0.04521664 -0.03122496
v -0.06543871 -0.00533517 -0.04513627
v 0.04455570 0.03852900 -0.04258267
v 0.07494442 0.01417717 -0.02723166
v -0.06173737 -0.01860305 -0.01678037
v -0.04690107 -0.02767567 -0.03500703
v 0.07753790 0.01248279 -0.02727065
v -0.07203388 -0.00929963 -0.04028791
v -0.03195217 -0.02855433 -0.03954852
v 0.09277831 0.00222176 -0.03292264
v -0.05589792 -0.02241830 -0.02066549
v 0.04031944 0.03696357 -0.04569889
v 0.08625280 0.00241520 -0.03697898
v -0.03869618 -0.03511713 -0.02250001
v 0.06269277 0.00936975 -0.03897328
v 0.05243002 0.03062719 -0.02929703
v 0.06394487 0.02169372 -0.02383861
v -0.01662584 -0.03039004 -0.03810294
v -0.02605898 -0.04365212 -0.03116618
v 0.08876107 0.00506208 -0.03120090
v 0.07405736 0.00400186 -0.03724361
v -0.00896967 -0.04203137 -0.02746959
v -0.05257647 -0.02424373 -0.02740629
v -0.05067807 -0.02582124 -0.02725692
v -0.01982320 -0.04492254 -0.02920703
v -0.01265545 -0.04204136 -0.02254650
v 0.04863234 0.03669937 -0.04189917
v -0.01689101 -0.04285973 -0.02403030
v -0.06427623 -0.01561268 -0.02920959
v 0.04755471 0.03492039 -0.02939573
v -0.07504067 -0.00649801 -0.03875010
v -0.07281629 -0.00809068 -0.03873023
v 0.00242409 0.03104395 -0.04164298
v 0.00678057 0.02431616 -0.04407817
v 0.09363515 0.00079640 -0.03504217
v -0.02818506 -0.04218352 -0.02933892
v 0.01874354 0.03578774 -0.02726272
v 0.02476313 0.03208818 -0.04418941
v -0.07237488 -0.00212202 -0.04647019
v -0.05770758 -0.02164470 -0.01875113
v 0.04054288 0.03813578 -0.04360026
v -0.08430357 -0.00088639 -0.04178459
v 0.05067905 0.03216893 -0.03121865
v 0.05427787 0.02900078 -0.02546855
v 0.07458875 0.00580145 -0.03765378
v -0.07964304 0.02413893 0.02681129
v -0.08258689 0.02400823 0.02830098
v -0.06504857 0.02792644 0.03012816
v 0.04728672 -0.02239860 0.02996171
v 0.05633519 -0.02050009 0.03026286
v -0.07570411 0.02572776 0.03019060
v 0.04466035 -0.02269123 0.03201496
v 0.04848862 -0.02189702 0.03196813
v -0.07234289 0.02650988 0.03208645
v -0.06792648 0.02722389 0.03219582
v -0.06882698 0.02620950 0.03322816
v -0.07644250 0.02473425 0.03222730
v -0.04831086 0.01802797 0.03453990
v -0.06114941 0.02330882 0.03325572
v -0.05286780 0.01966431 0.03409637
v -0.05700861 0.02130057 0.03367698
v 0.05232944 -0.02100404 0.03389751
v -0.03630493 0.01475538 0.03567623
v -0.04458636 0.01639164 0.03495843
v 0.06561046 -0.01784510 0.03704922
v 0.08565776 -0.01368819 0.03775397
v -0.02807281 0.01149494 0.03656030
v -0.03225163 0.00986483 0.03656201
v 0.09425404 -0.01176914 0.03806202
v 0.07465504 -0.01587583 0.03777461
v -0.10237310 0.00680585 0.03766354
v -0.10530140 0.00836660 0.03822838
v -0.10233332 0.00807739 0.03883195
v 0.08676880 -0.01309210 0.03939210
v 0.07693899 -0.01496119 0.03938382
v 0.08183887 -0.01397292 0.03968198
v 0.09638932 -0.00829319 0.03969759
v 0.09429222 -0.00752155 0.04159515
v 0.09757850 -0.00976795 0.04132933
v 0.05912047 -0.01819774 0.04142718
v 0.07829168 -0.01422853 0.04134050
v 0.09573366 -0.01063781 0.04276604
v 0.09275798 -0.00661146 0.04303024
v 0.07502521 -0.01469664 0.04293478
v 0.09149668 -0.00563339 0.04495963
v 0.08915034 -0.00375633 0.04509007
v 0.06320153 -0.01680374 0.04500049
v 0.05944698 -0.01690986 0.04635027
v 0.08990146 -0.00536597 0.04646228
v 0.06274527 -0.01595309 0.04679525
v 0.06502020 -0.01497363 0.04766849
v 0.06295210 -0.01414526 0.04800188
v -0.01735328 0.02666874 -0.04141623
v -0.00936547 0.02799260 -0.04034524
v -0.00501766 0.02899665 -0.04028262
v 0.08189880 -0.01239932 -0.03457919
v 0.03374424 -0.03400745 -0.03368019
v -0.07972665 0.01509691 -0.03494458
v 0.10312945 -0.00576185 -0.03254744
v -0.08212162 0.01497152 -0.03269844
v 0.02133756 -0.03621067 -0.03438187
v -0.01988153 0.02439524 -0.04565760
v 0.03874613 -0.03277049 -0.03013358
v -0.09710888 0.00742053 -0.02875181
v -0.08827042 0.00354793 -0.04578744
v 0.10937796 -0.01062747 -0.02714618
v -0.04138159 0.02401815 -0.02728942
v -0.08919002 0.01324814 -0.03559234
v 0.10311742 -0.00689228 -0.02402996
v -0.03753069 0.02541990 -0.02401973
v -0.07613915 0.00679223 -0.04746704
v -0.07188574 0.00810240 -0.04731211
v -0.08370129 0.00391573 -0.04734692
v -0.08014455 0.00545014 -0.04738335
v -0.03941902 0.02526349 -0.02255213
v 0.08223520 -0.02328417 -0.02220389
v -0.08620956 0.00285530 -0.04671656
v 0.10128143 -0.00814992 -0.03426551
v -0.08975906 0.00430532 -0.04364317
v -0.09775341 0.00823310 -0.03122743
v 0.00010178 -0.03996171 -0.02723508
v 0.06939135 -0.00324553 -0.03587438
v 0.09707733 -0.00647020 -0.03506922
v 0.04843028 -0.02897466 -0.03420741
v 0.09456216 -0.00029156 -0.02241316
v -0.01996091 0.02627258 -0.04382863
v -0.06431459 0.00685615 -0.04642036
v -0.06401584 0.01872152 -0.03112353
v 0.05295964 -0.02941784 -0.02877570
v 0.03654509 -0.03365369 -0.03114315
v 0.06616377 -0.00537785 -0.03591609
v 0.09610241 -0.00055855 -0.02726007
v -0.01557792 0.02713028 -0.03679291
v 0.07409642 -0.02422864 -0.01688070
v 0.02857425 -0.03342016 -0.03469035
v -0.00189154 -0.04162145 -0.03158463
v 0.06038354 -0.02297303 -0.03359531
v 0.02889368 -0.03522107 -0.03329689
v 0.11008223 -0.01127225 -0.02201647
v -0.06440475 0.01094978 -0.04744963
v 0.04726091 -0.02976768 -0.02205187
v -0.07642995 0.01745843 -0.02401700
v 0.01998151 -0.03723994 -0.03322208
v 0.09389377 -0.01089460 -0.03429562
v 0.08662686 -0.02217736 -0.02202457
v -0.09150843 0.00540201 -0.04558219
v 0.07001555 -0.02024455 -0.03443323
v 0.08586070 -0.02270827 -0.02393791
v -0.02412593 0.02518483 -0.04468285
v -0.05497551 0.02366733 -0.01286872
v 0.08936017 -0.00935048 -0.03443272
v -0.00854523 0.02867831 -0.04179995
v 0.04468033 -0.03047498 -0.02383281
v -0.10089720 0.01100161 -0.02930564
v 0.00784971 -0.03813286 -0.02549099
v -0.01257873 0.02725393 -0.03876188
v -0.06822064 0.00944072 -0.04740979
v 0.05679197 -0.02948141 -0.03070738
v 0.01083793 -0.03771979 -0.02724514
v 0.02474103 -0.03616414 -0.03320203
v 0.06747544 -0.02497437 -0.01292144
v 0.10726937 -0.00968132 -0.02573967
v 0.08315143 -0.01451935 -0.03390115
v 0.03997861 -0.03166339 -0.03421705
v 0.07420620 -0.01556923 -0.03432480
v -0.09852292 0.01109082 -0.03496019
v -0.09915436 0.00953936 -0.03301750
v 0.05239095 -0.02420908 -0.03438417
v -0.00175755 -0.02413573 -0.03765685
v -0.06029947 0.02276009 -0.00924362
v 0.06193086 -0.02539602 -0.00931878
v -0.06821675 0.01825187 -0.02929370
v 0.00316549 -0.03927837 -0.02535364
v -0.09552780 0.00672251 -0.03114281
v 0.05920692 -0.00223086 -0.03657094
v 0.08583189 -0.01367037 -0.03409454
v 0.05723197 -0.02419979 -0.03389381
v -0.03425539 0.02633950 -0.02240625
v 0.06659528 -0.01856365 -0.03500284
v 0.05934639 -0.02557248 -0.00766768
v 0.06339156 -0.02484129 -0.00758630
v 0.00648570 -0.02880966 -0.03656394
v 0.07022414 -0.02410632 -0.01117565
v 0.01085667 -0.02727050 -0.03636764
v -0.09205715 0.00645342 -0.04025549
v -0.08521715 0.00043747 -0.04398987
v -0.09185598 0.01311423 -0.03308507
v 0.01411625 -0.03750512 -0.02943549
v 0.01831521 -0.03653467 -0.02922724
v 0.01781016 -0.03745398 -0.03116703
v 0.06213574 -0.00071412 -0.03685365
v 0.00294470 -0.02418142 -0.03726135
v 0.05898311 -0.02121696 -0.03397648
v -0.09446343 0.00515290 -0.02555497
v 0.09781661 -0.00219907 -0.02541626
v 0.10470929 -0.00812540 -0.02250291
v 0.10084497 -0.00505930 -0.02381208
v 0.09929482 -0.00405608 -0.02240497
v -0.08449342 0.01474532 -0.03133765
v 0.04423026 -0.02730452 -0.03477447
v -0.05753469 0.02348521 -0.00754680
v -0.00188571 -0.04016095 -0.02541029
v 0.07783683 -0.01563489 -0.03367576
v 0.03637185 -0.03028441 -0.03496736
v -0.08751417 0.01396998 -0.03305999
v 0.06196745 -0.02185748 -0.03376158
v -0.09310066 0.00437930 -0.02723755
v 0.05519975 -0.02587552 -0.03410495
v 0.05671278 0.02184958 0.02335519
v -0.06226010 -0.02358889 0.02532373
v 0.05540357 0.02298825 0.02503529
v 0.05688514 0.02077441 0.02821498
v -0.07198350 -0.01716246 0.03769365
v -0.07422060 -0.01518040 0.03728391
v 0.04277239 0.03140099 0.03753506
v 0.02994691 0.02620950 0.03822522
v -0.05111754 -0.03238320 0.03774663
v -0.05380595 -0.03022559 0.03771464
v 0.02449743 0.04521740 0.03792237
v 0.02239945 0.04510660 0.03897297
v -0.09364654 -0.00061108 0.03921004
v -0.06398402 -0.01253715 0.03938425
v 0.03369899 0.02586859 0.03860579
v -0.05157026 -0.03083628 0.04024247
v 0.04324367 0.03030382 0.03933451
v -0.07176359 -0.01565662 0.03969947
v 0.02549322 0.04190184 0.04060828
v 0.03736692 0.02737038 0.03960418
v 0.04219344 0.02443876 0.04063200
v -0.06936297 -0.01582330 0.04131644
v -0.06542899 -0.01744091 0.04195644
v -0.07132978 -0.01391997 0.04087693
v -0.04165329 -0.02533413 0.04211316
v -0.04458636 -0.02451603 0.04200677
v 0.05983748 0.01742273 0.04169155
v 0.06542926 0.01392988 0.04143827
v 0.06289022 0.01565619 0.04149363
v -0.06548644 -0.01558055 0.04271895
v -0.07220800 -0.01306290 0.04354944
v -0.06825069 -0.01651670 0.04346038
v 0.06062201 0.01580079 0.04340075
v 0.06619347 0.01237269 0.04297249
v -0.04581779 -0.02583598 0.04312682
v -0.03837533 -0.02892618 0.04343803
v -0.03630493 -0.02742984 0.04270376
v -0.04346154 -0.03537504 0.04488080
v -0.04637569 -0.03365781 0.04470224
v -0.05336985 -0.02592624 0.04601841
v -0.05002966 -0.02575579 0.04498761
v -0.03561479 -0.03089245 0.04583465
v -0.03858958 -0.03018445 0.04520575
v -0.04451424 -0.03433389 0.04651893
v -0.03837533 -0.03187939 0.04723562
v -0.04233919 -0.03348890 0.04724321
v -0.03859171 -0.03359396 0.04796989
v -0.03475372 -0.03509086 0.04827214
v -0.02051740 0.02546838 -0.04498049
v -0.07182140 0.00668039 -0.04695961
v -0.08906362 0.00359830 -0.04367584
v 0.02842239 -0.03465865 -0.03414701
v 0.10106311 -0.00669542 -0.03427984
v 0.06338148 -0.02296318 -0.03351734
v -0.00737585 0.02848767 -0.04053130
v -0.06720312 0.00670212 -0.04658450
v -0.01667552 0.02648641 -0.04023655
v -0.10061170 0.01053189 -0.03077691
v 0.07005390 -0.01867333 -0.03473830
v -0.08595554 0.01493100 -0.02848496
v 0.01335116 -0.03872140 -0.03327863
v 0.01363365 -0.03034379 -0.03575511
v 0.08971018 -0.01093128 -0.03453219
v -0.08970903 0.00430197 -0.04544859
v -0.06475830 0.00768389 -0.04654176
v -0.08721896 0.01374560 -0.03482847
v -0.09622182 0.01190298 -0.03483171
v -0.03921979 0.02508808 -0.02414803
v -0.00197180 -0.04034446 -0.02745927
v 0.03640455 -0.03199298 -0.03444457
v -0.00506521 0.02939686 -0.04161201
v 0.08289157 -0.02343758 -0.02364018
v 0.04729785 -0.02989314 -0.02353030
v -0.08352469 0.00516896 -0.04758664
v -0.03752415 0.02560314 -0.02254172
v -0.09448535 0.01198317 -0.03688249
v 0.00785519 -0.03845371 -0.02724693
v -0.04200207 0.02425189 -0.02558150
v 0.01978723 -0.03694305 -0.03077392
v 0.05226032 -0.02565100 -0.03438614
v -0.07557241 0.00801222 -0.04766470
v 0.09752758 -0.00813476 -0.03447025
v 0.10061675 -0.00506552 -0.02226506
v 0.01060406 -0.03748745 -0.02550575
v 0.10764042 -0.00950088 -0.02740587
v 0.07782658 -0.01708219 -0.03360375
v 0.09592069 -0.00062296 -0.02546719
v 0.01569663 -0.03691602 -0.02880794
v 0.04041030 -0.03287478 -0.03123187
v 0.11007587 -0.01136823 -0.02402280
v 0.10894415 -0.01071360 -0.02535859
v 0.02186506 -0.03680934 -0.03305606
v 0.09800771 -0.00215262 -0.02721281
v 0.05579566 -0.02909642 -0.02928679
v -0.08426149 0.00079780 -0.04590952
v -0.09919236 0.01124793 -0.03297143
v 0.05911428 -0.02215249 -0.03380978
v 0.04442966 -0.03040904 -0.02254573
v -0.06430169 0.00957708 -0.04712724
v -0.07648316 0.01750034 -0.02255827
v 0.05964974 -0.00082198 -0.03704492
v -0.02324965 0.02568906 -0.04362312
v 0.09369755 -0.00943466 -0.03414087
v 0.10300358 -0.00688655 -0.02249361
v -0.09116937 0.01295907 -0.03492137
v -0.01218081 0.02780685 -0.03669515
v -0.00347528 0.02985876 -0.04310546
v -0.05520142 0.02376855 -0.01098063
v -0.09777020 0.00797282 -0.02926069
v 0.06652386 -0.02481314 -0.01110245
v 0.06584451 -0.02535257 -0.01322992
v 0.00265691 -0.03957114 -0.02731629
v 0.03273644 -0.03454863 -0.03286693
v 0.10607012 -0.00896361 -0.02548980
v 0.08531341 -0.02251575 -0.02229535
v 0.08568322 -0.01436783 -0.03383350
v -0.07998934 0.00401059 -0.04700244
v 0.04056197 -0.03039744 -0.03464582
v 0.07401493 -0.01710385 -0.03437411
v -0.09879161 0.00950311 -0.03487198
v -0.09653772 0.00750023 -0.03163266
v -0.09673005 0.00747949 -0.03074551
v 0.00017355 -0.02420866 -0.03750108
v 0.06600113 -0.02030477 -0.03459455
v -0.05702752 0.02345273 -0.00925992
v 0.06126141 -0.02525142 -0.00774728
v 0.06369438 -0.02505799 -0.00907420
v -0.06439697 0.01897510 -0.02924883
v -0.06723547 0.01806402 -0.03125013
v 0.00050147 -0.03978742 -0.02560480
v -0.09580622 0.00659544 -0.02928278
v -0.09226734 0.00645608 -0.04178605
v -0.00089647 -0.02578750 -0.03776451
v 0.05940667 -0.02578820 -0.00926623
v 0.08165644 -0.01396189 -0.03407407
v 0.05558353 -0.02422249 -0.03412201
v -0.06042675 0.02292705 -0.00734674
v 0.06107915 -0.02512812 -0.00681697
v 0.03602024 -0.03305837 -0.02955518
v 0.06645810 -0.00378336 -0.03603979
v 0.07044352 -0.02445798 -0.01309897
v -0.02271101 0.02441228 -0.04544842
v -0.09040182 0.01347616 -0.03273393
v 0.03245466 -0.03357817 -0.03420101
v 0.06229732 -0.00229841 -0.03639886
v 0.09934343 -0.00394676 -0.02401316
v 0.10476233 -0.00813127 -0.02401256
v -0.08534601 0.01480840 -0.02987245
v -0.06816018 0.01101195 -0.04773687
v 0.00662093 -0.02728447 -0.03665522
v -0.07962589 0.01540484 -0.03303635
v 0.01115065 -0.02893422 -0.03606999
v 0.08579901 -0.01245793 -0.03456213
v 0.09857746 -0.00343212 -0.02264316
v 0.04822399 -0.02728650 -0.03446735
v 0.04441852 -0.02885737 -0.03458781
v -0.03493191 0.02600509 -0.02402510
v 0.01469466 -0.03808277 -0.03122743
v -0.09138116 0.00539705 -0.04355001
v 0.04098341 -0.03222246 -0.03368915
v 0.06332633 -0.02136674 -0.03400975
v -0.09444363 0.00541409 -0.02731817
v 0.07388641 -0.02408690 -0.01486345
v 0.00281742 -0.02573497 -0.03722979
v -0.09330519 0.00426885 -0.02551914
v 0.05720387 -0.02569718 -0.03389142
v -0.06239728 -0.02361837 0.02332926
v 0.05595812 0.02303833 0.02327338
v 0.05591163 0.02189743 0.02518877
v 0.05667017 0.02079117 0.02676795
v 0.02994691 0.02457323 0.03836462
v -0.05212357 -0.03155903 0.03775789
v 0.06489151 0.01444682 0.03768273
v -0.06478287 -0.01697922 0.04228822
v -0.07353683 -0.01553975 0.03792024
v 0.04403085 0.03047448 0.03778664
v 0.01882928 0.04367251 0.03757208
v 0.02167096 0.04551129 0.03774936
v -0.09408194 -0.00036050 0.03812549
v 0.02453173 0.04517402 0.03903738
v -0.07111305 -0.01691985 0.03921858
v 0.03880234 0.02691533 0.04020690
v -0.06736045 -0.01224368 0.04024298
v -0.06321964 -0.01388001 0.04010563
v 0.03295971 0.02457323 0.03861799
v -0.05036076 -0.03198445 0.03966202
v -0.05318865 -0.03024893 0.03954617
v -0.04802484 -0.03335589 0.04043971
v 0.06164024 0.01687561 0.04089066
v -0.07111818 -0.01263439 0.04056631
v 0.03579591 0.02921887 0.03968002
v -0.06818900 -0.01697308 0.04112782
v 0.04125228 0.02601089 0.04117560
v -0.06314203 -0.01560702 0.04170341
v -0.04166426 -0.02619763 0.04243930
v -0.04190803 -0.02425791 0.04180706
v 0.06752547 0.01248412 0.04144654
v 0.05911693 0.01725878 0.04305678
v 0.06187076 0.01524186 0.04286312
v -0.06807339 -0.01572808 0.04270735
v -0.04693360 -0.02473071 0.04250456
v -0.07156843 -0.01400331 0.04348427
v -0.05134558 -0.02470437 0.04409296
v -0.03510727 -0.02915245 0.04342438
v -0.03856342 -0.02753847 0.04277081
v -0.05569534 -0.02739904 0.04485350
v 0.05838261 0.01822693 0.04487636
v -0.03480021 -0.03029280 0.04450338
v -0.05400483 -0.02573700 0.04499102
v -0.04496608 -0.03473878 0.04528159
v -0.05152554 -0.02602020 0.04579592
v -0.04619185 -0.03350517 0.04632263
v -0.03873914 -0.03107373 0.04653266
v -0.03503974 -0.03157370 0.04692543
v -0.04217885 -0.03507849 0.04691895
v -0.03860708 -0.03501115 0.04793005
v -0.03488241 -0.03356253 0.04834287
v -0.09023989 0.01229145 -0.03997806
v 0.01784039 -0.03496498 -0.03496667
v 0.11265008 -0.02070840 -0.03246537
v -0.01571457 0.02838310 -0.03070508
v -0.02024145 0.02810933 -0.02785289
v -0.07601293 0.01267008 -0.04768202
v -0.01150570 0.02988391 -0.02711180
v -0.07448417 0.01498891 -0.04359761
v 0.07410561 -0.00929299 -0.03472704
v 0.08954631 -0.02243660 -0.02581065
v 0.06823258 0.01188691 0.03807456
v 0.02119278 -0.03046674 -0.03545559
v 0.09649981 -0.02090638 -0.02419470
v -0.09289118 0.00359564 -0.02302970
v 0.09374563 -0.02173125 -0.02547436
v -0.00888146 0.02895865 -0.03496266
v -0.08029923 0.01467449 -0.03700636
v -0.00993328 0.03106261 -0.02259888
v -0.00488066 0.03220575 -0.02239542
v -0.02675265 0.02768641 -0.02380031
v -0.03066754 0.02618449 -0.02737857
v -0.09720240 0.00890534 -0.03874891
v -0.08770085 0.01254461 -0.04180754
v -0.08334490 0.01385960 -0.03874396
v 0.10123688 -0.01716714 -0.03201877
v -0.09698089 0.01062040 -0.04128903
v -0.09770090 0.00982529 -0.04045196
v -0.00702425 0.03130152 -0.02410598
v -0.06796166 0.01553079 -0.04689034
v -0.02560979 0.02835914 -0.02199079
v 0.10741220 -0.02150960 -0.03233459
v -0.09878136 0.01223745 -0.02924294
v -0.03030479 0.02727524 -0.02242945
v 0.02452236 -0.03197523 -0.03532924
v 0.10442645 -0.02265357 -0.03237452
v 0.10402623 -0.01871727 -0.03138628
v 0.11443340 -0.02091385 -0.02930658
v 0.02193983 -0.03553061 -0.02875821
v -0.01899995 0.02874712 -0.02547376
v 0.01481451 -0.03356700 -0.03535867
v 0.10741857 -0.02014487 -0.03138159
v -0.09617568 0.00797701 -0.03708502
v 0.11164988 -0.02158721 -0.03133851
v -0.07167715 0.01557278 -0.04543673
v -0.09024608 0.00219703 -0.02734299
v 0.09389147 -0.01563734 -0.03323760
v 0.11501888 -0.01418781 -0.02725274
v -0.08822817 0.00061589 -0.02728481
v -0.01248345 0.02935572 -0.02918741
v 0.11721957 -0.01724531 -0.02407347
v 0.09721186 -0.01397642 -0.03305521
v 0.08582076 -0.00777870 -0.03481073
v 0.02571418 -0.03559544 -0.03069535
v -0.07188132 0.01407944 -0.04736006
v 0.07777991 -0.01089411 -0.03466322
v -0.09378655 0.00707229 -0.03869926
v -0.01739235 0.02827147 -0.02963537
v 0.09704481 -0.01241595 -0.03414539
v 0.06630094 -0.02398219 -0.00593153
v -0.02329915 0.02790828 -0.02564361
v 0.11549070 -0.01559661 -0.02239926
v -0.08925241 0.00118278 -0.02541523
v 0.10153245 -0.01215266 -0.03322711
v 0.11275791 -0.01257956 -0.02728157
v 0.08975014 -0.01708520 -0.03327847
v -0.09473990 0.01289991 -0.03106048
v 0.08192867 -0.00673650 -0.03504652
v -0.09475634 0.01140014 -0.04024918
v 0.09345696 -0.02259510 -0.02744195
v -0.06057701 0.02332419 -0.00243440
v 0.05962145 -0.02462529 -0.00219758
v 0.06185626 -0.02385896 -0.00066745
v -0.06246268 -0.02309654 0.01780302
v 0.05682609 0.02333390 0.01766644
v 0.02166548 0.02907308 0.03704051
v 0.07104261 0.00954425 0.03777444
v -0.08566350 -0.00479894 0.03710356
v -0.08019352 -0.00210658 0.03732417
v -0.06856818 -0.00692574 0.03781326
v 0.01338404 0.02620950 0.03689216
v -0.06529004 -0.00815292 0.03804308
v 0.02460067 0.02767538 0.03753506
v 0.01752485 0.02457323 0.03739473
v -0.01508100 -0.03382281 0.03770986
v 0.06944544 0.01092051 0.03972498
v -0.00502579 -0.03177928 0.03768580
v -0.08378879 -0.00075569 0.03761602
v -0.01764973 -0.03414255 0.03919989
v -0.07118942 -0.00948412 0.03958857
v -0.07600428 -0.01100973 0.03941291
v 0.07940201 0.00257615 0.03960077
v -0.01257785 -0.03308023 0.03958822
v 0.07605829 0.00561919 0.04035534
v -0.00846037 -0.03224824 0.03967132
v -0.08419113 -0.00247263 0.03916423
v 0.02766208 0.04182116 0.04008678
v -0.08766779 -0.00384840 0.03952399
v -0.08765577 -0.00245817 0.04068719
v -0.01114667 -0.03235938 0.04157306
v -0.08090239 -0.00563443 0.04121544
v -0.08390140 -0.00399000 0.04096599
v -0.02802332 -0.02451603 0.04223464
v -0.03216412 -0.02451603 0.04204303
v 0.08075275 0.00217440 0.04161554
v 0.07884676 0.00387458 0.04135270
v -0.07765554 -0.00812407 0.04226177
v 0.05993293 0.00940817 0.04279905
v 0.07215648 0.00824435 0.04346541
v 0.08294955 0.00088274 0.04289452
v 0.07730332 0.00537483 0.04316819
v -0.01974878 -0.02696830 0.04355380
v -0.03096293 -0.02628957 0.04253016
v 0.06773407 0.00547571 0.04467691
v -0.01974718 -0.03238641 0.04532595
v 0.06968020 0.00387151 0.04481494
v -0.02706855 -0.03442624 0.04506114
v -0.03883212 -0.03577273 0.04488703
v 0.07316976 0.00628311 0.04600562
v 0.07052767 0.00567654 0.04627443
v -0.01596188 -0.02750529 0.04473893
v -0.00443217 -0.02582865 0.04508512
v -0.01941590 -0.03104523 0.04708163
v -0.03526195 -0.03596219 0.04728493
v -0.03038770 -0.03499145 0.04643839
v -0.01230296 -0.02789460 0.04714016
v -0.02359596 -0.03350853 0.04831275
v -0.01693096 -0.02856607 0.04720866
v -0.02643480 -0.03204432 0.04815876
v -0.01408858 0.02721628 -0.04110621
v -0.06385780 0.00830233 -0.04666461
v -0.00959528 0.02810227 -0.03735391
v 0.02866970 -0.03038536 -0.03530373
v 0.06238199 -0.02017798 -0.03426115
v 0.08566944 -0.01559312 -0.03343194
v -0.06812801 0.00703086 -0.04669003
v 0.05260804 -0.02901239 -0.03368898
v -0.00189314 -0.04180336 -0.03453475
v -0.07192622 0.01096927 -0.04783558
v 0.10283971 -0.00579532 -0.02977571
v -0.00760195 0.02829019 -0.03819960
v 0.01533318 -0.03831441 -0.03304105
v 0.04431812 -0.03078745 -0.02731484
v 0.05240863 -0.02742880 -0.03411792
v 0.05641951 -0.02745555 -0.03380671
v 0.06612470 -0.00233173 -0.03628352
v 0.08197287 -0.01713200 -0.03321866
v 0.00587706 -0.03895493 -0.02729616
v -0.08594776 0.00123454 -0.04515393
v 0.04810572 -0.02988029 -0.02550438
v 0.10598031 -0.00898003 -0.02401512
v 0.07087061 -0.02269479 -0.03406690
v 0.10908450 -0.01079233 -0.02399618
v 0.00004062 -0.03978924 -0.02373257
v -0.00188960 -0.04014893 -0.02302168
v 0.09407620 -0.00794747 -0.03429733
v 0.03275871 -0.03359766 -0.02937901
v 0.04834791 -0.02568020 -0.03458235
v 0.05922689 -0.01870944 -0.03451137
v 0.07009403 -0.00066201 -0.03618354
v -0.07569898 0.01713660 -0.02723499
v 0.00332512 -0.02721140 -0.03722296
v 0.04158851 -0.03245648 -0.03071574
v 0.11067478 -0.01153212 -0.02583326
v 0.07682585 -0.02379853 -0.01882236
v -0.01233902 0.02785638 -0.04183271
v 0.06264398 -0.00391022 -0.03601548
v -0.09995957 0.01130039 -0.03130865
v 0.04433844 -0.02420894 -0.03472558
v 0.07397569 -0.02467789 -0.02062369
v 0.10185383 -0.00531742 -0.02730222
v 0.01180296 -0.03689562 -0.02252714
v 0.10118048 -0.00989432 -0.03353952
v 0.01728284 -0.03723442 -0.03463285
v -0.08337584 0.01531172 -0.02909783
v -0.00030109 -0.02728706 -0.03796610
v -0.07993896 0.00244048 -0.04706275
v 0.10728987 -0.00976725 -0.02254061
v 0.06627549 -0.02157750 -0.03417039
v -0.09184837 0.01173895 -0.04177922
v 0.06279034 -0.02585799 -0.01308251
v -0.09973595 0.00940223 -0.02921274
v 0.09628732 -0.00957822 -0.03402561
v 0.09852549 -0.01051661 -0.03375808
v 0.07766253 -0.01385543 -0.03404942
v -0.08755589 0.00534444 -0.04740740
v 0.05972204 -0.00526657 -0.03602324
v -0.06267040 0.02210176 -0.01113487
v -0.05735969 0.02327012 -0.01107063
v -0.05980839 0.02256219 -0.01316278
v -0.09539203 0.00547508 -0.02227257
v 0.06479039 -0.02506846 -0.01056704
v 0.10473705 -0.00802473 -0.02546727
v 0.09008124 -0.00645533 -0.03487087
v 0.09582505 -0.00087179 -0.02371739
v -0.08397971 0.01433470 -0.03505983
v -0.09635493 0.00749143 -0.03251298
v 0.00711927 -0.03801480 -0.02237008
v 0.10361558 -0.00665449 -0.02728396
v 0.06605381 -0.02297401 -0.03362807
v -0.03813386 0.02499671 -0.02553953
v -0.03567172 0.02514893 -0.02729658
v 0.06627107 -0.02454537 -0.00913792
v 0.01489954 -0.03651203 -0.03514386
v -0.08777598 0.00237726 -0.04358345
v 0.05944627 -0.02607510 -0.01126318
v 0.06901198 -0.02377590 -0.00777688
v -0.09459212 0.00671427 -0.03498348
v 0.08610324 -0.02347195 -0.02711999
v -0.07989583 0.01566694 -0.03110945
v -0.04602533 0.02417009 -0.02218828
v -0.07587947 0.00942039 -0.04789939
v -0.00495207 0.02925310 -0.03696191
v 0.08302097 -0.02360677 -0.02537036
v 0.03717424 -0.03249113 -0.02891680
v 0.02176713 -0.03661535 -0.03103642
v 0.01056747 -0.02410667 -0.03676826
v -0.02668265 0.02436855 -0.04510351
v -0.04227254 0.02459084 -0.02388485
v -0.09737493 0.00843003 -0.03495814
v 0.03643107 -0.03285383 -0.03404916
v 0.03257876 -0.03189036 -0.03481798
v -0.06363648 0.01824530 -0.03493494
v 0.02889457 -0.03441031 -0.02957258
v -0.01655443 0.02649863 -0.03877177
v -0.08235691 0.00092277 -0.04669882
v -0.09364672 0.00425726 -0.02376098
v 0.09950642 -0.00383897 -0.02542274
v -0.08780285 0.01448371 -0.02926052
v 0.00640032 -0.02569173 -0.03685109
v -0.03019802 0.02422094 -0.04370485
v -0.09065832 0.01373463 -0.03090308
v 0.09737237 -0.00233900 -0.02235242
v -0.03432344 0.02582850 -0.02548374
v 0.00306102 -0.03901026 -0.02244899
v 0.03256550 -0.03444363 -0.03119399
v 0.04042232 -0.03292690 -0.03271405
v 0.07398894 -0.01238354 -0.03449960
v 0.00982783 -0.03749178 -0.02375143
v 0.05584269 0.02160633 0.02669356
v 0.05662421 0.02078935 0.02541237
v -0.06223765 -0.02360035 0.02814563
v 0.05456919 0.02330512 0.02821191
v 0.06093331 0.01763356 0.03729363
v 0.01862263 0.04538617 0.03730737
v -0.07363936 -0.01441540 0.03848320
v 0.02897818 0.02907364 0.03772641
v 0.03191655 0.02748222 0.03831318
v 0.06575718 0.01368084 0.03768077
v 0.06388000 0.01556949 0.03774928
v 0.02571560 0.04226272 0.03762617
v -0.04839925 -0.03448639 0.03787988
v -0.07570782 -0.01239290 0.03776250
v 0.01989666 0.04333810 0.03819647
v 0.03412201 0.02903584 0.03855008
v 0.03736586 0.02457323 0.03911356
v 0.02190236 0.04247565 0.03922736
v 0.02564153 0.04372783 0.03941274
v -0.07304203 -0.01241267 0.03965938
v 0.03965900 0.02548759 0.03985584
v 0.06213327 0.01715560 0.03966475
v -0.04870578 -0.03355149 0.03951221
v -0.05225598 -0.02998633 0.04071236
v 0.06719526 0.01265198 0.03963506
v -0.06924877 -0.01750462 0.03999669
v -0.04906464 -0.03182693 0.04113405
v -0.06826006 -0.01255084 0.04076218
v 0.03965582 0.02720964 0.04138111
v 0.03723646 0.02885030 0.04124188
v 0.04266102 0.02988125 0.04264208
v -0.06441164 -0.01423873 0.04119377
v -0.04871321 -0.03031669 0.04301813
v 0.04050328 0.02888390 0.04279334
v -0.06872463 -0.01425836 0.04315719
v 0.06317749 0.01411661 0.04309090
v -0.07081076 -0.01557852 0.04357410
v 0.05878071 0.01244940 0.04378755
v -0.04165595 -0.02733658 0.04302658
v -0.04995789 -0.02897599 0.04486246
v -0.03399040 -0.03519376 0.04501576
v -0.05483585 -0.02775880 0.04450740
v -0.05291553 -0.02869055 0.04581495
v -0.04702269 -0.03025598 0.04478150
v -0.03740642 -0.03530644 0.04594573
v -0.05022217 -0.02721664 0.04611242
v -0.04272474 -0.03048295 0.04654162
v -0.04631559 -0.03212682 0.04704350
v -0.03483910 -0.03250831 0.04786291
v 0.08020705 0.01204870 -0.03620888
v 0.05790213 0.02079026 -0.04163010
v -0.03703378 -0.03460766 -0.03692659
v -0.03386188 -0.03742248 -0.03499730
v 0.02370335 0.03564411 -0.03292588
v -0.04792107 -0.02695481 -0.03687336
v -0.07727583 -0.00561075 -0.03356809
v -0.02414608 -0.04116367 -0.03718867
v 0.08380692 0.00786405 -0.02921778
v 0.02183112 0.03479311 -0.03499602
v 0.01364549 0.03410509 -0.02975830
v 0.01548785 0.03428323 -0.03078714
v -0.01665130 -0.04378031 -0.03625614
v -0.07368249 -0.00995405 -0.02556743
v -0.08468470 -0.00234200 -0.02538188
v -0.08084476 -0.00537687 -0.02402544
v -0.08591435 -0.00161032 -0.02441156
v 0.08273954 0.00972232 -0.03298252
v 0.08424868 0.00916793 -0.03490132
v 0.00458501 0.03446046 -0.02164085
v -0.03561868 -0.03632586 -0.03303260
v -0.08194714 -0.00478064 -0.02243722
v -0.08752637 -0.00057825 -0.02253089
v 0.08365966 0.00849430 -0.03124995
v 0.08202784 0.01102313 -0.03504661
v -0.03761413 -0.03187317 -0.03967035
v -0.03762651 -0.03343140 -0.03854613
v 0.02684148 0.03593702 -0.03852608
v -0.04084225 -0.03164977 -0.03842533
v 0.04348373 0.03801394 -0.02722509
v -0.05019618 -0.02443507 -0.04045879
v 0.05920038 0.01858229 -0.04001841
v 0.03469654 0.03905768 -0.03162532
v -0.00070432 0.03304669 -0.02234696
v -0.03423930 -0.03031550 -0.03991809
v 0.01059328 0.03392025 -0.02748222
v 0.08567350 0.00685971 -0.03132784
v -0.07466572 -0.00888516 -0.02716973
v 0.00702080 0.03362217 -0.02548988
v -0.00095764 0.03170019 -0.02726536
v -0.03074991 -0.03653026 -0.03873244
v 0.05240704 0.02895907 -0.04224672
v 0.06932294 0.01975351 -0.03688803
v 0.06305162 0.02036379 -0.04020422
v 0.01798853 0.03510118 -0.02932808
v 0.01125407 0.03454973 -0.02549005
v -0.04285183 -0.03054058 -0.03694391
v 0.04051018 0.03951559 -0.03499790
v -0.01938125 -0.03935577 -0.03743769
v 0.03298800 0.03822121 -0.03298542
v 0.07944656 0.01115523 -0.02916966
v 0.05479334 0.02734125 -0.04165450
v 0.05659469 0.02895900 -0.04047798
v -0.07173513 -0.01083935 -0.02729949
v 0.07464549 0.01575343 -0.03688914
v -0.03447211 -0.03497972 -0.03863408
v 0.00282166 0.03320834 -0.02405138
v 0.00194450 0.03262775 -0.02551368
v -0.02673868 -0.03788130 -0.03861122
v -0.08323919 -0.00364623 -0.02401179
v 0.03171768 0.03714639 -0.03547896
v 0.05779412 0.02558714 -0.00669139
v 0.06522950 0.02163497 -0.03934813
v 0.06743302 0.02029449 -0.03883857
v 0.03223210 0.02915991 -0.04338886
v 0.04830919 0.02418776 -0.04277078
v -0.06025581 -0.02145455 -0.00579137
v 0.04529073 0.03649581 -0.02533044
v -0.07681656 -0.00836172 -0.02241965
v -0.01254744 -0.04221859 -0.03673678
v 0.04390287 0.03368525 -0.04344499
v 0.04455163 0.02590834 -0.04266961
v 0.06986670 0.01870894 -0.03826853
v 0.03621522 0.03935918 -0.03316048
v 0.02831580 0.03680933 -0.03321900
v -0.05891160 -0.02210233 -0.00433700
v -0.02337074 -0.03938155 -0.03795697
v 0.05800943 0.02434159 -0.00438391
v 0.02860854 0.02739301 -0.04339287
v -0.03197992 -0.03807550 -0.03714994
v 0.06439901 0.02321395 -0.03672023
v 0.08653811 0.00590519 -0.02540431
v -0.05750818 -0.02286769 -0.00605276
v -0.06238013 -0.02051239 -0.00059878
v -0.07192463 0.02425196 0.01576384
v -0.07486813 0.02386041 0.01757285
v -0.06709015 0.02561522 0.01964342
v 0.05481951 -0.02256765 0.01970109
v -0.07036246 0.02512182 0.02100992
v -0.06461034 0.02638616 0.02141182
v 0.05604792 -0.02195144 0.02148860
v 0.05206710 -0.02278889 0.02134741
v -0.03216412 0.02293690 0.03473594
v -0.03216412 0.02130057 0.03495263
v -0.04872717 0.00821012 0.03596637
v -0.06114941 0.00984645 0.03504229
v -0.06114941 0.01148272 0.03479446
v -0.05700861 0.01148272 0.03501047
v -0.02388269 0.01802797 0.03589932
v -0.05286780 0.00657386 0.03599828
v -0.01974188 0.01966431 0.03589633
v -0.02802332 0.02293690 0.03496235
v -0.08932189 0.00283853 0.03809956
v -0.01554415 0.01637900 0.03655698
v 0.00546075 -0.02969929 0.03777197
v 0.01422939 -0.02785471 0.03771336
v 0.08628638 -0.00202275 0.03772539
v 0.08345425 -0.00020402 0.03781104
v 0.02509529 -0.02582530 0.03762651
v -0.08779419 0.00073115 0.03771165
v -0.09107021 0.00074442 0.03936514
v 0.02704761 -0.02505065 0.03945727
v 0.08432823 -0.00085537 0.03967823
v 0.01718332 -0.02703781 0.03977437
v 0.02142365 -0.02617856 0.03979997
v -0.00115121 -0.03034805 0.04123335
v 0.01825476 -0.02637074 0.04159473
v 0.01570335 -0.02665855 0.04299237
v 0.06307301 -0.00488033 0.04432133
v 0.06721364 0.00002860 0.04409552
v 0.00292419 -0.02852436 0.04471385
v 0.00549080 -0.02372986 0.04477800
v 0.01064365 -0.02648845 0.04557744
v -0.00207646 -0.02843117 0.04584864
v 0.00266362 -0.02720441 0.04648190
v 0.07067351 -0.00188045 0.04462564
v 0.00665647 -0.02587252 0.04682272
v 0.01076263 -0.02421733 0.04660705
v 0.07416890 -0.01050159 0.04698293
v 0.07757733 -0.00949390 0.04702610
v 0.08171407 -0.00816682 0.04754299
v 0.08572688 -0.01083089 0.04823606
v 0.08168702 -0.00937207 0.04831787
v 0.03107634 0.02722913 -0.04277283
v 0.05916467 0.01727869 -0.03959067
v 0.06903426 0.01248824 -0.03951449
v -0.07438094 -0.00737478 -0.03447870
v 0.05302381 0.03246841 -0.04026897
v -0.06382103 -0.01543392 -0.04168982
v 0.06617773 0.01406519 -0.03977886
v -0.02281072 -0.04213455 -0.03690868
v 0.01057259 0.03245758 -0.03500233
v -0.06636343 -0.01292025 -0.03832816
v 0.05006511 0.03464250 -0.03693171
v 0.04636041 0.03582281 -0.03013358
v 0.04420303 0.03792774 -0.02928995
v 0.01734241 0.03540534 -0.02771844
v 0.05468533 0.03069942 -0.04045281
v -0.04673932 -0.02773624 -0.03694963
v -0.00132975 0.03101196 -0.03124552
v 0.03300196 0.03905705 -0.02562501
v 0.03615972 0.03989806 -0.02399371
v -0.04541120 -0.02531597 -0.04125542
v -0.03841281 -0.02732666 -0.04078152
v 0.08714357 0.00595541 -0.03106910
v 0.00756386 0.03275434 -0.03076898
v -0.04198970 -0.02576256 -0.04111209
v -0.07383523 -0.00844534 -0.03298594
v -0.08328569 -0.00218098 -0.03120457
v 0.04544630 0.03678160 -0.03119971
v -0.07282071 -0.00961126 -0.03116149
v 0.04038325 0.02585623 -0.04248167
v 0.04091323 0.03358543 -0.04381183
v -0.02041222 -0.04381468 -0.03640279
v -0.07638434 -0.00646846 -0.03297527
v -0.03488330 -0.03791371 -0.02249301
v -0.07900717 -0.00654649 -0.02385738
v -0.04245851 -0.02402375 -0.04128809
v -0.07846642 -0.00506817 -0.03283750
v 0.07938009 0.01116403 -0.02726869
v 0.01089238 0.03362769 -0.02923202
v 0.04453520 0.03911343 -0.03503202
v -0.07410959 -0.00719518 -0.03543409
v 0.00322153 0.03191235 -0.03117121
v 0.08305474 0.00827285 -0.02522960
v 0.08374116 0.00776786 -0.02676399
v -0.00044728 0.03149481 -0.02917674
v 0.03749685 0.04030959 -0.02195914
v -0.01263972 -0.04059273 -0.03738420
v 0.06261074 0.01569489 -0.03972947
v -0.01692601 -0.03930855 -0.03724924
v 0.08088287 0.00966189 -0.02401435
v 0.03643637 0.03516929 -0.04427131
v -0.07911554 -0.00367110 -0.03497938
v 0.00662500 0.03221951 -0.03300539
v -0.06880206 -0.01115580 -0.03508449
v -0.06692222 -0.01201881 -0.03687976
v -0.03701380 -0.03642024 -0.02235430
v 0.08952616 0.00228610 -0.03632533
v 0.05228772 0.03052792 -0.04205375
v 0.03293726 0.03043557 -0.04372754
v 0.05685703 -0.02354921 0.01045353
v 0.04830389 0.03523342 -0.04233161
v 0.07028866 0.01721966 -0.03853401
v -0.00521246 -0.03801089 -0.03614302
v 0.05186699 0.03349168 -0.03877988
v -0.03430329 -0.02891535 -0.03998233
v 0.03630891 0.02435353 -0.04185114
v 0.02766190 0.03858656 -0.02245880
v -0.08526010 -0.00115939 -0.02935077
v -0.00877132 -0.03669450 -0.03653033
v -0.06420358 -0.01407436 -0.03699314
v -0.04497987 -0.02881455 -0.03864022
v 0.04070021 0.03956896 -0.02241521
v 0.03351231 0.02860462 -0.04290395
v 0.09156227 0.00089085 -0.03590978
v 0.01457799 0.03530321 -0.02544458
v 0.02852386 0.03206596 -0.04403483
v -0.07100875 -0.01101406 -0.02922588
v 0.08465845 0.00705978 -0.02545576
v -0.06256504 -0.02060816 0.00156717
v 0.05684359 0.02381480 0.00568160
v -0.06021338 -0.02298414 0.00522920
v -0.06218090 -0.02185308 0.00683304
v -0.06721478 0.02404861 0.00900743
v -0.06469749 0.02474536 0.01025433
v -0.07177278 0.02404777 0.01401447
v -0.06114941 0.00166493 0.03634336
v -0.01974188 0.01639164 0.03634148
v -0.04458636 0.00821012 0.03617982
v -0.01147229 0.01803545 0.03655953
v -0.03630493 0.00984645 0.03636767
v -0.05286780 0.00493753 0.03623689
v -0.01560125 0.01966431 0.03612710
v -0.02802332 0.01311905 0.03634592
v -0.03216412 0.01475538 0.03590384
v -0.00731964 0.02293690 0.03614245
v -0.05700861 0.00129825 0.03655902
v -0.04956332 0.00354185 0.03658035
v -0.04074855 0.00667843 0.03656858
v -0.00330947 0.02133885 0.03656389
v 0.00704962 -0.02933988 0.03768870
v 0.09293246 -0.01212004 0.03765245
v 0.08963187 -0.01238493 0.03965912
v 0.01031008 -0.02846093 0.03943569
v 0.00264170 -0.02920875 0.04315326
v 0.05893221 -0.00324400 0.04379369
v 0.01445902 -0.02611499 0.04512581
v 0.01810379 -0.02511674 0.04567376
v 0.07443566 -0.00199900 0.04519730
v 0.07018614 -0.00894901 0.04565874
v 0.05904039 -0.00819868 0.04454766
v 0.06310748 -0.00652972 0.04455073
v 0.07536426 0.00002860 0.04611097
v 0.01462095 -0.02438114 0.04693303
v 0.07813152 -0.00220934 0.04675711
v 0.07035831 -0.01113379 0.04674202
v 0.08413290 -0.00132782 0.04771856
v 0.08208812 -0.00228283 0.04849719
v -0.04115691 -0.02461481 -0.04115415
v 0.09136516 0.00207835 -0.03580894
v 0.05918747 0.01564899 -0.03948795
v -0.04335211 -0.02530339 -0.04127538
v -0.01249405 -0.03905860 -0.03706906
v -0.01974683 -0.04231904 -0.03716930
v 0.03630768 0.03370362 -0.04407134
v -0.04687756 -0.02744151 -0.03886928
v -0.00460966 -0.03662269 -0.03634136
v -0.00219030 0.03113903 -0.02942900
v 0.08670640 0.00588116 -0.02920524
v 0.03374424 0.03895625 -0.02747488
v 0.08377032 0.00779356 -0.02589459
v 0.00045710 0.03139806 -0.03116149
v 0.05037270 0.03483573 -0.03873722
v 0.04042480 0.03514464 -0.04398518
v -0.06951146 -0.01119163 -0.03309547
v 0.05380463 0.03165031 -0.04025242
v 0.05224830 0.03197578 -0.04161278
v 0.07947396 0.01114733 -0.02534537
v -0.04643810 -0.02423591 -0.04145658
v 0.04418871 0.03904944 -0.03296862
v -0.03859436 -0.02888629 -0.04052371
v 0.03643849 0.02581019 -0.04216661
v -0.07299519 -0.00974888 -0.02932015
v 0.04630596 0.03582281 -0.03117599
v -0.07028751 -0.01024416 -0.03537915
v 0.00290156 0.03210529 -0.02924780
v 0.06227222 0.01265010 -0.03917819
v -0.04646338 -0.02592212 -0.04070346
v -0.08484892 -0.00110693 -0.03124390
v 0.06613089 0.01301161 -0.03951261
v 0.05160554 0.03347428 -0.03697940
v -0.06589002 -0.01267763 -0.03688505
v -0.07872910 -0.00692784 -0.02248678
v -0.02302143 -0.04347818 -0.03623652
v -0.07472158 -0.00773413 -0.03295531
v -0.03597259 -0.03706383 -0.02304292
v 0.00761795 0.03300952 -0.02924840
v 0.01039617 0.03318598 -0.03117676
v 0.06908376 0.01412031 -0.03962146
v -0.07325558 -0.00808299 -0.03499935
v 0.08283147 0.00840314 -0.02740561
v -0.06407824 -0.01540821 -0.04012847
v -0.08595324 -0.00003588 -0.03242741
v 0.06245606 0.01722657 -0.03974150
v -0.06779461 -0.01227610 -0.03892866
v 0.08075452 0.00953957 -0.02254599
v -0.07100575 -0.01074525 -0.03107294
v -0.07808387 -0.00472406 -0.03428709
v 0.00701373 0.03191563 -0.03497938
v -0.03701575 -0.03624637 -0.02399575
v 0.03271717 0.03201441 -0.04400796
v 0.05417799 0.03051653 -0.04139916
v -0.01675754 -0.04056926 -0.03736825
v -0.07549091 -0.00637597 -0.03494057
v 0.08484477 0.00687459 -0.02745791
v -0.04489042 -0.02902740 -0.03669540
v 0.07063744 0.01576020 -0.03886340
v -0.03449368 -0.02727923 -0.04022546
v 0.04109106 0.03937434 -0.02371525
v 0.02819382 0.03841527 -0.02414496
v 0.03735490 0.04021116 -0.02305691
v 0.03551218 0.04005454 -0.02244242
v -0.08364702 -0.00232677 -0.02932979
v 0.02863488 0.03055838 -0.04399806
v 0.04460962 0.03818307 -0.03115773
v -0.00872801 -0.03817540 -0.03656317
v 0.07194912 0.01766171 -0.03741824
v -0.06523966 -0.01398243 -0.03872332
v 0.04537311 0.03676169 -0.02925412
v 0.03276756 0.02748208 -0.04258071
v 0.08966793 0.00083356 -0.03636832
v 0.01454740 0.03487003 -0.02730853
v -0.08026299 -0.00374229 -0.03302544
v 0.00997420 0.03266352 -0.03355717
v 0.04049497 0.02418539 -0.04213078
v 0.04854289 0.03361805 -0.04260596
v -0.03459479 -0.03795591 -0.02392964
v -0.06196965 -0.02177785 0.00508853
v 0.05666045 0.02377644 0.00719501
v -0.06097988 -0.02273398 0.00711968
v -0.06426721 0.02452587 0.00887119
v 0.05710452 -0.02354362 0.00906544
v -0.06805235 0.02419894 0.01041889
v -0.07093310 0.02400795 0.01244979
v -0.00731964 0.02130057 0.03635496
v -0.04458636 0.00657386 0.03640290
v -0.02802332 0.01475538 0.03612471
v -0.02388269 0.01639164 0.03612496
v -0.01560125 0.01802797 0.03634208
v -0.04044556 0.00821012 0.03638183
v -0.05286780 0.00330119 0.03646365
v -0.01146044 0.01966431 0.03634984
v -0.04872717 0.00493753 0.03643225
v -0.03630493 0.01148272 0.03614314
v -0.03216412 0.01311905 0.03613179
v -0.00317901 0.02293690 0.03636827
v -0.06114941 0.00015916 0.03655902
v -0.05635206 0.00166493 0.03653983
v 0.01037708 -0.02858870 0.03779330
v 0.08930908 -0.01292444 0.03766832
v 0.09268515 -0.01186883 0.03913028
v 0.00695451 -0.02915748 0.03971918
v 0.01176053 -0.02806722 0.04019248
v 0.00342907 -0.02945074 0.04144612
v 0.00039541 -0.02958186 0.04319984
v 0.05893221 -0.00651666 0.04428175
v 0.01754748 -0.02581992 0.04487824
v 0.01468087 -0.02534698 0.04597507
v 0.07405771 -0.00060598 0.04517512
v 0.07039880 -0.00978925 0.04591672
v 0.06664283 -0.01121951 0.04606815
v 0.06641426 -0.00947140 0.04542371
v 0.06307301 -0.00815292 0.04481630
v 0.01765672 -0.02446825 0.04666165
v 0.07728953 -0.00074870 0.04713069
v 0.08672691 -0.00348109 0.04706679
v 0.08110277 -0.00532853 0.04707933
v 0.08449245 -0.00234368 0.04808898
v 0.08212843 -0.00068932 0.04828673
v -0.06632224 -0.01326402 -0.04287077
v 0.00139791 0.03121895 -0.03369529
v 0.04603267 0.03712774 -0.03447750
v 0.05299005 0.03219974 -0.03672756
v 0.00090824 0.03132778 -0.03233135
v -0.06809089 -0.01250481 -0.04024201
v 0.05036103 0.03502169 -0.04049325
v -0.06989312 -0.01136244 -0.03140420
v 0.08719642 0.00592035 -0.03562621
v 0.00580794 0.03264459 -0.02931733
v 0.04646489 0.03595155 -0.03302100
v -0.08205020 -0.00343457 -0.02918757
v 0.08037021 0.01050143 -0.02592394
v 0.08133682 0.00950010 -0.02722620
v 0.03634286 0.03952523 -0.02724779
v -0.03566058 -0.03676373 -0.02729693
v 0.04946885 0.03554422 -0.03877485
v 0.03176187 0.03849910 -0.02744195
v -0.07088006 -0.01049230 -0.03292886
v -0.07174026 -0.00931919 -0.03485952
v 0.05434062 0.03060393 -0.03686858
v 0.07995037 0.01025554 -0.02239021
v 0.04634203 0.03777734 -0.03541669
v 0.03262560 0.03370286 -0.04409216
v 0.05106637 0.03357083 -0.04151365
v -0.08133637 -0.00289303 -0.03356238
v 0.04522127 0.03798188 -0.03302450
v -0.03437171 -0.03799601 -0.02554508
v 0.03261835 0.02584072 -0.04210912
v -0.08207689 -0.00191322 -0.03472311
v -0.07496394 -0.00802054 -0.03112284
v 0.01371691 0.03561240 -0.02297911
v 0.00345682 0.03142482 -0.03492444
v 0.06586113 0.01219707 -0.03919790
v -0.07711337 -0.00684122 -0.02943259
v -0.03811353 -0.02421635 -0.04080191
v 0.04396279 0.03061832 -0.04258413
v 0.03680053 0.03193156 -0.04383605
v 0.07140624 0.01408294 -0.03903402
v -0.06340614 -0.01526507 -0.03878832
v 0.02861172 0.02440739 -0.04240762
v -0.08590622 -0.00037818 -0.03121626
v -0.08454486 -0.00079823 -0.03314009
v 0.03319288 0.03957546 -0.02235677
v 0.08283005 0.00803366 -0.02247518
v -0.04255520 -0.02890760 -0.03995170
v 0.06613354 0.01727240 -0.03974482
v -0.01283841 -0.03774815 -0.03693529
v 0.05386297 0.03166359 -0.03878892
v 0.03636248 0.02735194 -0.04228690
v 0.04015009 0.03062928 -0.04312917
v -0.03450057 -0.02564458 -0.04027366
v 0.07875059 0.01139050 -0.02386548
v 0.02842752 0.03529015 -0.04366885
v -0.00915316 -0.03943688 -0.03680818
v -0.06686264 -0.01353730 -0.04179099
v 0.06908358 0.01526597 -0.03950476
v -0.06573711 -0.01428728 -0.04032988
v 0.02889138 0.03827675 -0.02545345
v 0.05920480 0.01400337 -0.03947635
v 0.02964197 0.03871447 -0.02400386
v -0.01624418 -0.03653131 -0.03722373
v 0.04372379 0.03906725 -0.03109913
v -0.04572975 -0.02725806 -0.04004947
v 0.04037371 0.02904087 -0.04237955
v -0.07827002 -0.00643472 -0.02731169
v -0.00542849 -0.04059322 -0.03606393
v 0.08483735 0.00664134 -0.02233877
v -0.07956225 -0.00524330 -0.02928449
v -0.08090769 -0.00382157 -0.03119032
v 0.01099916 0.03295483 -0.03298090
v -0.00087473 0.03054881 -0.03501760
v 0.04075873 0.03951392 -0.02564190
v 0.04812711 0.03208524 -0.04260912
v -0.03692418 -0.03617805 -0.02544441
v 0.05778687 0.02396764 0.00105667
v -0.05975129 -0.02258868 0.00167611
v -0.05854073 -0.02366511 0.00288129
v -0.06166772 -0.02166775 0.00323081
v -0.06834014 0.02444889 0.01193298
v -0.06297905 0.02551903 0.01241353
v -0.06580234 0.02518483 0.01378387
v 0.05562083 -0.02309591 0.01384658
v -0.00735765 0.01967304 0.03656048
v -0.02802332 0.01639164 0.03589923
v -0.02388269 0.01475538 0.03634268
v -0.06114941 0.00493753 0.03584276
v -0.05700861 0.00330119 0.03628501
v -0.04458636 0.01148272 0.03570114
v -0.04044556 0.00984645 0.03615875
v -0.01560125 0.02293690 0.03567760
v -0.01146044 0.02130057 0.03613512
v -0.10604227 0.01248670 0.03710740
v -0.05286780 0.00213717 0.03662480
v -0.03687273 0.00821012 0.03655902
v 0.01126980 -0.02775552 0.04166698
v 0.00685640 -0.02874798 0.04154064
v 0.08866526 -0.01190760 0.04348401
v 0.05893221 0.00002860 0.04333839
v 0.06307301 -0.00160773 0.04390698
v 0.02000749 -0.02539337 0.04473133
v 0.08587715 -0.00078349 0.04475036
v 0.02454534 -0.02415997 0.04464048
v 0.05992604 -0.01100009 0.04521880
v 0.07855578 -0.00534278 0.04611029
v 0.07687888 -0.00372126 0.04574806
v 0.07135445 -0.00651666 0.04525190
v 0.07513215 -0.00536982 0.04552481
v 0.06307301 -0.00978925 0.04519261
v 0.06721364 -0.00815292 0.04516522
v 0.08334076 -0.00021946 0.04674031
v 0.08623989 -0.00233348 0.04655689
v 0.02057565 -0.02409060 0.04619935
v 0.07874334 -0.00049924 0.04805085
v 0.08576313 -0.00386887 0.04819110
v 0.08320005 -0.00548801 0.04838492
v 0.07584492 0.01332359 -0.02388895
v -0.07552609 -0.00062764 -0.04674036
v -0.03025564 -0.02892912 -0.03926205
v -0.01974188 -0.04601609 -0.03378666
v 0.01462430 0.03206736 -0.04412014
v 0.09158455 0.00309491 -0.03321261
v -0.06298877 -0.01519633 -0.03452178
v -0.06682499 -0.01358382 -0.03075285
v 0.01783350 0.03048433 -0.04444765
v -0.06988110 -0.01123145 -0.04170099
v -0.06410069 -0.00066473 -0.04505932
v 0.04855208 0.03514016 -0.03481073
v 0.07202655 0.01609887 -0.02928193
v -0.04755656 -0.02767309 -0.02917862
v -0.08200406 -0.00171161 -0.03892593
v -0.01941855 -0.02422934 -0.03883934
v -0.04386335 -0.03094917 -0.02741005
v 0.04749620 0.03658809 -0.03685920
v 0.02364007 0.03718809 -0.02590730
v 0.06885430 0.01836979 -0.02589152
v 0.06590621 0.02031747 -0.02555566
v -0.04007115 -0.03373340 -0.02549722
v 0.05863292 0.01088788 -0.03939787
v 0.07331967 0.01531298 -0.02720172
v -0.08099290 -0.00357749 -0.04174484
v 0.08987052 0.00410958 -0.03511511
v 0.09285963 0.00240137 -0.03117062
v 0.00296450 0.02618875 -0.04491421
v 0.01541432 0.03581079 -0.02368062
v -0.00518895 -0.03237111 -0.03743351
v -0.03261225 -0.03941732 -0.02265817
v 0.07726249 0.01220581 -0.02266875
v 0.06597780 0.00936737 -0.03867529
v 0.06410203 0.02169477 -0.02535424
v 0.07428752 0.01416145 -0.02236743
v 0.09410413 0.00110496 -0.02911600
v 0.05125251 0.03204221 -0.03299080
v 0.00699994 0.03161483 -0.04028706
v -0.00004035 0.02995307 -0.03860149
v -0.00860958 -0.03153346 -0.03772135
v -0.07536876 -0.00519755 -0.04506743
v -0.02261290 -0.02605834 -0.03914031
v -0.04057284 -0.03329162 -0.02374784
v -0.01761720 -0.03498999 -0.03765122
v -0.06208597 -0.01873857 -0.01850390
v 0.00587441 0.02773874 -0.04486985
v 0.05371801 0.03020658 -0.03348236
v -0.06603339 -0.01443398 -0.02928073
v -0.04523902 -0.02901609 -0.03111823
v 0.05979770 0.02443610 -0.01671741
v 0.07421840 0.00223140 -0.03695151
v 0.06287874 0.00800740 -0.03889146
v -0.05034909 -0.02578708 -0.02238910
v 0.05611881 0.02728013 -0.02252714
v 0.00278931 0.03091563 -0.03691226
v 0.05329622 0.03091521 -0.03495814
v 0.02594965 0.03741681 -0.02736748
v 0.04917434 0.03376160 -0.03283332
v 0.00993390 0.03255119 -0.04165569
v -0.05158246 -0.02472065 -0.02400966
v 0.07043910 0.01738620 -0.03122001
v 0.05922689 0.00659223 -0.03886297
v 0.05437509 0.02870696 -0.02401094
v -0.03042924 -0.02426301 -0.03988106
v -0.01142774 -0.04260518 -0.02744383
v 0.05805327 0.02577415 -0.01482156
v -0.02757554 -0.04235027 -0.03501470
v -0.02652054 -0.02741692 -0.03920506
v -0.07370618 -0.00817989 -0.04049504
v -0.07488917 -0.00781027 -0.04173307
v -0.00966846 -0.04160887 -0.02298892
v -0.05280770 -0.02425135 -0.02236692
v -0.07602637 -0.00652574 -0.04004614
v -0.07066245 -0.00273956 -0.04661598
v 0.06259059 0.02298978 -0.02717553
v -0.04862181 -0.02734231 -0.02722117
v -0.00462875 -0.03043971 -0.03821034
v -0.06848121 -0.00228674 -0.04599228
v -0.03060018 -0.04073852 -0.02393902
v 0.03275288 0.03666130 -0.04400847
v -0.02598102 -0.04370794 -0.03294294
v 0.04397835 0.03894772 -0.04155315
v 0.08878317 0.00527584 -0.03303098
v -0.03824080 -0.03497741 -0.02726459
v 0.07797648 0.00094911 -0.03680921
v -0.07139200 -0.00934301 -0.03872895
v -0.07184243 -0.00366754 -0.04619020
v -0.08255224 -0.00080962 -0.03687993
v -0.08060452 -0.00229792 -0.03683557
v 0.08570143 0.00396302 -0.03687413
v -0.04285537 -0.03204775 -0.02553066
v 0.07059855 0.01108132 -0.03896910
v -0.05650745 -0.02312567 -0.01482983
v 0.06783855 0.01906500 -0.02727270
v -0.04550153 -0.03037774 -0.02546096
v -0.01629863 -0.04366197 -0.02746123
v 0.08297766 0.00552167 -0.03742182
v 0.01802159 0.03660430 -0.02240668
v 0.02210547 0.03449867 -0.04333016
v 0.02461888 0.03368791 -0.04387786
v -0.02676485 -0.02566504 -0.03949802
v -0.01252499 -0.03506753 -0.03703767
v -0.02356661 -0.04520728 -0.03306988
v -0.01976716 -0.04560882 -0.03500575
v -0.05481092 -0.02322088 -0.02053155
v -0.01537957 -0.04288593 -0.02537770
v 0.04719904 0.03789267 -0.03889607
v 0.00267936 0.02467984 -0.04443050
v -0.07875315 -0.00473251 -0.04043260
v 0.01084642 0.02747810 -0.04447392
v -0.06034102 -0.02014578 -0.02048788
v -0.05789054 -0.02167313 -0.01680187
v 0.05338462 0.02933888 -0.02255145
v 0.02144274 0.03632927 -0.02729607
v -0.06868450 -0.01256314 -0.02929916
v 0.08161242 0.00418698 -0.03767519
v 0.05770697 -0.01938280 0.03825141
v -0.07899480 0.02398287 0.02534327
v 0.05436130 -0.02088235 0.03018813
v 0.05238035 -0.02113328 0.03205839
v -0.07097552 0.02688390 0.03200507
v -0.07200347 0.02584114 0.03318739
v -0.06796573 0.02604303 0.03307640
v -0.06433457 0.02457323 0.03305285
v -0.06114941 0.01802797 0.03388352
v -0.05700861 0.01966431 0.03388011
v -0.05286780 0.02130057 0.03388915
v -0.04872717 0.02293690 0.03390544
v 0.04426579 -0.02256667 0.03397668
v 0.04820207 -0.02175249 0.03396183
v -0.04458636 0.01475538 0.03520088
v -0.04044556 0.01311905 0.03568775
v -0.03630493 0.01639164 0.03543514
v 0.04528932 -0.02212315 0.03592696
v 0.05582625 -0.02015472 0.03591885
v 0.09897962 -0.00971066 0.03781070
v 0.06316440 -0.01824552 0.03765612
v -0.09621952 0.00781005 0.03742492
v -0.10488951 0.00906748 0.03830661
v 0.09335973 -0.00653280 0.03784457
v 0.09671247 -0.01134225 0.03776497
v -0.09573162 0.00610952 0.03866670
v -0.09890369 0.00759936 0.03853532
v 0.09806817 -0.00938394 0.03961868
v 0.07835673 -0.01458096 0.03978214
v 0.09462138 -0.00744003 0.03975057
v 0.05972434 -0.01853361 0.03983938
v 0.08172556 -0.01362937 0.04111537
v 0.08541417 -0.01287351 0.04126987
v 0.09023610 -0.01175252 0.04202512
v 0.09621590 -0.00844220 0.04140440
v 0.07335325 -0.01504949 0.04320240
v 0.09362295 -0.01098982 0.04331936
v 0.08303370 -0.01314854 0.04322953
v 0.08816039 -0.00276142 0.04453427
v 0.06552384 -0.01647674 0.04487338
v 0.07041082 -0.01550196 0.04506712
v 0.05968510 -0.01306185 0.04606201
v 0.06605151 -0.01555952 0.04654657
v 0.06138003 -0.01364928 0.04719356
v 0.06204877 -0.01519920 0.04779790
v 0.06612930 -0.01405375 0.04810408
v 0.07011825 -0.01259353 0.04821012
v 0.08854665 -0.00529158 0.04822386
v 0.09231197 -0.00334969 -0.03590142
v 0.07061340 -0.01096306 -0.03510317
v -0.07537831 0.01509342 -0.04021284
v 0.11130747 -0.01241239 -0.03117898
v 0.10066077 -0.02203373 -0.03251715
v 0.08967165 -0.02356423 -0.02929174
v 0.11410866 -0.01408484 -0.03071583
v -0.01301325 0.02976180 -0.02638675
v 0.06604551 -0.00927629 -0.03526330
v 0.01953691 -0.03525209 -0.02405155
v -0.10176817 0.01231178 -0.02385132
v 0.09400956 -0.02313517 -0.03117915
v -0.03002902 0.02560314 -0.03092253
v -0.07771228 0.01485409 -0.03862623
v -0.06508569 0.01763035 -0.03712349
v 0.00683095 -0.03787955 -0.03602828
v 0.10782851 -0.01759334 -0.03180661
v -0.09481751 0.00835703 -0.04707461
v 0.08979981 -0.02004728 -0.03275705
v 0.02178675 -0.03501080 -0.02573370
v 0.02175811 -0.02753442 -0.03568430
v 0.08570815 -0.00536234 -0.03519744
v 0.09095221 -0.02190834 -0.03185608
v -0.08753468 0.00083713 -0.03121438
v -0.02304264 0.02736367 -0.02919321
v 0.10733018 -0.01238780 -0.03246384
v -0.06807462 0.01681435 -0.03866786
v -0.02697821 0.02651170 -0.02934608
v 0.07808167 -0.00269701 -0.03561955
v -0.00406695 0.02995845 -0.03482378
v 0.11173315 -0.01894221 -0.02387351
v 0.00971841 -0.03653711 -0.03594894
v 0.10030156 -0.02001745 -0.03174160
v 0.10435079 -0.02041249 -0.02552947
v 0.06332633 -0.01520737 -0.03572321
v -0.02149320 0.02676675 -0.03353858
v -0.09603249 0.01314874 -0.02734231
v -0.08364278 0.01245422 -0.04722561
v -0.07961493 0.01362509 -0.04679539
v -0.01983009 0.02749284 -0.03117155
v -0.09699574 0.00977296 -0.04349618
v 0.09356673 -0.01863931 -0.03298909
v 0.06399702 -0.00789878 -0.03542172
v -0.01640028 0.02896375 -0.02745825
v 0.00380135 -0.03858776 -0.03582805
v -0.09491738 0.01093476 -0.04349592
v 0.01183513 -0.03510350 -0.03549628
v 0.11507863 -0.01828213 -0.02257380
v -0.07188309 0.01561504 -0.04182631
v -0.09840660 0.01292960 -0.02539177
v -0.08746361 0.01233218 -0.04548775
v 0.09713320 -0.02288194 -0.03300121
v 0.10430306 -0.01400059 -0.03323538
v -0.02306563 0.02614271 -0.03504064
v -0.09074299 0.00374046 -0.03306127
v -0.08994149 0.00269539 -0.03126190
v -0.09624657 0.00990618 -0.04557323
v -0.09435683 0.01378618 -0.02539382
v 0.02477409 -0.02886184 -0.03554380
v -0.09213970 0.00507172 -0.03487522
v 0.02478540 -0.03464929 -0.02736603
v 0.08189773 -0.00379803 -0.03543631
v 0.11126150 -0.02119447 -0.02761735
v 0.05890816 -0.02405603 0.00141651
v -0.06136632 0.02358042 0.00146454
v 0.05680152 0.02333683 0.01388190
v -0.06215686 -0.02300894 0.01391764
v 0.00924323 0.02457323 0.03685155
v -0.02565611 -0.03543463 0.04118566
v 0.02472972 0.03072569 0.03695521
v 0.03161197 0.03902729 0.03730489
v 0.02859758 0.04065587 0.03746673
v -0.07263050 -0.00250023 0.03675447
v -0.06894365 -0.00367718 0.03700281
v -0.06529004 -0.00488033 0.03730242
v -0.07866794 -0.01069502 0.03766635
v -0.01963705 -0.03462547 0.03771421
v -0.04339277 -0.03850464 0.03821353
v -0.03943493 -0.03872720 0.03770474
v -0.04600959 -0.03629946 0.03767241
v -0.04454217 -0.03765741 0.03904386
v -0.07836371 -0.00946589 0.03926644
v 0.02997838 0.03957406 0.03957364
v -0.02265409 -0.03504447 0.03960733
v 0.03549274 0.03668652 0.03984006
v 0.02987037 0.03821863 0.04077660
v 0.07349044 0.00799552 0.04114096
v -0.03558863 -0.03734997 0.04114941
v 0.03259644 0.03670140 0.04126585
v -0.08345627 -0.00655417 0.04137428
v -0.08068036 -0.00658729 0.04218175
v -0.07991474 -0.00817122 0.04124248
v -0.03435509 -0.03629226 0.04307375
v 0.07512898 0.00672643 0.04313543
v -0.02958283 -0.03537148 0.04395296
v 0.06721364 0.00330119 0.04394332
v -0.00939004 -0.02533413 0.04386373
v 0.06071570 0.01111373 0.04420386
v -0.00524923 -0.02451603 0.04389137
v 0.06301839 0.00213242 0.04348213
v 0.08428333 0.00056825 0.04467179
v -0.01292380 -0.03184809 0.04454587
v 0.07884322 0.00410853 0.04462794
v 0.06372196 0.00949326 0.04487159
v 0.08191895 0.00233277 0.04490426
v 0.06635451 0.00814802 0.04528141
v 0.07565170 0.00555904 0.04509407
v 0.06918152 0.00804575 0.04588968
v 0.07802970 0.00080639 0.04788389
v -0.01963529 -0.02852220 0.04515251
v -0.01681694 -0.03147785 0.04617368
v 0.08226136 0.00078361 0.04655109
v 0.07441515 0.00402135 0.04692859
v -0.01226159 -0.03036573 0.04668665
v -0.01767147 -0.03280849 0.04827120
v -0.00940418 -0.02992814 0.04863557
v -0.03565758 -0.03394618 -0.03898744
v 0.02678934 0.03585452 -0.03701472
v -0.03682501 -0.03439997 -0.03796192
v 0.03030559 0.03740793 -0.03288698
v -0.03860868 -0.03361247 -0.03696925
v -0.03497557 -0.03648332 -0.03503083
v -0.03594307 -0.03538091 -0.03709329
v 0.06842332 0.01879577 -0.03894717
v -0.04925661 -0.02379769 -0.04135838
v 0.02898666 0.03654464 -0.03492871
v 0.02440586 0.03539437 -0.03512484
v 0.08100714 0.01095536 -0.03291786
v 0.01394690 0.03386436 -0.03124287
v 0.05702320 0.02735585 -0.04110220
v -0.00266141 0.03124647 -0.02813527
v -0.03377526 -0.03757239 -0.03302799
v 0.01165500 0.03430258 -0.02684759
v 0.00960050 0.03402175 -0.02606854
v 0.04629111 0.03582281 -0.02618166
v -0.08185999 -0.00467662 -0.02384595
v 0.00019459 0.03285346 -0.02351597
v 0.03360795 0.03869296 -0.02872997
v -0.08096055 -0.00547851 -0.02253055
v 0.08338973 0.00979685 -0.03508065
v 0.00274476 0.03235084 -0.02731766
v 0.07952257 0.01148097 -0.03119885
v -0.03466781 -0.03204460 -0.03992227
v -0.08582702 -0.00196421 -0.02246725
v -0.01637482 -0.04243221 -0.03713612
v 0.02114682 0.03499200 -0.03306818
v -0.01363992 -0.04329355 -0.03617125
v -0.04858840 -0.02554901 -0.04006303
v 0.00647704 0.03310586 -0.02732482
v 0.08281485 0.00861781 -0.02934924
v 0.06875760 0.01993773 -0.03829062
v -0.04786698 -0.02689669 -0.03831144
v 0.07309976 0.01550844 -0.03795424
v -0.07364873 -0.00961671 -0.02716580
v -0.02700349 -0.03668989 -0.03895604
v 0.05210281 0.02727712 -0.04235541
v -0.07693730 -0.00524729 -0.03507007
v 0.05919896 0.02028736 -0.04099249
v 0.00288583 0.03375867 -0.02249267
v 0.01830602 0.03473402 -0.03119322
v 0.02897588 0.02896179 -0.04372891
v -0.08736957 -0.00051112 -0.02398902
v 0.03327879 0.03781464 -0.03476961
v -0.07679394 -0.00806323 -0.02381208
v -0.02022960 -0.04067391 -0.03739828
v -0.03024380 -0.03772154 -0.03825837
v 0.06284037 0.01869064 -0.03988806
v 0.08655225 0.00588926 -0.02722399
v 0.05489941 0.02902788 -0.04155195
v 0.06790466 0.02066228 -0.03681748
v -0.04095715 -0.03190049 -0.03696371
v -0.08338008 -0.00373719 -0.02252142
v -0.02145113 -0.03934418 -0.03767042
v 0.03669252 0.03915974 -0.03483623
v -0.07224071 -0.01099527 -0.02543144
v 0.08502420 0.00695095 -0.02936366
v 0.08435122 0.00787243 -0.03100784
v 0.05908317 0.02425420 -0.00584196
v 0.04327107 0.03791656 -0.02552588
v 0.04525803 0.03669875 -0.02729479
v 0.07284874 0.01712870 -0.03683369
v -0.08415154 -0.00232705 -0.02755465
v 0.04813701 0.02598421 -0.04280909
v 0.07107196 0.01857461 -0.03682328
v 0.04054111 0.03950120 -0.03303780
v 0.04436532 0.02457302 -0.04261705
v -0.02266841 -0.04018721 -0.03761420
v -0.05722746 -0.02307132 -0.00435448
v -0.06054572 -0.02139168 -0.00405027
v 0.04403333 0.03516811 -0.04348824
v 0.06444320 0.02338769 -0.03864714
v 0.01496442 0.03453422 -0.02911139
v -0.03869388 -0.03038403 -0.04007455
v -0.04230277 -0.03044914 -0.03872340
v -0.00083389 0.03211165 -0.02556700
v -0.07475447 -0.00922718 -0.02538759
v -0.05890842 -0.02209339 -0.00577848
v -0.06243582 -0.02037693 -0.00264128
v -0.07234147 0.02440753 0.01769382
v -0.06919998 0.02518867 0.01951358
v 0.05204748 -0.02317632 0.01961527
v -0.06433987 0.02614614 0.01965903
v 0.05712820 -0.02210066 0.01961987
v 0.05366569 -0.02249975 0.02100156
v -0.06803043 0.02567851 0.02158312
v -0.05286780 0.00821012 0.03574815
v -0.05700861 0.00984645 0.03526538
v -0.01974188 0.01802797 0.03612352
v -0.04872717 0.00657386 0.03620029
v -0.02802332 0.02130057 0.03518919
v -0.02388269 0.01966431 0.03566676
v -0.04517998 0.00508835 0.03657480
v 0.01785188 -0.02723718 0.03753975
v 0.02173230 -0.02642677 0.03774151
v 0.08431214 -0.00082065 0.03773989
v -0.09084110 0.00032822 0.03748422
v -0.09149447 0.00238006 0.03907807
v -0.08796283 0.00202679 0.03771378
v 0.08629593 -0.00216505 0.03973888
v 0.08346327 -0.00019983 0.03960025
v 0.01420110 -0.02765646 0.03957185
v 0.02467368 -0.02556382 0.03959411
v 0.00195740 -0.02980673 0.04114122
v 0.08747308 -0.00331546 0.04214924
v 0.01860584 -0.02614929 0.04334726
v -0.00119788 -0.02996440 0.04284597
v 0.05893221 -0.00488033 0.04402599
v 0.06721364 -0.00160773 0.04427416
v 0.06307301 -0.00324400 0.04410516
v -0.00082594 -0.02896858 0.04485043
v 0.00387366 -0.02765883 0.04564561
v 0.07053721 -0.00028960 0.04451140
v 0.00687638 -0.02451135 0.04623143
v -0.00084839 -0.02743005 0.04667360
v 0.01055527 -0.02579072 0.04640905
v 0.07440596 -0.00936725 0.04628961
v 0.08190127 -0.00692574 0.04730122
v 0.08182738 -0.01098514 0.04842050
v 0.08612127 -0.00953295 0.04914205
v 0.08863874 0.00379997 -0.03611452
v 0.04588241 0.03796036 -0.03456299
v -0.01976999 -0.04471744 -0.03591490
v -0.03804671 -0.02572854 -0.04081069
v -0.07408537 -0.00860399 -0.03161090
v -0.07053288 -0.01035789 -0.03443672
v -0.06990284 -0.01160701 -0.02985325
v -0.06824415 -0.01237969 -0.04190275
v -0.07695675 -0.00659588 -0.03124714
v 0.04702792 0.03639773 -0.03514318
v 0.04307785 0.03895876 -0.02943182
v -0.08118117 -0.00398595 -0.02936579
v -0.02620093 -0.04213699 -0.03630716
v 0.02872274 0.03368630 -0.04398995
v 0.06275640 0.01413882 -0.03949060
v 0.04915719 0.03523566 -0.03684802
v 0.01311746 0.03527506 -0.02397801
v 0.05369627 0.03160141 -0.03738454
v -0.01636881 -0.03777742 -0.03721264
v -0.03351045 -0.03893551 -0.02202210
v 0.08021677 0.01046741 -0.02734479
v 0.03266785 0.03511537 -0.04422191
v 0.08292463 0.00816960 -0.02407083
v 0.08141920 0.00956318 -0.02546864
v 0.04820790 0.03055055 -0.04239166
v -0.07250516 -0.00942698 -0.03305239
v -0.08277657 -0.00213990 -0.03287512
v 0.04232850 0.03824056 -0.02201288
v 0.02971233 0.03899830 -0.02235831
v -0.03374238 -0.03797638 -0.02728942
v -0.07527242 -0.00815991 -0.02923757
v 0.04066362 0.02738072 -0.04228562
v -0.00114785 0.03079792 -0.03307483
v 0.04526511 0.03161755 -0.04276055
v 0.02882580 0.03800640 -0.02721469
v -0.08095578 -0.00248884 -0.03501479
v 0.02907983 0.02585588 -0.04267652
v 0.07880079 0.01107936 -0.02242689
v -0.08369156 -0.00066564 -0.03490073
v -0.03440794 -0.02425812 -0.04029977
v 0.03266892 0.03926278 -0.02369631
v -0.07904695 -0.00630569 -0.02543213
v 0.05917545 0.01256795 -0.03937611
v 0.00290616 0.03159338 -0.03302569
v -0.01262999 -0.03637197 -0.03692071
v 0.06630254 0.01574043 -0.03985564
v -0.03674687 -0.03603582 -0.02712187
v 0.05311910 0.03247169 -0.03863835
v -0.04244030 -0.02734057 -0.04075072
v 0.05014855 0.03466996 -0.04151681
v 0.05473925 0.03067965 -0.03870404
v 0.03667502 0.03980543 -0.02556487
v 0.04570263 0.03670936 -0.03298943
v -0.00472898 -0.03919517 -0.03597376
v 0.05211394 0.03333953 -0.04034473
v 0.03295830 0.02437945 -0.04190386
v 0.07164100 0.01264339 -0.03907190
v -0.06666890 -0.01360394 -0.04024457
v -0.06544844 -0.01430908 -0.04198798
v 0.00657285 0.03248301 -0.03134670
v 0.04062314 0.03196774 -0.04358226
v -0.04433640 -0.02844305 -0.03975779
v 0.03669729 0.02888747 -0.04262320
v -0.08629389 -0.00051021 -0.02913093
v -0.00884999 -0.04058575 -0.03685272
v 0.08470618 0.00688710 -0.02378734
v 0.03634250 0.03062446 -0.04349831
v -0.08184744 -0.00314850 -0.03117377
v 0.00186424 0.03108685 -0.03512177
v 0.04108099 0.03942583 -0.02728865
v -0.07908106 -0.00519161 -0.03120619
v -0.03619303 -0.03678440 -0.02539706
v -0.05857308 -0.02336046 0.00133717
v -0.06127369 -0.02148857 0.00142999
v -0.05985152 -0.02285651 0.00325137
v -0.06460751 0.02510212 0.01181030
v 0.05628304 -0.02336633 0.01222082
v -0.06875503 0.02462276 0.01394622
v -0.06379151 0.02558351 0.01398231
v 0.05311203 -0.02357702 0.01399579
v -0.06114941 0.00330119 0.03610577
v -0.05700861 0.00493753 0.03603641
v -0.04458636 0.00984645 0.03594445
v -0.04044556 0.01148272 0.03592474
v -0.01560125 0.02130057 0.03590376
v -0.01146044 0.02293690 0.03591501
v -0.03216412 0.01639164 0.03566736
v -0.01970175 0.01474784 0.03655783
v -0.03630493 0.00834446 0.03656994
v -0.02386200 0.01311234 0.03655843
v 0.00987539 -0.02824368 0.04109037
v 0.08931615 -0.01207917 0.04136277
v 0.01035922 -0.02769928 0.04320129
v 0.00641870 -0.02849474 0.04318065
v 0.05893221 -0.00160773 0.04355763
v 0.06307301 0.00002860 0.04370940
v 0.02167414 -0.02464918 0.04499537
v 0.08740484 -0.00186355 0.04491211
v 0.06337671 -0.01093743 0.04554391
v 0.07018472 -0.00798247 0.04544154
v 0.07455410 -0.00357868 0.04528201
v 0.06013340 -0.00953993 0.04488293
v 0.06721364 -0.00651666 0.04484540
v 0.08484000 -0.00084895 0.04638149
v 0.07941668 -0.00364602 0.04669595
v 0.07930566 -0.00176421 0.04790394
v 0.08219224 -0.00386300 0.04814273
v 0.08586424 -0.00507718 0.04876174
v 0.09924762 -0.01207994 -0.03391454
v 0.02087193 -0.03202504 -0.03545098
v -0.09067776 0.01200154 -0.04125652
v 0.11406040 -0.02055374 -0.03240599
v -0.02782763 0.02668438 -0.02777100
v 0.11428279 -0.02102597 -0.03075729
v -0.07562102 0.01396292 -0.04706198
v -0.09070923 0.00235575 -0.02539834
v 0.02463337 -0.03035748 -0.03537974
v -0.00871475 0.03101105 -0.02388698
v 0.09079506 -0.02203806 -0.02497119
v 0.11621195 -0.01552641 -0.02379152
v 0.09485561 -0.02210848 -0.02678438
v -0.06323820 0.01810384 -0.03658151
v -0.02749688 0.02788851 -0.02239960
v 0.09486586 -0.02063799 -0.02201451
v 0.11487976 -0.01415455 -0.02544893
v 0.11156538 -0.02162130 -0.02918723
v -0.03040909 0.02703653 -0.02377830
v -0.07193223 0.01265701 -0.04779719
v -0.07989830 0.01447721 -0.03878542
v -0.09556898 0.01100280 -0.04182341
v -0.03079340 0.02652602 -0.02578633
v 0.01841456 -0.03364817 -0.03521177
v -0.02153439 0.02834768 -0.02496010
v -0.02102987 0.02824115 -0.02604099
v 0.09785356 -0.01289084 -0.03369871
v -0.09555166 0.00796031 -0.03871342
v -0.08772913 0.01274105 -0.04022760
v 0.08569542 -0.00663116 -0.03497921
v -0.09721424 0.01081754 -0.04034967
v -0.01892040 0.02849040 -0.02702479
v 0.07754161 -0.00939037 -0.03452613
v 0.10771997 -0.01855094 -0.03117531
v -0.09268753 0.00358398 -0.02398339
v 0.10384115 -0.02156646 -0.03265306
v 0.09374457 -0.01713794 -0.03315818
v -0.01691682 0.02801397 -0.03133526
v -0.01251933 0.03000958 -0.02539510
v 0.10382311 -0.02020851 -0.03157746
v 0.10117076 -0.02044951 -0.02510103
v -0.08829906 0.00044725 -0.02549543
v 0.11206937 -0.01245381 -0.02528659
v -0.08373894 0.01408426 -0.03686150
v -0.09761358 0.01224576 -0.03121941
v -0.09505421 0.01308084 -0.02925975
v -0.09730952 0.00945735 -0.04157857
v -0.01603294 0.02868125 -0.02913784
v -0.00805079 0.03155461 -0.02231864
v -0.09422160 0.00686684 -0.03700098
v -0.07441505 0.01501057 -0.04564080
v -0.00571875 0.02952016 -0.03518524
v 0.01453026 -0.03501814 -0.03518328
v 0.11600760 -0.01713521 -0.02239943
v -0.07174432 0.01555385 -0.04352126
v 0.10082587 -0.01403601 -0.03297160
v -0.02279198 0.02774670 -0.02727901
v -0.09721636 0.00861152 -0.03685476
v 0.08969374 -0.01559668 -0.03339278
v -0.01269081 0.02890207 -0.03121199
v 0.06519256 -0.02396619 -0.00422771
v -0.06404819 0.01573010 -0.04703102
v 0.08188395 -0.00771673 -0.03490039
v -0.05901025 0.02363799 -0.00285422
v 0.02511650 -0.03507954 -0.02925045
v 0.07409625 -0.01094322 -0.03475451
v 0.08960730 -0.02308180 -0.02737695
v -0.00818018 0.02941587 -0.03306263
v -0.00510817 0.03179282 -0.02371901
v 0.09502814 -0.02083701 -0.02297894
v 0.06270620 -0.02414069 -0.00251545
v -0.06079427 0.02349150 -0.00064886
v 0.05885372 -0.02441586 -0.00054119
v -0.06220441 -0.02311114 0.01569790
v 0.05679922 0.02337986 0.01564876
v -0.01737184 -0.03420654 0.03796878
v 0.02479000 0.02901551 0.03732818
v -0.06822311 -0.00815292 0.03814281
v 0.02166548 0.02784583 0.03726881
v -0.06483007 -0.00701663 0.03778092
v 0.01338404 0.02457323 0.03711004
v 0.01752485 0.02620950 0.03717411
v -0.07732620 -0.01134679 0.03782443
v -0.01212176 -0.03319543 0.03768299
v -0.00790724 -0.03231928 0.03799454
v 0.06957520 0.01095278 0.03772291
v 0.07951762 0.00263595 0.03772726
v -0.08732626 -0.00367662 0.03773665
v -0.08283668 -0.00199223 0.03802909
v 0.06842226 0.01161153 0.03938493
v -0.07185286 -0.01084347 0.04002877
v -0.07720847 -0.00943955 0.04011297
v -0.00490470 -0.03150859 0.03966680
v 0.07096395 0.00970457 0.03969674
v -0.01600306 -0.03372830 0.03975671
v -0.08974350 -0.00350687 0.03994277
v -0.08939525 -0.00242583 0.04060922
v 0.07231947 0.00889339 0.04168260
v 0.08201918 0.00095281 0.04112518
v -0.08368679 -0.00533237 0.04109259
v 0.07714882 0.00519418 0.04151402
v -0.07733593 -0.00800944 0.04123224
v 0.08383467 0.00045934 0.04351464
v 0.07907603 0.00412642 0.04292403
v 0.06222060 0.00940880 0.04370258
v -0.01125874 -0.03219549 0.04310327
v 0.08146021 0.00236560 0.04326502
v -0.03452444 -0.03566383 0.04411155
v -0.02630982 -0.03401576 0.04510269
v 0.06721364 0.00411936 0.04400662
v 0.05945811 0.01107782 0.04324233
v -0.00317901 -0.02451603 0.04409517
v -0.02802332 -0.02601049 0.04258911
v -0.02287524 -0.02744354 0.04343496
v 0.07403455 0.00667459 0.04466019
v -0.03056465 -0.03508674 0.04492576
v -0.00828979 -0.02592365 0.04440988
v -0.00421421 -0.02656138 0.04622802
v 0.06960189 0.00520424 0.04570942
v -0.01265863 -0.02711877 0.04501030
v -0.01767147 -0.02826785 0.04555134
v -0.01042295 -0.02963083 0.04655126
v 0.07146511 0.00391475 0.04608223
v -0.02678500 -0.03495226 0.04636946
v -0.02587354 -0.03103608 0.04764375
v -0.03843296 -0.03598859 0.04670294
v -0.02006839 -0.03203713 0.04678885
v -0.02328465 -0.03002070 0.04707558
v -0.03036366 -0.03229441 0.04793542
v -0.02041769 -0.03334681 0.04811739
v -0.00921397 -0.02892464 0.04842152
v 0.03648675 0.03830008 -0.04024491
v 0.06261021 0.00079528 -0.03680605
v -0.00228647 0.02960504 -0.04037851
v -0.03357215 -0.03750889 -0.03651437
v 0.06962098 0.01850670 -0.03313361
v -0.08117533 -0.00270023 -0.04381592
v 0.01816266 0.03385549 -0.04021685
v 0.07246531 0.01678242 -0.03359488
v -0.05141806 -0.02458205 -0.03104197
v 0.04304338 0.03718460 -0.04543989
v -0.04792337 -0.02701727 -0.03499585
v -0.04044839 -0.03287031 -0.03066916
v -0.03699365 -0.03473920 -0.03481550
v 0.07494089 0.01563460 -0.03501155
v -0.02681823 -0.03354248 -0.03902080
v 0.05654254 0.02748907 -0.02920933
v -0.02983121 -0.04057499 -0.03117232
v 0.05958663 0.00230622 -0.03712571
v -0.00816516 -0.04151834 -0.02688812
v -0.07691167 -0.00522347 -0.03894512
v -0.03346979 -0.03636016 -0.03808605
v 0.02569916 0.03612766 -0.03299489
v -0.04644800 -0.02902412 -0.02416040
v -0.01856508 -0.04292449 -0.02338937
v -0.07018286 -0.01330733 -0.02281983
v -0.07754965 -0.00435514 -0.03685408
v 0.04977732 0.03243425 -0.02349985
v -0.04774907 -0.02769202 -0.02298508
v -0.02850432 -0.04213483 -0.02737652
v 0.04892296 0.03359653 -0.02540773
v 0.06718324 0.02017161 -0.03306715
v -0.00499804 -0.04214524 -0.03124902
v -0.00472209 -0.02420685 -0.03790365
v -0.02920241 -0.04179847 -0.02498988
v 0.08103029 0.01084716 -0.03637370
v 0.02899586 0.03655833 -0.03881127
v 0.06432353 0.02212265 -0.03301724
v -0.06823319 -0.00788034 -0.04482617
v 0.01774140 0.02470352 -0.04359693
v -0.06432856 -0.00779714 -0.04449397
v 0.07477454 0.01415852 -0.02928816
v 0.06354889 0.02305538 -0.03487522
v 0.02472972 0.03521973 -0.03866053
v 0.01470403 0.02588431 -0.04395950
v -0.01388899 -0.04459967 -0.03165893
v 0.04724022 0.03681534 -0.04319648
v 0.04457090 0.03776714 -0.04337836
v 0.03393799 0.03740458 -0.03839692
v 0.09036037 0.00276274 -0.02255810
v 0.05454957 0.02914566 -0.03123477
v -0.03186997 -0.03067938 -0.03953334
v 0.08975845 0.00395275 -0.02720598
v -0.07047807 -0.01034797 -0.04309556
v 0.08045719 0.01235495 -0.03508517
v -0.01703703 -0.04468524 -0.02977988
v -0.03041439 -0.03521982 -0.03915925
v -0.02046843 -0.04329201 -0.02260212
v -0.02298749 -0.04423319 -0.02350650
v 0.02456620 0.02738701 -0.04376584
v -0.06061449 -0.02019572 -0.01293876
v -0.06436073 -0.01569567 -0.02724523
v -0.01270778 -0.02725813 -0.03835674
v -0.01964766 -0.03035560 -0.03830444
v 0.07009085 0.00559286 -0.03778789
v 0.07172161 0.01597040 -0.02272216
v 0.05042609 0.03210704 -0.02546309
v -0.03141495 -0.03923806 -0.02921931
v 0.04026075 0.03924091 -0.03689912
v -0.00971442 -0.04325771 -0.03112557
v -0.06264547 -0.01904923 -0.01111516
v -0.02337428 -0.03203922 -0.03864918
v 0.01819801 0.03436475 -0.04202577
v 0.01472436 0.03358829 -0.04181497
v 0.08776264 0.00517916 -0.02552460
v 0.07819975 0.00793600 -0.03819712
v 0.06553427 0.02120410 -0.03133416
v -0.05892363 -0.02220111 -0.00904272
v 0.05969110 0.02449709 -0.00932544
v -0.04291000 -0.03051676 -0.03498954
v 0.07625575 0.01351374 -0.03163223
v 0.05829705 0.02555577 -0.00771000
v 0.02116750 0.02914531 -0.04408653
v -0.05242710 -0.02413133 -0.02906703
v 0.03168816 0.03698656 -0.03685920
v -0.05705970 -0.02324799 -0.00733830
v 0.06634797 0.00403267 -0.03793761
v -0.02366790 -0.04466184 -0.02563593
v -0.06021515 -0.02141270 -0.00727901
v 0.00295247 0.03056131 -0.04390976
v 0.09303252 0.00081456 -0.02241939
v -0.06858427 -0.01404781 -0.02361996
v -0.01098227 -0.04399799 -0.03297075
v -0.00871741 -0.02567608 -0.03809014
v 0.06998973 0.01737984 -0.02401887
v -0.06362128 -0.01667793 -0.02552912
v 0.09182408 0.00191460 -0.02372131
v -0.04123716 -0.03195043 -0.03296503
v -0.03927494 -0.03342533 -0.03317123
v -0.00847911 -0.04249732 -0.02931315
v 0.01364302 0.03263264 -0.03690970
v -0.02018240 -0.04452729 -0.02803008
v -0.02545670 -0.04455894 -0.02400531
v -0.02686808 -0.04380665 -0.02552111
v 0.04756443 0.03497656 -0.02721349
v -0.01676461 -0.02887072 -0.03840886
v -0.00465456 -0.04067984 -0.02548126
v -0.03277294 -0.03839000 -0.03497153
v -0.08391978 -0.00078642 -0.04364897
v 0.02219775 0.03460415 -0.03660847
v 0.02057318 0.03393227 -0.03872272
v 0.07754020 0.01250731 -0.02929711
v 0.03956266 0.03867046 -0.04223990
v -0.05007102 -0.02588398 -0.02930812
v -0.08022781 -0.00100417 -0.04611248
v 0.05248659 0.03054748 -0.02736492
v 0.07411675 0.00681549 -0.03807854
v -0.06497945 0.02657583 0.02326911
v 0.05188608 -0.02257799 0.02338701
v 0.05596378 -0.02165860 0.02350030
v -0.06835057 0.02612350 0.02531375
v 0.05278958 -0.02196010 0.02544913
v -0.07188203 0.02572937 0.02697389
v 0.04438282 -0.02337939 0.02638695
v -0.07544884 0.02492706 0.02681598
v -0.07474086 0.02565721 0.02877564
v 0.04732773 -0.02259245 0.02821183
v 0.05713916 -0.02058797 0.02821353
v -0.06406834 0.02767656 0.02847006
v -0.08298517 0.02416045 0.03007074
v 0.04145911 -0.02336374 0.03218797
v -0.07984403 0.02427418 0.03197103
v -0.06114411 0.01311779 0.03456063
v -0.03962267 0.02130057 0.03456080
v -0.03606186 0.02281123 0.03455414
v -0.05679383 0.01471263 0.03455338
v -0.04872717 0.01770286 0.03456080
v -0.05248314 0.01632199 0.03455363
v -0.04240353 0.01966431 0.03462794
v -0.04458636 0.01884279 0.03462196
v -0.04044556 0.01802797 0.03495399
v 0.02763592 -0.02533176 0.03730993
v 0.03281458 -0.02426029 0.03773486
v 0.06693504 -0.01742875 0.03780720
v -0.09543128 0.00238600 0.03787664
v -0.10082189 0.00590875 0.03767292
v -0.09454120 0.00075441 0.03910998
v 0.02900151 -0.02460950 0.03976584
v 0.09071003 -0.00531707 0.04117935
v 0.06934927 -0.01656008 0.03940532
v 0.08862566 -0.00376597 0.04309406
v 0.06269754 -0.01722470 0.04327082
v 0.09144719 -0.00563395 0.04346311
v 0.07463665 -0.01460297 0.04505500
v 0.09262929 -0.00655522 0.04507053
v 0.07765564 -0.01356894 0.04613930
v 0.09437053 -0.00790814 0.04638021
v 0.09107720 -0.00643248 0.04704248
v 0.09566313 -0.00956012 0.04647423
v 0.07486946 -0.01319486 0.04742433
v 0.08987918 -0.01059380 0.04796511
v 0.09333180 -0.00941727 0.04833749
v 0.08875913 -0.00887797 0.04940617
v 0.01903505 0.03438228 -0.04096041
v 0.03822852 0.03910805 -0.03612843
v 0.06462864 0.02224259 -0.03519727
v 0.02626148 0.03586367 -0.03481730
v 0.06846893 0.01908002 -0.03258284
v -0.07987214 -0.00220774 -0.04539374
v 0.01515534 0.03326562 -0.04045205
v -0.07756927 -0.00435738 -0.03819661
v -0.03740023 -0.03486089 -0.03293458
v -0.03605691 -0.03547305 -0.03496642
v 0.08025460 0.01199868 -0.03360273
v -0.05154251 -0.02460664 -0.02975890
v 0.07778875 0.00668947 -0.03825931
v -0.04053625 -0.03296287 -0.02922631
v -0.02981848 -0.04061215 -0.02924431
v -0.02892647 -0.04153587 -0.03123724
v 0.01725084 0.03402650 -0.04172522
v -0.06827774 -0.00784066 -0.04470733
v -0.03441943 -0.03655059 -0.03704176
v 0.07290761 0.01709447 -0.03518873
v 0.05650295 0.02765980 -0.03109938
v -0.01991317 -0.04339295 -0.02393203
v -0.02292474 -0.03033017 -0.03874993
v 0.04911352 0.03364767 -0.02724565
v -0.03269763 -0.03831441 -0.03294797
v 0.04944604 0.03248210 -0.02201544
v -0.02663898 -0.04359072 -0.02739563
v 0.07411834 0.00831044 -0.03845698
v 0.04757433 0.03484984 -0.02544185
v -0.06995428 -0.01279213 -0.02440883
v 0.09068900 0.00276979 -0.02400215
v 0.02043476 0.03400946 -0.03710899
v -0.02863903 -0.04230255 -0.02555199
v -0.04097412 -0.03184083 -0.03498143
v -0.05247660 -0.02396577 -0.03116097
v 0.03668032 0.03819606 -0.04173042
v -0.03859577 -0.03357796 -0.03489604
v -0.08228690 -0.00205314 -0.04363865
v 0.02472247 0.03524216 -0.03700482
v 0.07185472 0.01597278 -0.02406400
v 0.06331414 0.02299418 -0.03302833
v -0.06834880 -0.00647398 -0.04514659
v -0.00474365 -0.04091533 -0.02744588
v -0.00520928 -0.04174118 -0.02935530
v -0.07155694 -0.00927273 -0.04357432
v 0.06570892 0.02095687 -0.02924644
v 0.01367731 0.03250809 -0.03882151
v 0.01769879 0.02597533 -0.04390046
v -0.04968777 -0.02574950 -0.03113368
v 0.04041861 0.03909659 -0.03867682
v -0.00793659 -0.04129780 -0.02562296
v -0.01646109 -0.04490012 -0.03106790
v -0.01966145 -0.03196070 -0.03816121
v 0.09144117 0.00198879 -0.02237963
v 0.05057016 0.03214371 -0.02726749
v -0.01885323 -0.04280636 -0.02227786
v 0.06241611 0.00245683 -0.03693752
v -0.02344286 -0.04415593 -0.02232888
v 0.01479489 0.02431749 -0.04362227
v 0.09377622 0.00057062 -0.02373095
v -0.06926751 -0.01399039 -0.02235251
v 0.07024376 0.01880423 -0.03506393
v -0.04318630 -0.03049748 -0.03315528
v 0.06767962 0.02027164 -0.03494697
v -0.02700332 -0.03502994 -0.03899307
v 0.06673157 0.00542003 -0.03821444
v 0.06994342 0.01720764 -0.02245479
v 0.05233704 0.03050599 -0.02538452
v -0.03146851 -0.03924184 -0.03129107
v 0.06988226 0.00403833 -0.03779190
v 0.05433938 0.02902732 -0.02927391
v 0.08953341 0.00392697 -0.02550583
v -0.06119979 -0.02014689 -0.01112250
v 0.06011448 0.00078969 -0.03707103
v -0.07602584 -0.00542221 -0.03687549
v 0.08788408 0.00521039 -0.02728711
v 0.02896881 0.03640039 -0.03702777
v 0.03171750 0.03710538 -0.03875855
v 0.08169214 0.00948075 -0.03664362
v -0.05795295 -0.02289256 -0.00905696
v 0.05820654 0.02559433 -0.00898616
v -0.06012482 -0.02133314 -0.00911805
v -0.04789243 -0.02683683 -0.03350914
v 0.02087918 0.02736123 -0.04399686
v 0.02462242 0.02897423 -0.04402289
v -0.00481171 -0.02571122 -0.03798922
v 0.03366805 0.03740011 -0.03682815
v 0.05963595 0.02451190 -0.00746993
v -0.05885238 -0.02214907 -0.00740177
v 0.06519115 0.00358984 -0.03748017
v 0.00398891 0.03139631 -0.04308276
v -0.04654416 -0.02891200 -0.02241333
v 0.07601268 0.01335579 -0.02875974
v 0.04329228 0.03733263 -0.04611734
v -0.06410882 -0.00662969 -0.04456546
v -0.06538480 -0.01548400 -0.02542069
v -0.01228988 -0.04388244 -0.03510727
v -0.00880438 -0.02422711 -0.03814133
v 0.07493452 0.01421930 -0.03113530
v -0.03103611 -0.03205431 -0.03964629
v -0.06296119 -0.01673123 -0.02727142
v -0.00802161 -0.04281286 -0.03111977
v -0.02335978 -0.04473288 -0.02728166
v 0.04823972 0.03752502 -0.04311885
v -0.00047044 0.03029572 -0.04346632
v -0.01284283 -0.02885975 -0.03850271
v -0.01639886 -0.02737438 -0.03850467
v -0.06224224 -0.01879076 -0.01321295
v 0.07361966 0.01557061 -0.03304591
v 0.04431953 0.03669588 -0.04374733
v -0.07062108 -0.01200023 -0.02545251
v 0.02207383 0.03436901 -0.03871009
v 0.07792681 0.01255607 -0.03116405
v -0.08288564 -0.00056260 -0.04537045
v -0.06820880 0.02589570 0.02345936
v 0.05328102 -0.02218714 0.02392532
v -0.06527113 0.02669214 0.02488592
v 0.05095942 -0.02241285 0.02502164
v -0.07408908 0.02505762 0.02606806
v 0.05569490 -0.02135402 0.02526367
v 0.04808627 -0.02256835 0.02671386
v -0.06463668 0.02708963 0.02682579
v 0.04407699 -0.02323122 0.02821703
v 0.04936419 -0.02213754 0.02815253
v -0.06709051 0.02696703 0.02824151
v -0.07628216 0.02507809 0.02809922
v -0.07179753 0.02616681 0.02841410
v -0.07951682 0.02480188 0.03014257
v 0.04175857 -0.02345658 0.03023599
v -0.08262543 0.02403352 0.03158500
v -0.06114941 0.01475538 0.03433421
v -0.04458636 0.01966431 0.03451558
v -0.03630493 0.02130057 0.03472946
v -0.05700861 0.01311905 0.03476520
v -0.04872717 0.01639164 0.03473534
v 0.07023068 -0.01671405 0.03789268
v 0.02899922 -0.02499281 0.03781454
v -0.09506552 0.00086416 0.03781189
v -0.09531460 0.00231216 0.03913250
v 0.03224324 -0.02403849 0.03937674
v 0.07066201 -0.01618984 0.03981839
v 0.06634143 -0.01716455 0.03962661
v 0.08822526 -0.00365294 0.04118413
v 0.06280431 -0.01744985 0.04135142
v 0.06116807 -0.01759446 0.04216366
v 0.09051522 -0.00505399 0.04292608
v 0.05895572 -0.01784950 0.04448086
v 0.09444036 -0.00783053 0.04490878
v 0.07765776 -0.01403496 0.04491987
v 0.09628715 -0.00966037 0.04495433
v 0.09279528 -0.00693839 0.04639873
v 0.07411516 -0.01398948 0.04642696
v 0.07832703 -0.01291648 0.04695401
v 0.08089029 -0.01196027 0.04767181
v 0.09271556 -0.01034818 0.04773469
v 0.08983410 -0.00961762 0.04888834
v 0.01778365 -0.02921455 -0.03570631
v 0.05919666 -0.01394938 -0.03576996
v 0.07411428 -0.00380900 -0.03562450
v -0.07078195 0.01658033 -0.03645304
v 0.10913860 -0.01353059 -0.03206100
v 0.09488177 -0.02064623 -0.03190121
v -0.08824196 0.00195400 -0.03325637
v -0.06711420 0.01658403 -0.04173443
v -0.00456582 0.03040665 -0.03119681
v 0.09283612 -0.00108073 -0.03576748
v -0.01858735 0.02711994 -0.03454251
v 0.09744591 -0.02281858 -0.02935692
v -0.08217182 0.01347294 -0.04558475
v -0.09368030 0.00670631 -0.04553066
v 0.10308172 -0.01935031 -0.02276089
v 0.01192193 -0.03239647 -0.03564489
v -0.07974610 0.01397990 -0.04358200
v 0.02388331 -0.03438754 -0.02390626
v 0.06593714 -0.00662333 -0.03562459
v 0.02193011 -0.03465900 -0.02253865
v -0.09856817 0.01320665 -0.02244720
v 0.10755946 -0.01843365 -0.02234167
v 0.02629348 -0.03368540 -0.02192595
v 0.10817022 -0.01563000 -0.03250060
v -0.10058908 0.01211876 -0.02713398
v 0.10058122 -0.02297094 -0.03115756
v 0.11244785 -0.01561785 -0.03151143
v -0.06402433 0.01734952 -0.04023374
v -0.02797081 0.02515347 -0.03494552
v 0.10461242 -0.01676881 -0.03221712
v -0.07562350 0.01552583 -0.03694391
v -0.06951234 0.01633115 -0.03992235
v -0.09411323 0.01060398 -0.04703161
v -0.03070731 0.02501927 -0.03316116
v -0.09189204 0.00387856 -0.02930351
v -0.09538372 0.01389663 -0.02244259
v 0.11133328 -0.01996582 -0.02567910
v 0.07039084 -0.00787517 -0.03504226
v -0.02664163 0.02582766 -0.03301187
v -0.02416022 0.02665490 -0.03137630
v -0.09567081 0.00815815 -0.04375032
v -0.08612825 0.00106374 -0.03507715
v -0.02156904 0.02692993 -0.03251613
v -0.07244948 0.01592367 -0.03865857
v 0.11549583 -0.01701660 -0.03077537
v -0.01676090 0.02949676 -0.02374571
v 0.00304104 -0.03624266 -0.03656786
v 0.11596517 -0.01544314 -0.02937799
v -0.07658940 0.01473624 -0.04192536
v 0.10684740 -0.01946872 -0.02410342
v -0.08392862 0.01311996 -0.04353696
v -0.00071916 -0.03790449 -0.03605848
v 0.09767749 -0.02171239 -0.03179065
v 0.11538039 -0.02020599 -0.02726715
v 0.10753347 -0.02086908 -0.02641908
v 0.09695483 -0.01964742 -0.03219093
v 0.06054529 -0.00934629 -0.03561418
v 0.10375806 -0.02162248 -0.02736791
v 0.08955268 -0.00230337 -0.03599040
v -0.00871900 0.02999365 -0.02913912
v 0.06235724 -0.01089768 -0.03546719
v 0.11574296 -0.01910470 -0.02536302
v 0.07803128 -0.00533559 -0.03507587
v 0.10004576 -0.01841472 -0.03216841
v 0.08571221 -0.00276750 -0.03568490
v -0.06301882 0.02403561 0.00571317
v -0.06238791 -0.02202612 0.00866730
v 0.05680700 0.02340837 0.01046701
v -0.06184697 -0.02286419 0.01056835
v 0.02580628 0.03275475 0.03676078
v 0.07245453 0.00823785 0.03730054
v -0.07275159 -0.00529633 0.03759964
v -0.08092749 -0.00818135 0.03813590
v 0.03430427 0.03679564 0.03794788
v -0.08300108 -0.00680077 0.03773255
v -0.03457411 -0.03774773 0.03777273
v -0.02563259 -0.03556805 0.03816388
v -0.07670219 -0.00386097 0.03762157
v 0.07408405 0.00690184 0.03956212
v -0.07688427 -0.00545176 0.03896947
v -0.03830055 -0.03822423 0.03959684
v 0.02766120 0.04030882 0.04042316
v 0.02829989 0.03655170 0.03976780
v -0.08031761 -0.00658722 0.03963071
v 0.03215025 0.03822261 0.03991752
v -0.04160468 -0.03773090 0.04097810
v -0.02056566 -0.03427535 0.04117159
v -0.04439580 -0.03590567 0.04122516
v -0.02320917 -0.03457105 0.04296038
v -0.07889280 -0.00943892 0.04271767
v -0.01994977 -0.03382596 0.04317527
v -0.04154068 -0.03617015 0.04324301
v -0.01757867 -0.03270070 0.04432901
v -0.01664176 -0.02593218 0.04341986
v 0.06516763 0.00108051 0.04380478
v 0.05893221 0.00330119 0.04295150
v -0.01272563 -0.02433420 0.04316009
v 0.06398500 0.00537804 0.04344545
v 0.06955009 0.00952874 0.04461105
v 0.06628751 0.01110444 0.04504468
v -0.02645902 -0.02945584 0.04432073
v -0.00833592 -0.03049412 0.04480189
v 0.07533739 0.00068707 0.04657865
v 0.07820735 0.00271209 0.04707524
v -0.01881363 -0.02930900 0.04783578
v -0.01338412 -0.03146032 0.04835413
v -0.01607554 -0.03048441 0.04906442
v -0.06396334 0.01256620 -0.04758212
v -0.07853642 0.01498947 -0.03685016
v -0.06682534 0.01660205 -0.04356545
v -0.09797120 0.01105309 -0.03684555
v -0.00333528 0.03134511 -0.02700568
v -0.09347189 0.00717190 -0.03998881
v 0.01465913 -0.03200339 -0.03558406
v -0.02354275 0.02816312 -0.02420587
v 0.11322478 -0.01335113 -0.02396820
v -0.01512042 0.02979421 -0.02380074
v 0.11060337 -0.02107802 -0.03257645
v 0.09689190 -0.02244813 -0.02800296
v 0.09840740 -0.02047229 -0.02376832
v -0.08336488 0.01360567 -0.04022427
v 0.11429835 -0.01415630 -0.02266150
v 0.08949734 -0.02165797 -0.02226856
v -0.08889780 0.00042944 -0.02245027
v -0.00845772 0.03033546 -0.02743777
v 0.10835318 -0.02222724 -0.03075754
v -0.07988133 0.01412303 -0.04175465
v 0.09381564 -0.01260037 -0.03422968
v 0.07037157 -0.00388417 -0.03567125
v -0.00628161 0.03112366 -0.02547043
v 0.02073228 -0.03487689 -0.03480518
v 0.10030032 -0.01978720 -0.02250069
v -0.01263459 0.03055817 -0.02227598
v 0.07400114 -0.00779945 -0.03469607
v -0.09196929 0.00353116 -0.02739921
v -0.08443314 0.01319959 -0.04185566
v 0.09709130 -0.01561806 -0.03285311
v 0.08565547 -0.00934056 -0.03463891
v -0.02288585 0.02872079 -0.02247996
v -0.09804014 0.00950681 -0.03869133
v 0.10347257 -0.02212748 -0.02875343
v 0.02493831 -0.03345760 -0.03498007
v 0.11162566 -0.01237676 -0.02245283
v 0.02761276 -0.03565859 -0.03250914
v 0.10366331 -0.02277415 -0.03107763
v -0.06809849 0.01423907 -0.04750287
v -0.01157818 0.02839134 -0.03492871
v -0.09146831 0.00246144 -0.02230209
v -0.01950571 0.02893350 -0.02398424
v 0.08966405 -0.01359311 -0.03403184
v 0.08207663 -0.01090515 -0.03467602
v 0.11181358 -0.02007494 -0.03146767
v -0.01640257 0.02741041 -0.03506120
v 0.09743530 -0.02129206 -0.02586857
v -0.09528084 0.01243144 -0.03298713
v -0.07633043 0.01465842 -0.04356844
v 0.11661818 -0.01547227 -0.02730767
v 0.11682730 -0.02042017 -0.02944299
v 0.09385594 -0.01398438 -0.03348210
v -0.01014947 0.02964479 -0.02981213
v -0.06847767 0.01615490 -0.04581594
v -0.07167025 0.01512101 -0.04672432
v -0.05760187 0.02367592 -0.00612280
v 0.05836847 -0.02550940 -0.00589306
v 0.01835234 -0.03026038 -0.03558714
v -0.08626631 0.01343480 -0.03813962
v -0.02653574 0.02735452 -0.02546685
v -0.08872138 0.01318555 -0.03688479
v 0.06316918 -0.02457527 -0.00575963
v -0.08959642 0.00120115 -0.02382402
v 0.09336274 -0.02135961 -0.02389159
v -0.09509805 0.00802556 -0.04178221
v 0.10051351 -0.02172385 -0.02722467
v -0.06113262 0.02304993 -0.00428692
v -0.06452513 0.01690719 -0.04567091
v 0.11565333 -0.01873830 -0.03084473
v 0.07765015 -0.00637233 -0.03488733
v 0.10076983 -0.01688813 -0.03219332
v 0.05921169 -0.02507894 -0.00415196
v -0.09137956 0.01232212 -0.03871120
v -0.09520518 0.01156305 -0.03872391
v -0.06244837 -0.02333203 0.01953149
v 0.05673682 0.02327655 0.01966458
v 0.05715737 0.02231664 0.02196386
v -0.08963690 -0.00143805 0.03681444
v 0.01545445 0.02754831 0.03685121
v 0.01887047 0.02895034 0.03684362
v 0.07653877 0.00514745 0.03778101
v -0.06434906 -0.00938017 0.03831719
v 0.02580628 0.02620950 0.03783979
v 0.02166548 0.02457323 0.03770287
v 0.07208948 0.00844177 0.03797714
v 0.08191488 0.00085871 0.03773708
v -0.08427599 -0.00540083 0.03779364
v -0.07927923 -0.00345915 0.03817267
v -0.08784704 -0.00070238 0.03770602
v -0.06852151 -0.00947553 0.03866414
v -0.06446397 -0.01109153 0.03875466
v -0.07223187 -0.00677813 0.03818487
v -0.09069014 -0.00051321 0.03968275
v -0.08032840 -0.00532483 0.03957901
v -0.07276503 -0.00814223 0.03928955
v -0.07572090 -0.00663039 0.03944550
v -0.08407641 -0.00381228 0.03942793
v 0.08023887 0.00185348 0.03983025
v 0.07969899 0.00297217 0.04107271
v 0.07787201 0.00400717 0.03964999
v 0.07544275 0.00593718 0.03963301
v -0.07518545 -0.01055328 0.04039995
v -0.07283149 -0.00997088 0.04048441
v -0.08643107 -0.00228653 0.03967541
v -0.08724495 -0.00384092 0.04103833
v 0.06962416 0.01106979 0.04126449
v -0.01285415 -0.03286919 0.04093451
v -0.00840345 -0.03177614 0.04138759
v -0.00412105 -0.03085682 0.04145047
v -0.07766084 -0.00924367 0.04282490
v -0.01627070 -0.03329651 0.04305191
v 0.07065477 0.00948753 0.04287959
v 0.06762801 0.01122885 0.04350977
v 0.06721364 0.00084677 0.04401473
v 0.06361412 0.00696653 0.04346362
v -0.03587359 -0.03608667 0.04771686
v 0.06001143 0.00822430 0.04273430
v -0.01974188 -0.02615230 0.04319131
v -0.02314217 -0.02466651 0.04252981
v -0.02697821 -0.02858905 0.04356190
v -0.03216412 -0.02778863 0.04291806
v -0.04134128 -0.03587766 0.04495630
v -0.02071044 -0.03327625 0.04474353
v -0.02402358 -0.03418824 0.04512120
v 0.07049867 0.00219850 0.04466104
v -0.02160210 -0.03391747 0.04593225
v -0.02768196 -0.03020848 0.04521138
v -0.00529661 -0.02869286 0.04621258
v -0.00825797 -0.02732499 0.04653010
v -0.03129668 -0.03098871 0.04613896
v -0.03069458 -0.03498768 0.04818299
v -0.02649668 -0.03363678 0.04832469
v -0.02389913 -0.03201456 0.04858438
v -0.01981312 -0.03042531 0.04849813
v -0.01576211 -0.02906645 0.04841998
v -0.07046605 0.01646171 -0.03787687
v 0.05918835 -0.01275182 -0.03577047
v -0.08953331 0.00277461 -0.03283639
v 0.10913860 -0.01243062 -0.03206919
v 0.10092080 -0.02125245 -0.03190685
v -0.07213747 0.01622671 -0.03700320
v 0.08977983 -0.00063001 -0.03623063
v 0.10045712 -0.02252727 -0.02935760
v -0.07733505 0.01477662 -0.03987569
v -0.03347032 0.02394571 -0.03648017
v -0.09509770 0.00962005 -0.04728575
v 0.06336540 -0.00928985 -0.03538631
v -0.08217500 0.01345387 -0.04359497
v 0.02128382 -0.03489295 -0.02400633
v 0.02424376 -0.03418726 -0.02255819
v 0.07039950 -0.00681474 -0.03513405
v 0.07392371 -0.00541739 -0.03525033
v 0.10762893 -0.01694583 -0.03231787
v -0.06877148 0.01623390 -0.04183988
v 0.09262028 -0.00235723 -0.03589911
v -0.06443869 0.01708434 -0.04172113
v -0.03071367 0.02465161 -0.03509285
v -0.02567573 0.02692141 -0.02874447
v -0.08808021 0.00232564 -0.03493426
v 0.10378829 -0.02093761 -0.02638675
v -0.09502469 0.01382838 -0.02374733
v -0.09859433 0.01306232 -0.02386915
v 0.01979890 -0.03541569 -0.02551906
v 0.08093554 -0.00273131 -0.03563534
v -0.02956074 0.02536031 -0.03253106
v 0.11730089 -0.01656190 -0.02993532
v 0.10375700 -0.01979090 -0.02408081
v -0.06756038 0.01668001 -0.04019927
v -0.01923294 0.02726252 -0.03305282
v 0.08930254 -0.02168403 -0.03230866
v -0.08685144 0.00083147 -0.03304386
v -0.07591429 0.01518395 -0.03876256
v -0.08677260 0.01218757 -0.04699783
v 0.11515412 -0.01567066 -0.03067334
v 0.10365323 -0.01548121 -0.03263659
v -0.01771673 0.02951821 -0.02246776
v -0.00130960 -0.03647976 -0.03647249
v -0.10120691 0.01223186 -0.02541003
v 0.02852970 -0.02417024 -0.03586883
v -0.07963402 0.01398562 -0.04547350
v -0.09561724 0.00813440 -0.04550038
v 0.10417773 -0.01901318 -0.02231889
v 0.10803763 -0.01894374 -0.02347536
v 0.09702766 -0.01866676 -0.03261620
v 0.06643353 -0.00765226 -0.03537036
v 0.00592939 -0.03861221 -0.03576117
v 0.07773855 -0.00381976 -0.03546489
v 0.02638099 -0.03384000 -0.02363361
v 0.09488142 -0.02256046 -0.03273615
v 0.11235557 -0.02058043 -0.02680980
v -0.08396981 0.01305792 -0.04549167
v -0.02570878 0.02558455 -0.03492555
v -0.09161415 0.00402435 -0.03116507
v 0.09776747 -0.02319015 -0.03118802
v -0.00758180 0.02986575 -0.03103335
v -0.00511753 0.03062349 -0.02926120
v 0.05915141 -0.01083376 -0.03558551
v -0.09390623 0.00696708 -0.04359377
v 0.11521811 -0.01952048 -0.02607144
v 0.00280663 -0.03780767 -0.03613969
v 0.11188499 -0.01704901 -0.03137400
v 0.10738533 -0.02158190 -0.02750099
v -0.06409840 0.02418210 0.00720286
v 0.05712644 -0.02359902 0.00718213
v 0.05658727 0.02369122 0.00901605
v -0.06107605 -0.02309067 0.00892391
v -0.06273863 -0.02216667 0.01049482
v 0.02709605 0.03561827 0.03678970
v 0.02781764 0.03645641 0.03772078
v -0.07266055 -0.00370219 0.03702405
v -0.08228001 -0.00786434 0.03737596
v -0.07564188 -0.00488033 0.03786538
v -0.06148723 0.00002860 0.03656619
v 0.00074507 0.02302681 0.03656559
v 0.07411852 0.00687236 0.03773742
v -0.04195134 -0.03885189 0.03749914
v -0.03756534 -0.03851246 0.03773400
v 0.03282784 0.03777420 0.03762233
v -0.08190860 -0.00642983 0.03884355
v 0.03305057 0.03683741 0.03948884
v 0.02760198 0.03823560 0.04029280
v 0.02837219 0.03926669 0.04047972
v 0.07327777 0.00779461 0.04018258
v -0.07896545 -0.00799281 0.03954608
v -0.03440989 -0.03762262 0.03973999
v -0.02291060 -0.03481849 0.04102417
v -0.01865453 -0.03387618 0.04115086
v 0.03604392 0.03631754 0.04088767
v -0.04271925 -0.03669604 0.04166630
v -0.02108025 -0.03420619 0.04268260
v -0.07892479 -0.00900588 0.04197094
v 0.08012873 0.00329169 0.04479958
v 0.06426042 0.00790778 0.04410260
v -0.01303234 -0.02561803 0.04364260
v 0.06587403 0.00219431 0.04379446
v -0.01560125 -0.02451603 0.04298853
v 0.06343381 0.00379208 0.04340544
v 0.05958062 0.00540501 0.04281202
v -0.00487959 -0.02998026 0.04455303
v 0.06651414 0.00965120 0.04543711
v -0.00972945 -0.02993436 0.04590316
v 0.07370822 0.00111215 0.04554716
v 0.07629623 0.00043768 0.04716942
v 0.07398152 0.00233304 0.04660646
v 0.08073950 0.00071837 0.04780447
v -0.01656521 -0.03198397 0.04852219
v -0.01609622 -0.03084781 0.04942588
v -0.01228758 -0.03053115 0.04858063
v 0.01778524 -0.03195022 -0.03552640
v -0.08664674 0.01354196 -0.03696379
v 0.07014176 -0.00532553 -0.03554755
v 0.10059642 -0.01569001 -0.03235438
v -0.08465393 0.01330592 -0.04059810
v 0.11711103 -0.01892942 -0.03009639
v -0.02635579 0.02709808 -0.02716606
v 0.08984277 -0.01240107 -0.03446530
v -0.09401883 0.01233686 -0.03507920
v -0.02959026 0.02693419 -0.02499389
v -0.06408920 0.01426079 -0.04748316
v 0.11478554 -0.01423433 -0.02403525
v -0.02156904 0.02854000 -0.02397562
v 0.07797242 -0.00804422 -0.03470596
v 0.08908864 -0.02198106 -0.02362952
v -0.01214475 0.03034455 -0.02387658
v -0.08257681 0.01356152 -0.04175184
v 0.09716943 -0.02027222 -0.02219929
v 0.09264326 -0.01331871 -0.03410589
v -0.06822718 0.01260839 -0.04778703
v 0.06517453 -0.02381020 -0.00289542
v 0.09793382 -0.02202423 -0.02730247
v 0.10379907 -0.02230604 -0.02977076
v -0.08048166 0.01417466 -0.04017590
v 0.02160679 -0.03360416 -0.03509865
v 0.11138631 -0.01864301 -0.03101126
v -0.01622881 0.02783570 -0.03298252
v -0.02501282 0.02825121 -0.02283289
v -0.09817219 0.01070646 -0.03862316
v -0.09595047 0.01167175 -0.03705149
v -0.07617981 0.01464920 -0.04542402
v 0.11322549 -0.01353317 -0.02233979
v 0.10100460 -0.02002227 -0.02379835
v 0.10705759 -0.02246440 -0.03132503
v -0.06567188 0.01639213 -0.04639793
v -0.08988015 0.00112494 -0.02215979
v -0.09121958 0.00252802 -0.02376303
v -0.00512089 0.03095775 -0.02736688
v -0.00872731 0.03062041 -0.02568439
v -0.09162210 0.01255425 -0.03697898
v 0.11554462 -0.02004330 -0.03135924
v 0.08198630 -0.00930780 -0.03466160
v 0.02483896 -0.03511091 -0.03438162
v -0.01335760 0.02800364 -0.03500557
v -0.01603365 0.02989732 -0.02221533
v 0.10011682 -0.02089388 -0.02586371
v 0.11166650 -0.01235657 -0.02389807
v -0.09674172 0.00896996 -0.04223000
v 0.11676561 -0.01552089 -0.02538683
v -0.00447000 0.03146659 -0.02547836
v -0.03256664 0.02662158 -0.02353917
v -0.06744936 0.01650600 -0.04496522
v -0.06850330 0.01621805 -0.04358123
v -0.09530170 0.00805029 -0.04024662
v -0.06127298 0.02293390 -0.00589997
v 0.01573906 -0.03028113 -0.03568584
v 0.06061176 -0.02502431 -0.00549321
v 0.08994300 -0.01440003 -0.03365989
v -0.08760416 0.01308419 -0.03876435
v -0.09820030 0.00938491 -0.03689409
v -0.02004028 0.02920343 -0.02224680
v -0.08858968 0.00043461 -0.02401512
v -0.05873412 0.02358042 -0.00422874
v -0.09337820 0.00722444 -0.04152278
v 0.08575181 -0.01086980 -0.03467082
v -0.00912399 0.02957535 -0.03111508
v 0.06243167 -0.02446895 -0.00426030
v -0.06450604 0.01707345 -0.04357927
v -0.01224639 0.02862445 -0.03301127
v 0.07411870 -0.00640370 -0.03490167
v -0.09211160 0.00338328 -0.02541157
v 0.09700008 -0.01710923 -0.03283587
v 0.09281385 -0.02107439 -0.02231121
v 0.10761815 -0.02210659 -0.02926145
v 0.05747363 -0.02552917 -0.00472814
v -0.06230677 -0.02364450 0.02138503
v 0.05649128 0.02317721 0.02142316
v -0.00940595 -0.03276427 0.03717991
v 0.07575865 0.00575485 0.03777069
v -0.06736045 -0.00897109 0.03829748
v 0.01874266 0.02765330 0.03707336
v 0.02166548 0.02620950 0.03749138
v 0.02580628 0.02457323 0.03801544
v 0.08039320 0.00194604 0.03772906
v 0.07790312 0.00397504 0.03769391
v -0.08495499 -0.00382646 0.03834764
v -0.08821633 -0.00245412 0.03799292
v -0.09146689 -0.00046312 0.03796025
v -0.08303855 -0.00518253 0.03893048
v -0.07265878 -0.00733476 0.03855734
v -0.06321964 -0.01069795 0.03852807
v -0.08030418 -0.00386209 0.03897194
v -0.08803602 -0.00096512 0.03958174
v -0.07587841 -0.00796026 0.04012525
v -0.06839459 -0.01090767 0.03948116
v 0.07220774 0.00858854 0.03962559
v 0.08176904 0.00082595 0.03948713
v -0.01634194 -0.03341806 0.04112330
v 0.07647460 0.00513948 0.03975271
v -0.07235154 -0.01115384 0.04051444
v -0.07522345 -0.00969781 0.04058491
v -0.09073203 -0.00214913 0.03936215
v -0.00579229 -0.03135539 0.04101786
v -0.08597180 -0.00502200 0.04087240
v 0.07108274 0.00987447 0.04127976
v 0.06865543 0.01135767 0.04213065
v -0.01303074 -0.03269777 0.04260855
v 0.06917798 0.01060161 0.04261495
v -0.00872430 -0.03152668 0.04317715
v 0.08012838 0.00335959 0.04325188
v -0.00497523 -0.03064620 0.04310720
v 0.06340411 0.00834669 0.04380913
v -0.01146044 -0.02615230 0.04411198
v 0.05972628 0.00702835 0.04272202
v -0.03052965 -0.02917571 0.04360413
v -0.01974188 -0.02424464 0.04263500
v 0.06721364 0.00166493 0.04397693
v -0.02263252 -0.02590326 0.04288948
v -0.02667770 -0.02758409 0.04314328
v -0.02334493 -0.03383923 0.04477979
v 0.07012974 0.00084677 0.04436399
v -0.00432151 -0.02921350 0.04535734
v -0.04155341 -0.03604818 0.04617308
v -0.00960341 -0.02703285 0.04576410
v -0.03116039 -0.03039018 0.04479839
v -0.00483823 -0.02726603 0.04655092
v -0.00856768 -0.02903949 0.04662864
v -0.02042388 -0.03349483 0.04653548
v -0.02683397 -0.03052123 0.04641971
v -0.02302833 -0.03443099 0.04675387
v -0.02693243 -0.03483141 0.04790036
v -0.02347628 -0.03085668 0.04813820
v -0.03064897 -0.03360130 0.04845624
v -0.03207184 -0.03153667 0.04699999
v -0.02001199 -0.03192773 0.04887870
v -0.01249670 -0.02872073 0.04854462
v 0.05835326 0.02207102 -0.04146920
v 0.03466419 0.03906809 -0.03251170
v 0.06263867 0.02186229 -0.04030241
v 0.01986996 0.03548798 -0.02936494
v 0.07544982 0.01443299 -0.03734206
v -0.07776443 -0.00693056 -0.02609542
v -0.08131711 -0.00430911 -0.02741013
v 0.02767110 0.03706626 -0.03115142
v 0.03542981 0.02937053 -0.04305615
v -0.07408166 -0.01024570 -0.02380850
v 0.02766244 0.02621893 -0.04304838
v 0.05229603 0.02430289 -0.04225738
v -0.08503135 -0.00232014 -0.02400369
v 0.08034422 0.01049864 -0.02922255
v 0.07811632 0.01271891 -0.03694511
v 0.02865680 0.03764545 -0.02935171
v 0.06002857 0.02296156 -0.04092731
v 0.07135445 -0.00324400 0.04479643
v -0.06695687 -0.01233813 -0.04329544
v 0.04466654 0.02733175 -0.04235327
v 0.04832492 0.02891730 -0.04234602
v 0.02551372 0.03588931 -0.04059213
v 0.01943845 0.03431082 -0.03461025
v -0.07546882 -0.00946379 -0.02238825
v -0.01849861 -0.03805420 -0.03740809
v -0.05078503 -0.02477402 -0.03870011
v 0.03622565 0.03933606 -0.03112028
v 0.08691871 0.00546928 -0.02399985
v -0.07610981 -0.00784953 -0.02722834
v 0.08651920 0.00678287 -0.03291428
v 0.06554858 0.02040891 -0.03958785
v 0.00701921 0.03458138 -0.02233476
v 0.06537941 0.02279034 -0.03735835
v 0.00663349 0.03394142 -0.02414812
v 0.04505386 0.03650391 -0.02381566
v 0.07447791 0.01256326 -0.03824362
v 0.05583845 0.02599070 -0.04137135
v -0.03387567 -0.03751693 -0.02929123
v -0.03563795 -0.03633103 -0.03118520
v -0.07322907 -0.01132213 -0.02256109
v 0.01776349 0.03419975 -0.03353704
v 0.08535336 0.00819545 -0.03501513
v -0.06376287 -0.01388127 -0.04334569
v -0.02742634 -0.04074719 -0.03684342
v 0.05638822 0.02945492 -0.03881588
v 0.00393853 0.03298326 -0.02567287
v -0.08071589 -0.00514620 -0.02561793
v -0.08289643 -0.00361605 -0.02548433
v -0.05201804 -0.02405812 -0.03685033
v -0.04954441 -0.02587587 -0.03696874
v 0.06640666 0.02170448 -0.03854690
v -0.02272427 -0.03827844 -0.03794537
v -0.06180189 -0.02031329 -0.00608202
v 0.04320230 0.03767067 -0.02255938
v -0.02049477 -0.03618482 -0.03771000
v 0.04399797 0.03219010 -0.04315835
v 0.01044532 0.03476468 -0.02383972
v -0.02696938 -0.03944659 -0.03794102
v -0.08623785 -0.00087773 -0.02725111
v -0.00866243 -0.04200231 -0.03621400
v 0.01424742 0.03315888 -0.03502844
v 0.03258000 0.03835254 -0.03116055
v -0.03058569 -0.03910128 -0.03682781
v -0.03955408 -0.03203817 -0.03886306
v 0.04052202 0.03954801 -0.02922212
v 0.08212030 0.00951016 -0.03118751
v 0.05795128 0.02428403 -0.00258924
v -0.05844739 -0.02307733 -0.00046040
v -0.06121005 -0.02135193 -0.00049905
v -0.06820509 0.02491553 0.01577203
v -0.06425643 0.02561809 0.01566378
v 0.05276395 -0.02339588 0.01579993
v -0.06701414 0.02543953 0.01819775
v 0.05622665 -0.02259231 0.01753506
v -0.07497225 0.02402995 0.01953311
v -0.07193453 0.02487725 0.02147597
v 0.04858637 -0.02333803 0.02160718
v -0.06114941 0.00821012 0.03530957
v -0.02802332 0.01802797 0.03566454
v -0.05286780 0.01148272 0.03523825
v -0.05700861 0.00657386 0.03579106
v -0.04872717 0.00984645 0.03572051
v -0.01974188 0.02130057 0.03566685
v -0.02388269 0.02293690 0.03519645
v -0.03216412 0.01966431 0.03518561
v -0.08500324 0.00033974 0.03712446
v -0.10940296 0.01374671 0.03688201
v 0.00256056 -0.03025787 0.03760390
v 0.01945577 -0.02662390 0.03948611
v -0.00244521 -0.03129217 0.03751552
v -0.09068501 0.00390637 0.03815100
v -0.09221448 0.00451873 0.03855171
v -0.00056714 -0.03063964 0.03973419
v 0.02141039 -0.02579728 0.04138887
v 0.02574724 -0.02491911 0.04135065
v 0.08454814 -0.00092216 0.04151078
v 0.08672496 -0.00219509 0.04318099
v 0.02349529 -0.02513713 0.04322970
v 0.01365751 -0.02701845 0.04301676
v 0.01101648 -0.02692303 0.04468066
v 0.00665223 -0.02687476 0.04594522
v -0.00036933 -0.02543794 0.04552950
v 0.00346177 -0.02441167 0.04514654
v 0.07549526 -0.00733476 0.04587731
v 0.07376992 -0.00747112 0.04571948
v 0.06663258 -0.00488033 0.04458707
v 0.00275696 -0.02568614 0.04657993
v 0.08620241 -0.01159150 0.04693038
v 0.07899224 -0.00793650 0.04653991
v 0.07909690 -0.00996411 0.04796264
v 0.07382666 -0.01136816 0.04793909
v 0.08470600 -0.00633405 0.04910068
v 0.08343215 -0.00845890 0.04868052
v 0.08647129 -0.00801195 0.04960401
v 0.09154742 0.00303071 -0.03455829
v 0.01857472 0.03191612 -0.04428803
v -0.00880544 -0.03240485 -0.03748785
v 0.09529013 0.00040590 -0.03251801
v -0.02159891 -0.02426588 -0.03911088
v -0.06478358 -0.00252880 -0.04508133
v -0.06978759 -0.01124591 -0.04032076
v -0.06724289 -0.01359060 -0.02930991
v -0.04729882 -0.02726316 -0.03117514
v -0.07674550 -0.00653447 -0.04175576
v 0.02979701 0.03631649 -0.04332266
v -0.01407514 -0.04302222 -0.02690595
v 0.04830477 0.03648359 -0.03864739
v 0.01088655 0.03231850 -0.04029013
v 0.09061139 0.00392837 -0.03297911
v 0.06790024 0.01892913 -0.02548638
v 0.09434703 0.00115532 -0.03123255
v 0.06628981 0.01089906 -0.03885759
v -0.04438396 -0.03126577 -0.02548135
v 0.00272337 0.02554613 -0.04471885
v -0.07118659 -0.00927916 -0.03690313
v 0.07778221 0.00236755 -0.03708698
v 0.09229288 0.00246996 -0.02918954
v -0.02741220 -0.04247224 -0.03305470
v -0.01683090 -0.03358628 -0.03766470
v 0.00281901 0.03059456 -0.03869679
v 0.00522582 0.03122321 -0.03999410
v -0.00501289 -0.03151418 -0.03777228
v 0.05930185 0.00935228 -0.03939062
v -0.07872380 -0.00518127 -0.04188253
v 0.00442944 0.03134106 -0.03640006
v 0.01845045 0.03638180 -0.02384211
v -0.05466013 -0.02371624 -0.01925514
v 0.02517608 0.02432901 -0.04281694
v 0.05609919 0.02742410 -0.02401691
v 0.03393799 0.03735470 -0.04319316
v 0.02402261 0.03694953 -0.02753443
v 0.07041630 0.01744271 -0.02923467
v 0.00682494 0.02893504 -0.04486575
v -0.04105208 -0.03330531 -0.02233920
v -0.02648625 -0.02424520 -0.03964450
v 0.07205961 0.01593981 -0.03119203
v -0.04865770 -0.02737291 -0.02541515
v -0.07696576 -0.00559783 -0.04387248
v -0.01701316 -0.04327259 -0.02587122
v -0.07215957 -0.00522074 -0.04572466
v 0.05810896 0.02577603 -0.01677278
v 0.06187270 0.00694389 -0.03881264
v -0.00061275 0.03022265 -0.03685416
v -0.05016772 -0.02575753 -0.02405061
v 0.05414864 0.03016026 -0.03506512
v -0.00089736 0.02584547 -0.04512492
v -0.01987305 -0.02571827 -0.03887286
v 0.07580373 0.01303627 -0.02226805
v -0.05265443 -0.02416940 -0.02374955
v 0.04975752 0.03408756 -0.03444176
v -0.01291072 -0.03356651 -0.03730938
v 0.00709346 0.03198612 -0.04171524
v -0.01380963 -0.04327748 -0.02776409
v -0.08096108 -0.00239656 -0.03872895
v -0.07619625 -0.00383547 -0.04557519
v -0.06216146 -0.01880717 -0.02076530
v -0.03974323 -0.03365690 -0.02728550
v 0.00729021 0.02716821 -0.04462782
v 0.01474751 0.03599962 -0.02204778
v -0.00976304 -0.04175047 -0.02401205
v 0.06243839 0.02297372 -0.02551897
v 0.08300559 0.00360731 -0.03742011
v -0.07475146 -0.00740294 -0.04024517
v -0.02591296 -0.04356103 -0.03500199
v -0.04622296 -0.02878989 -0.02928474
v -0.04513278 -0.03030397 -0.02717911
v 0.07678766 0.01271304 -0.02374904
v 0.04414611 0.03904944 -0.04024304
v 0.06418476 0.02181611 -0.02736884
v 0.04763267 0.03504704 -0.03303363
v -0.06828445 -0.00070085 -0.04547478
v -0.03106563 -0.04065176 -0.02243159
v 0.03356429 0.03634289 -0.04480245
v 0.08873226 0.00532356 -0.03486754
v -0.03855246 -0.03510916 -0.02539314
v -0.06361138 -0.01540038 -0.03284594
v 0.07403756 0.00078494 -0.03656437
v 0.05231830 0.03205290 -0.03495439
v 0.07332250 0.01527693 -0.02545106
v 0.07445104 0.01419198 -0.02383563
v 0.06903974 0.01836294 -0.02738275
v 0.02481863 0.03490265 -0.04341513
v -0.05817957 -0.02175563 -0.01487078
v -0.07994798 -0.00377673 -0.04013998
v 0.02504173 0.03755324 -0.02535048
v -0.04231709 -0.03192347 -0.02724839
v -0.05626562 -0.02301522 -0.01673277
v 0.01447687 0.03048733 -0.04451896
v -0.02664729 -0.02883355 -0.03914057
v -0.01583954 -0.03512348 -0.03741721
v 0.06604798 0.02040186 -0.02733207
v 0.08547410 0.00539313 -0.03656360
v 0.06001478 0.02429269 -0.01482360
v 0.02139554 0.03369419 -0.04374708
v 0.04642953 0.03810672 -0.03689017
v -0.00396920 -0.04099259 -0.03569898
v -0.00890532 -0.03043838 -0.03817784
v -0.02305661 -0.04505576 -0.03494031
v -0.03235540 -0.03936458 -0.02372890
v 0.05275723 0.03081482 -0.03290020
v -0.01949033 -0.04590229 -0.03302953
v -0.00067091 0.02437246 -0.04461050
v 0.05349828 0.02938324 -0.02401469
v -0.01234945 -0.04237374 -0.02569317
v 0.01103610 0.02890493 -0.04466553
v -0.07288329 -0.00071265 -0.04668994
v -0.06040695 -0.02011846 -0.01878278
v -0.03049924 -0.02583417 -0.03977434
v 0.07004489 0.00974404 -0.03867759
v -0.08328074 -0.00057678 -0.03878474
v 0.05432029 0.02861363 -0.02251161
v 0.02118642 0.03666438 -0.02560241
v -0.06597399 -0.01407268 -0.03132383
v -0.06822506 -0.01245437 -0.03116840
v 0.08142716 0.00538342 -0.03789734
v -0.10671260 0.01148397 0.03705323
v 0.05159794 -0.02142311 0.03021662
v -0.07092019 0.02691128 0.03069803
v 0.05369822 -0.02091022 0.03156333
v -0.06806066 0.02486482 0.03297198
v -0.06433015 0.02565141 0.03304381
v 0.07945168 -0.01469643 0.03842527
v -0.05700861 0.01802797 0.03410063
v -0.06114941 0.01966431 0.03366862
v -0.05286780 0.02293690 0.03369319
v -0.04872717 0.02130057 0.03409944
v 0.05615788 -0.02025336 0.03394639
v 0.04332728 -0.02252371 0.03583704
v -0.04458636 0.01311905 0.03545417
v -0.04044556 0.01475538 0.03544154
v 0.04787856 -0.02157819 0.03591391
v 0.08029119 -0.01484816 0.03722146
v 0.05323842 -0.02061277 0.03605356
v -0.10179398 0.00916088 0.03752141
v -0.09493842 0.00687606 0.03774654
v -0.09769472 0.00809989 0.03777828
v 0.09807364 -0.00900588 0.03769041
v 0.09481690 -0.00737409 0.03819357
v 0.05990536 -0.01898489 0.03771276
v 0.09910054 -0.01046505 0.03774433
v -0.10506752 0.00928480 0.03887094
v -0.09807372 0.00677107 0.03870842
v 0.06264009 -0.01805810 0.03919750
v 0.09276859 -0.00642703 0.03953021
v 0.09744786 -0.01078115 0.03963276
v 0.07394829 -0.01510747 0.04133086
v 0.09351600 -0.01134043 0.04136422
v 0.08243036 -0.01328602 0.04209789
v 0.08086129 -0.01354463 0.04295236
v 0.02770433 -0.02392232 0.04402957
v 0.09553390 -0.00826930 0.04305780
v 0.08625456 -0.01247582 0.04306829
v 0.09083519 -0.01147896 0.04306172
v 0.06768121 -0.01596769 0.04523833
v 0.06023487 -0.01208029 0.04562283
v 0.06979104 -0.01513311 0.04626044
v 0.05838278 -0.01410363 0.04685497
v 0.06336080 -0.01281616 0.04676488
v 0.05913108 -0.01558271 0.04781897
v 0.06704924 -0.01287659 0.04796332
v 0.06981773 -0.01385116 0.04782273
v 0.08872961 -0.00586929 0.04966936
v -0.04035752 -0.03269756 -0.03264700
v -0.03144694 -0.03467786 -0.03941851
v -0.06709617 -0.00887098 -0.04478624
v -0.07244754 -0.00727174 -0.04472798
v 0.07596901 0.01475538 -0.03413012
v 0.08752275 0.00613837 -0.03330321
v 0.03355368 0.03759348 -0.04003855
v 0.08107184 0.00753342 -0.03754492
v 0.05920992 0.00409917 -0.03744596
v -0.07973867 -0.00386656 -0.04367823
v -0.07104888 -0.00740496 -0.04491336
v 0.06443578 0.02194444 -0.03104854
v 0.01084394 0.03218598 -0.04365102
v 0.01849800 0.02876005 -0.04421151
v 0.06795645 0.01906549 -0.02921547
v 0.01808965 0.03335294 -0.03860124
v -0.02240749 -0.04451416 -0.02516127
v 0.06859974 0.00267688 -0.03774302
v 0.08263259 0.00704239 -0.03717288
v 0.07314802 0.01527386 -0.02928986
v 0.02889014 0.03662994 -0.04025182
v 0.08789893 0.00484147 -0.02420681
v -0.01658094 -0.04503355 -0.03493605
v -0.06620999 -0.01444635 -0.02727005
v -0.02372111 -0.04455559 -0.02402050
v 0.04848756 0.03375951 -0.02403039
v -0.02945750 -0.04174873 -0.02401375
v -0.06392180 -0.01693074 -0.02409625
v 0.05076337 0.03164906 -0.02401956
v -0.00467330 -0.04073720 -0.02401589
v -0.02724975 -0.04380623 -0.02399149
v 0.06685478 0.02014946 -0.03128903
v -0.01676797 -0.02422990 -0.03862581
v 0.05703593 0.02785561 -0.03494850
v 0.03168215 0.03715561 -0.04176702
v 0.07776542 0.00934697 -0.03797702
v 0.06631120 0.00095931 -0.03672228
v -0.02874704 -0.04297696 -0.02243764
v -0.06616791 -0.01592571 -0.02234747
v 0.02716711 0.03740745 -0.02888609
v -0.04690373 -0.02885625 -0.02544842
v -0.00151943 0.02956774 -0.03879762
v -0.01580154 -0.04410927 -0.02893139
v 0.01480073 0.02728599 -0.04414343
v 0.07899136 0.01100741 -0.03711522
v -0.03269693 -0.03832280 -0.02926103
v 0.03673035 0.03818447 -0.03878286
v 0.04695208 0.03481826 -0.02261714
v -0.02344852 -0.03356602 -0.03858989
v -0.00455609 -0.04237094 -0.03297305
v -0.00770006 -0.04272889 -0.03524470
v -0.00837057 -0.04120587 -0.02220219
v -0.06453185 -0.00935872 -0.04443971
v 0.02401466 0.03530957 -0.04008760
v -0.02870850 -0.04152987 -0.03459182
v 0.07040357 0.00221827 -0.03741397
v -0.01215659 -0.04400001 -0.03110808
v 0.07694447 0.01380609 -0.03326055
v 0.00692216 0.03045757 -0.04446283
v 0.08880986 0.00378663 -0.02240693
v 0.05485203 0.02918282 -0.03302706
v 0.06293707 0.02293788 -0.02929362
v 0.06906449 0.01834436 -0.03115697
v -0.01951331 -0.03510253 -0.03781724
v 0.07945097 0.01291723 -0.03486302
v -0.02972160 -0.04061432 -0.03308677
v 0.02092761 0.02430002 -0.04333417
v -0.06925796 -0.01247819 -0.02723030
v 0.05925995 0.00526418 -0.03788924
v -0.01324058 -0.04470438 -0.03308762
v -0.07476808 -0.00762208 -0.04310008
v -0.06833784 -0.01098206 -0.04370783
v -0.03796769 -0.03485328 -0.02922400
v 0.02469754 0.02612909 -0.04338092
v -0.05739398 -0.02283248 -0.01320723
v -0.05083063 -0.02479490 -0.03297937
v -0.04935084 -0.02595579 -0.03509489
v 0.05972399 0.02449297 -0.01118930
v -0.04354180 -0.03059849 -0.02929950
v -0.07958470 -0.00026578 -0.04664081
v -0.00506309 -0.02886338 -0.03850663
v -0.01053644 -0.04292002 -0.02910295
v 0.02188309 0.03593095 -0.02928850
v 0.06550033 0.02134912 -0.03296179
v 0.05809782 0.02570003 -0.01312277
v -0.05930882 -0.02134802 -0.01253473
v -0.05886935 -0.02216255 -0.01105519
v 0.02534048 0.03637887 -0.03116601
v 0.06294839 0.00434751 -0.03763040
v -0.06189859 -0.02002255 -0.00738061
v -0.03021587 -0.03024613 -0.03925335
v -0.02661795 -0.03200925 -0.03902523
v -0.00856025 -0.04329376 -0.03295070
v -0.00872572 -0.02727790 -0.03837994
v 0.08487111 0.00779754 -0.03588086
v -0.06777781 -0.01388756 -0.02547120
v -0.06669471 -0.01516301 -0.02396445
v -0.01273235 -0.02567776 -0.03820958
v -0.04839006 -0.02693819 -0.02918229
v 0.07034647 0.01733541 -0.02543110
v -0.01955467 -0.04415782 -0.02725538
v -0.04157498 -0.03187660 -0.03107345
v -0.03935467 -0.03359256 -0.03120346
v 0.09189496 0.00222882 -0.02551206
v 0.01552922 0.03304948 -0.03681979
v -0.02544733 -0.04457717 -0.02498800
v 0.09410979 0.00093094 -0.02725990
v 0.02092461 0.03493765 -0.04200828
v -0.03146639 -0.03929758 -0.03497717
v 0.07218017 0.01613198 -0.02737951
v -0.07735290 -0.00561788 -0.04016634
v -0.05204915 -0.02405155 -0.03500924
v 0.04099401 0.03894821 -0.04160050
v 0.05206940 0.03037486 -0.02248022
v -0.07161386 -0.01240806 -0.02232845
v 0.07394227 0.01094999 -0.03855167
v 0.04804685 -0.02328746 0.02341789
v -0.06298488 0.02698142 0.02344178
v -0.07230028 0.02505588 0.02333557
v 0.04516558 -0.02349982 0.02516727
v -0.07099444 0.02560656 0.02542994
v -0.07610751 0.02455346 0.02537449
v -0.06835251 0.02643877 0.02704555
v 0.05203122 -0.02177792 0.02685189
v 0.05528266 -0.02090910 0.02832111
v -0.04458636 0.02293690 0.03411582
v -0.05700861 0.01639164 0.03431971
v 0.04041330 -0.02335843 0.03399707
v -0.04044556 0.02110755 0.03454442
v -0.05286780 0.01311905 0.03498709
v -0.05286780 0.01475538 0.03474626
v -0.04872717 0.01475538 0.03496730
v -0.03630493 0.01966431 0.03495348
v 0.03749420 -0.02360901 0.03640845
v 0.09209596 -0.00570394 0.03760408
v 0.03541124 -0.02382445 0.03734021
v -0.09950614 0.00492181 0.03768265
v 0.08908334 -0.00364267 0.03774398
v -0.09595382 0.00345306 0.03755809
v -0.09748453 0.00401360 0.03906630
v -0.09566409 0.00528416 0.03902006
v 0.09037345 -0.00485504 0.03979724
v 0.02911801 -0.02427915 0.04114633
v 0.07035602 -0.01570936 0.04305789
v 0.06571529 -0.01661422 0.04322458
v 0.08285940 -0.01312898 0.04492337
v 0.07298380 -0.01502749 0.04487406
v 0.09376649 -0.01081587 0.04497984
v 0.09552524 -0.00881035 0.04598847
v 0.08559218 -0.01208839 0.04625924
v 0.09436488 -0.01029139 0.04704145
v 0.08956470 -0.01123180 0.04657233
v 0.07411852 -0.01248958 0.04820424
v 0.09348559 -0.00812337 0.04846290
v 0.09004694 -0.00657101 0.04836914
v 0.08941232 -0.00797695 0.05026858
v 0.04432412 0.02899938 -0.04220432
v -0.05139791 -0.02456389 -0.03695091
v -0.02579611 -0.04027020 -0.03761096
v 0.07974195 0.01164318 -0.03229637
v 0.02964640 0.03757734 -0.03122103
v 0.04152558 0.03018297 -0.04272207
v -0.02064591 -0.03785804 -0.03763962
v 0.07697770 0.01222669 -0.03753597
v 0.05750845 0.02311092 -0.04151638
v 0.02566415 0.03597028 -0.04200922
v 0.02139006 0.03542469 -0.03101194
v -0.07517236 -0.00933176 -0.02376396
v 0.03611800 0.03926935 -0.02924934
v 0.04489281 0.03644258 -0.02247245
v -0.08471917 -0.00273599 -0.02262627
v -0.02892010 -0.03985637 -0.03707725
v 0.07732542 0.01391989 -0.03663807
v 0.06294803 0.02310058 -0.03994769
v 0.04355532 0.03759250 -0.02400420
v 0.06637961 0.02180382 -0.03683523
v 0.01815735 0.03394547 -0.03507408
v -0.08174950 -0.00447124 -0.02538768
v 0.04862456 0.02734153 -0.04261893
v -0.03424584 -0.03337370 -0.03958981
v -0.06440068 -0.01250055 -0.04382684
v -0.03383660 -0.03754976 -0.03116234
v 0.05720457 0.02549528 -0.04115355
v 0.00736357 0.03436286 -0.02321320
v -0.02947995 -0.04013314 -0.03646327
v -0.01936199 -0.03707927 -0.03743564
v 0.08146340 0.00955298 -0.02920933
v 0.00583128 0.03414861 -0.02304275
v -0.07434223 -0.01045548 -0.02253439
v -0.04124300 -0.02993408 -0.03980121
v -0.02999879 -0.03876562 -0.03759406
v -0.07809677 -0.00629521 -0.02903948
v -0.05201627 -0.02410695 -0.03867230
v 0.06001885 0.02144853 -0.04090325
v -0.07276414 -0.01117298 -0.02389867
v 0.07400344 0.01400190 -0.03806899
v -0.08695185 -0.00060689 -0.02541626
v 0.05527311 0.02465706 -0.04145786
v -0.03562699 -0.03638950 -0.02932774
v 0.05193911 0.02585818 -0.04236582
v 0.08474984 0.00819336 -0.03296614
v 0.01821392 0.03441218 -0.03281617
v 0.01467433 0.03368211 -0.03305751
v -0.04000521 -0.03256245 -0.03682482
v -0.07659011 -0.00785952 -0.02554576
v 0.06543138 0.02275478 -0.03833771
v 0.03548991 0.03841402 -0.03550515
v -0.04916611 -0.02580420 -0.03873953
v 0.06632640 0.01874834 -0.03958905
v 0.08669014 0.00701515 -0.03504251
v -0.07760039 -0.00683444 -0.02726067
v -0.02334228 -0.03663421 -0.03824558
v 0.04063428 0.03956736 -0.03113982
v -0.08256780 -0.00350701 -0.02712119
v 0.01065515 0.03516755 -0.02230089
v 0.05640324 0.02903885 -0.03686270
v -0.07983184 -0.00540419 -0.02728217
v 0.03234683 0.03834423 -0.02932185
v -0.06219133 -0.02026803 -0.00440345
v -0.00129687 0.03254064 -0.02367797
v 0.08660263 0.00544378 -0.02248661
v 0.08033539 0.01083011 -0.03121199
v -0.05761495 -0.02308382 -0.00252662
v -0.06057966 -0.02158742 -0.00245607
v 0.05791822 0.02417798 -0.00041314
v -0.05974475 -0.02230052 -0.00050221
v -0.06657662 0.02514914 0.01522315
v 0.05585807 -0.02282277 0.01566284
v -0.06855227 0.02508137 0.01765074
v -0.06415443 0.02592217 0.01768990
v 0.05224830 -0.02339497 0.01778766
v 0.04925141 -0.02361306 0.02004992
v -0.07237294 0.02457498 0.01959189
v -0.07554430 0.02418064 0.02158696
v -0.05700861 0.00821012 0.03553308
v -0.05286780 0.00984645 0.03549443
v -0.06114941 0.00657386 0.03557744
v -0.02802332 0.01966431 0.03542610
v -0.04872717 0.01148272 0.03546952
v -0.02388269 0.02130057 0.03543113
v -0.01974188 0.02293690 0.03543557
v -0.03216412 0.01802797 0.03542644
v -0.10936672 0.01263836 0.03711559
v -0.08900175 0.00330119 0.03755818
v 0.01985193 -0.02678562 0.03777743
v -0.00266141 -0.03118319 0.03880712
v -0.00070290 -0.03089168 0.03768623
v -0.09220599 0.00526180 0.03783510
v -0.09269372 0.00384098 0.03905290
v 0.00297510 -0.02998990 0.03961322
v 0.01436462 -0.02723683 0.04119146
v 0.08357799 -0.00016309 0.04162544
v 0.08624113 -0.00219516 0.04155770
v 0.02366977 -0.02525526 0.04179760
v 0.02562933 -0.02463207 0.04320291
v 0.08486457 -0.00058894 0.04318542
v 0.08865041 -0.01189503 0.04490998
v 0.02159759 -0.02553665 0.04318201
v 0.00676642 -0.02767490 0.04477757
v -0.00020369 -0.02470360 0.04466641
v 0.07821937 -0.00681802 0.04616421
v 0.07469887 -0.00815292 0.04595682
v 0.07549526 -0.00651666 0.04572878
v 0.07135445 -0.00488033 0.04498539
v 0.06766672 -0.00355500 0.04452812
v -0.00076548 -0.02599295 0.04633184
v 0.07800618 -0.01111731 0.04824552
v 0.08370598 -0.00700573 0.04860792
v 0.08470512 -0.00808998 0.04910332
v 0.08639192 -0.00637939 0.04967584
v 0.09154052 -0.00753930 0.05121851
v 0.01763339 0.02737052 -0.04407424
v 0.01324262 0.03271738 -0.04013119
v -0.07880052 -0.00339181 -0.04493955
v 0.07888458 0.00976807 -0.03743240
v 0.08079218 0.00680837 -0.03779983
v -0.00245299 0.02962104 -0.03743939
v 0.02343112 0.03583000 -0.03144881
v -0.03765426 -0.03489875 -0.03111388
v -0.04334858 -0.03043922 -0.03113837
v 0.02383523 0.03545131 -0.04221874
v -0.03268561 -0.03832273 -0.03119109
v -0.01919918 -0.03357070 -0.03796081
v -0.03067673 -0.03347150 -0.03956968
v 0.06441633 0.02185258 -0.02925659
v 0.06901305 0.01832934 -0.02939360
v -0.07215338 -0.00635361 -0.04527831
v 0.01535545 0.03286150 -0.03862026
v -0.07544371 -0.00661823 -0.04376149
v 0.06940196 0.00266410 -0.03788335
v 0.07851406 0.01277647 -0.03294618
v -0.01682595 -0.02571499 -0.03851396
v -0.06746616 -0.01364222 -0.02738121
v -0.02878805 -0.04254880 -0.02406989
v 0.05567599 0.02889948 -0.03506478
v 0.03168339 0.03718174 -0.04024278
v -0.06554036 -0.01595854 -0.02375006
v 0.06604763 0.00230594 -0.03709363
v -0.06737088 -0.01518285 -0.02245036
v 0.04593615 0.03559256 -0.02244063
v -0.03131065 -0.03935095 -0.03296981
v 0.04826464 0.03361525 -0.02245454
v -0.06414877 -0.01717664 -0.02249361
v -0.00480252 -0.04063688 -0.02244140
v 0.07513039 0.01444661 -0.03268180
v 0.09189744 0.00246396 -0.02729095
v -0.02943204 -0.04216480 -0.02257133
v 0.01787522 0.03352297 -0.03681339
v 0.07406231 0.00940985 -0.03863545
v 0.07004383 0.00093031 -0.03681296
v 0.05654290 0.02789885 -0.03309283
v 0.09092146 0.00280849 -0.02499645
v 0.03342516 0.03752369 -0.04169792
v 0.02365279 0.02467334 -0.04309206
v 0.04684884 0.03515008 -0.02374486
v -0.01254408 -0.04352163 -0.02936033
v -0.00696308 -0.04290507 -0.03294200
v -0.01668365 -0.04531235 -0.03292827
v 0.06811909 0.01903888 -0.03104205
v 0.00711750 0.03175748 -0.04346316
v 0.07311178 0.01525814 -0.03130370
v -0.07838863 -0.00509248 -0.04327736
v -0.07248024 -0.00808153 -0.04403227
v -0.02027769 -0.04384912 -0.02543127
v -0.00903666 -0.04329453 -0.03479563
v 0.07203769 0.01609692 -0.02545081
v 0.07759182 0.01405206 -0.03500259
v 0.06311562 0.02298224 -0.03126957
v -0.02965248 -0.04064373 -0.03509208
v -0.02876101 -0.04151205 -0.03281173
v -0.01276788 -0.02419001 -0.03832807
v 0.06225931 0.00359341 -0.03727355
v 0.06255736 0.00544406 -0.03812299
v -0.06421913 -0.01087064 -0.04433410
v -0.06878809 -0.00951094 -0.04448885
v -0.03963805 -0.03360800 -0.02927203
v -0.02966221 -0.03158250 -0.03933542
v 0.06579307 0.02149310 -0.03502434
v -0.02330799 -0.03507794 -0.03845041
v -0.00807766 -0.04136829 -0.02373496
v -0.05801464 -0.02291854 -0.01100793
v -0.05990880 -0.02118979 -0.01112079
v 0.05832091 0.02553237 -0.01104350
v -0.04466079 -0.02995036 -0.02919252
v 0.04074175 0.03906571 -0.04043362
v 0.05045667 0.03169614 -0.02251997
v 0.08233861 0.00812629 -0.03693214
v 0.02870383 0.03659152 -0.04181812
v 0.07680305 0.01100657 -0.03781058
v -0.06168734 -0.02008849 -0.00923842
v -0.00495773 -0.04214915 -0.03508312
v 0.03669181 0.03825516 -0.03684120
v -0.04911060 -0.02580909 -0.03301588
v 0.02144168 0.02583485 -0.04367260
v -0.05864485 -0.02181047 -0.01308387
v 0.02479937 0.03667150 -0.02925497
v -0.02669962 -0.03039025 -0.03913588
v -0.04197715 -0.03185948 -0.02926427
v -0.00883266 -0.02884494 -0.03862615
v -0.00484371 -0.02728838 -0.03841458
v 0.08480853 0.00692936 -0.03631603
v -0.05098336 -0.02479504 -0.03489220
v -0.01338430 -0.04463215 -0.03433683
v 0.01096503 0.03052911 -0.04453799
v 0.06660659 0.02023776 -0.02925395
v -0.02716224 -0.04389634 -0.02250453
v 0.07055347 0.01742832 -0.02722518
v 0.05979523 0.02443275 -0.01295898
v -0.03992654 -0.03250929 -0.03507357
v -0.04658500 -0.02894246 -0.02729590
v 0.09383137 0.00085934 -0.02545141
v 0.02161969 0.03474743 -0.04025831
v 0.05206745 0.03054532 -0.02412338
v 0.01437133 0.02900993 -0.04451973
v -0.05231520 -0.02396514 -0.03281369
v -0.06953533 -0.01271536 -0.02555352
v 0.08761733 0.00467919 -0.02236760
v 0.08922529 0.00379564 -0.02388059
v -0.07114045 -0.01229307 -0.02367661
v -0.07095872 0.02540181 0.02394187
v -0.07598624 0.02433146 0.02349783
v -0.07295206 0.02518211 0.02532518
v -0.06625825 0.02661683 0.02603189
v -0.06311870 0.02716793 0.02533098
v 0.04825846 -0.02283932 0.02528662
v 0.05570392 -0.02102982 0.02696757
v 0.05217299 -0.02151637 0.02826719
v -0.06928802 0.02668250 0.02855930
v -0.06114941 0.01639164 0.03410874
v -0.04044556 0.02293690 0.03432372
v -0.04458636 0.02130057 0.03431075
v -0.04872717 0.01311905 0.03521786
v -0.03630493 0.01802797 0.03518954
v 0.04016776 -0.02313734 0.03590188
v -0.10828662 0.01149487 0.03717514
v 0.09097148 -0.00499378 0.03784303
v -0.09791533 0.00417497 0.03795086
v -0.09471745 0.00392355 0.03932573
v -0.09808080 0.00566425 0.03899327
v -0.09419349 0.00593285 0.03827982
v 0.03175569 -0.02374838 0.04117210
v 0.09141024 -0.00563604 0.03973214
v 0.06332934 -0.01766424 0.04021560
v 0.08883214 -0.00366523 0.03962124
v 0.07066166 -0.01583999 0.04115956
v 0.06654985 -0.01669721 0.04123907
v 0.02881607 -0.02406120 0.04260361
v 0.09563997 -0.00858743 0.04495075
v 0.08081427 -0.01343761 0.04511207
v 0.06740703 -0.01626787 0.04307051
v 0.08982297 -0.01157264 0.04523629
v 0.08576295 -0.01248350 0.04485017
v 0.09317199 -0.01074804 0.04636341
v 0.08215176 -0.01250313 0.04668699
v 0.07288816 -0.01339102 0.04772871
v 0.07739260 -0.01218395 0.04793679
v 0.09231516 -0.00708453 0.04867054
v 0.09019738 -0.00864367 0.04939653
v 0.09017652 -0.00659672 0.05033631
v 0.09263512 -0.00776368 0.05008405
f 7435 7490 4694
f 306 581 105
f 7983 10099 10881
f 6760 5013 7099
f 9547 8969 8772
f 8541 9521 11386
f 11052 11816 11092
f 3572 1336 4488
f 11582 8584 11623
f 5480 4260 5574
f 11472 11485 10239
f 9398 7014 7733
f 4613 5608 10482
f 10649 11938 12772
f 7991 7989 10894
f 10709 10713 11985
f 4764 8709 7564
f 6600 4779 6866
f 2617 1815 1530
f 7838 8554 9977
f 5501 5223 5513
f 12981 10215 9844
f 1810 1540 653
f 11436 9866 10195
f 12291 12125 10995
f 3415 1213 4367
f 9977 10836 7482
f 9970 10667 11959
f 5766 2856 4779
f 9683 9676 9106
f 8811 9386 7716
f 8775 1291 9354
f 12245 12146 12253
f 10137 13173 11437
f 4961 7041 6777
f 2800 1980 2532
f 7669 6955 4859
f 3734 5419 990
f 5030 895 4318
f 2005 1780 576
f 295 593 1470
f 10380 3785 10542
f 405 1563 397
f 1594 1583 419
f 5638 4703 4640
f 12730 12409 12494
f 3696 4602 4603
f 12719 7 12516
f 3049 3058 3057
f 13139 13150 13407
f 11184 11328 11850
f 3534 4441 999
f 8035 8312 6072
f 12611 11619 12391
f 12607 9841 11234
f 8714 9315 7683
f 4346 2626 4120
f 7474 7482 7943
f 119 1826 670
f 13228 13227 12298
f 5702 7959 7519
f 4034 5060 4078
f 89 1805 2066
f 5984 6289 6003
f 3400 887 3460
f 7392 7458 4683
f 13314 3124 2830
f 11453 11354 11870
f 466 1621 174
f 7569 6957 7647
f 4325 1777 2597
f 6463 7264 9103
f 6336 6350 8087
f 778 775 5214
f 7061 7788 7776
f 5095 925 5362
f 5744 7559 12458
f 11400 10063 7857
f 6858 4843 6675
f 1313 4458 1012
f 7424 10785 7900
f 4905 6719 6722
f 3129 606 2872
f 12061 12221 10968
f 5756 3154 2863
f 9981 10795 7903
f 7795 8896 7354
f 8059 8082 6384
f 3870 5187 5466
f 11564 8570 11975
f 8029 8317 6378
f 2021 1760 2026
f 859 3428 894
f 12496 12778 12509
f 5618 7490 7888
f 10298 5674 12389
f 11860 11859 11338
f 11049 11217 11085
f 11209 11335 11839
f 7791 7072 7075
f 3163 2889 3175
f 5801 6110 11750
f 574 302 1472
f 11444 13027 10199
f 6084 6356 8045
f 977 2634 4431
f 12366 12619 12390
f 7578 8707 6899
f 10755 10507 4036
f 5114 10684 10056
f 12867 11038 13396
f 12380 2284 2578
f 6589 4808 4774
f 3393 4371 3478
f 2854 5790 3150
f 11691 13334 11201
f 3133 2839 2855
f 4764 8980 8709
f 3143 2865 2906
f 2650 2364 2359
f 5602 4710 7886
f 1871 7248 2407
f 12979 13050 11492
f 5861 6401 6135
f 7581 7588 6862
f 11036 12835 11792
f 5768 6067 2861
f 913 1212 925
f 13474 6924 12283
f 6760 6830 5013
f 10742 10904 10125
f 5757 293 2891
f 298 1495 4025
f 9246 8960 8765
f 7568 6631 4765
f 6190 2982 3272
f 7719 6997 7718
f 406 1575 147
f 9860 11223 11341
f 555 2796 2799
f 7124 2833 8334
f 11205 11322 11231
f 1508 105 5142
f 14 1452 285
f 2040 933 1769
f 10876 10886 10090
f 12875 13324 10943
f 1733 1286 2079
f 7216 7209 8357
f 8651 8642 11670
f 6029 6117 5770
f 4448 5169 4149
f 7804 4983 7789
f 9464 9749 9176
f 12695 12449 12447
f 4614 5603 10372
f 6885 6899 9335
f 8730 9348 9632
f 1275 99 380
f 4942 6755 4936
f 4663 7486 7931
f 2328 2327 3484
f 5608 5665 4688
f 4014 612 1479
f 762 3886 1639
f 2217 1981 1433
f 5475 5470 5194
f 13545 12195 13540
f 1835 2384 2651
f 247 2223 2501
f 10001 5339 10855
f 9077 9655 9083
f 5648 10510 10068
f 10914 5795 2871
f 285 2614 2340
f 3703 3699 4069
f 13320 13326 12889
f 12926 3319 3030
f 12392 12397 12387
f 10338 10521 10075
f 4764 6599 8980
f 12391 8594 7952
f 599 323 54
f 12083 10940 12076
f 11404 12964 12978
f 5028 3756 3717
f 12359 12523 4719
f 11447 13475 13034
f 8000 7559 5744
f 12603 11618 11617
f 3969 4261 5567
f 8910 9473 9759
f 283 850 1726
f 2034 2314 1793
f 7851 7485 7497
f 10955 11746 10985
f 11166 11093 11330
f 1482 376 12781
f 13140 13220 13463
f 13295 13480 12885
f 574 2627 1457
f 4567 4590 4592
f 463 454 1616
f 12867 13395 11902
f 6270 3085 3359
f 2099 121 1838
f 11688 10973 12124
f 5924 3275 6193
f 2809 2535 2805
f 9531 6677 9302
f 12073 12133 12300
f 12338 12189 12344
f 6497 6490 8438
f 2021 42 595
f 12100 13473 12275
f 3613 4517 3606
f 5601 7842 5680
f 3999 4032 4422
f 5746 8031 5759
f 8309 8039 8080
f 10346 7936 10032
f 6330 6353 8049
f 1944 521 2490
f 10503 10850 12316
f 10464 10473 10327
f 9198 9772 9197
f 12605 12411 8597
f 5749 3188 6045
f 13009 10177 9872
f 689 688 135
f 5311 5106 5038
f 8009 9548 5752
f 60 621 59
f 3112 6928 6659
f 6235 5942 6227
f 9456 8886 8883
f 7252 6438 8124
f 3073 3362 3091
f 1854 2664 2666
f 2221 3627 527
f 2111 1980 267
f 1738 2321 2043
f 5781 6100 6079
f 12383 5693 12643
f 7134 8336 7192
f 10265 9206 5006
f 7428 10796 7902
f 3984 3995 4279
f 9991 10055 10818
f 11824 11327 11867
f 88 1527 1804
f 7711 8811 7716
f 6046 5806 3186
f 9944 13106 9488
f 4303 925 4069
f 8542 6580 7386
f 887 1205 3460
f 2188 2178 1911
f 5039 1205 1208
f 7131 8332 8333
f 9825 13026 10181
f 9238 9536 4780
f 8367 8377 7230
f 13312 13203 13465
f 8013 8020 6325
f 8430 6483 7294
f 6047 8043 6348
f 1567 2656 2386
f 6322 6377 8041
f 12859 13326 13320
f 13142 12078 13454
f 2374 1555 2651
f 8504 6542 7359
f 13164 13423 13016
f 4300 4344 3445
f 3529 4424 3521
f 2941 2948 3225
f 10422 4261 3966
f 8811 5457 1315
f 591 32 1492
f 3392 984 864
f 10583 10413 10426
f 10541 10531 10572
f 11655 8633 7554
f 6035 5798 5797
f 13144 11457 10173
f 9986 7898 10333
f 12950 12949 11035
f 12920 11880 11364
f 11251 11367 11250
f 2006 54 53
f 9235 6661 6864
f 4653 5631 4720
f 1161 930 885
f 4648 5700 5680
f 1079 2196 1363
f 10017 10397 5628
f 14 660 1452
f 2554 6029 8008
f 11111 9060 7192
f 12970 11208 9817
f 6061 6076 3183
f 8047 8072 8084
f 7434 9909 4641
f 12733 11929 12504
f 12347 12346 12191
f 5339 55 616
f 12627 12626 11612
f 3047 3041 3338
f 7793 7787 4979
f 11244 11128 6454
f 7642 6903 5799
f 11631 7545 4741
f 10324 9985 4695
f 13478 12891 13226
f 7526 8626 11634
f 11910 11936 10683
f 10954 11102 11731
f 7836 7116 7117
f 231 801 2214
f 1522 370 12532
f 1051 1431 1132
f 1204 1777 900
f 6977 3380 3094
f 3292 8427 7282
f 4627 4620 5662
f 10346 10567 12663
f 10895 4280 4261
f 10467 4661 10347
f 4334 7433 4715
f 1452 2616 2614
f 5031 5339 5037
f 10088 10879 7533
f 1711 835 551
f 7009 7725 4914
f 11735 10989 12901
f 1655 12541 491
f 5316 5031 5037
f 12969 10177 11476
f 7359 6542 7358
f 4195 501 499
f 8548 12659 11614
f 7392 4683 5701
f 11413 13079 10186
f 11695 10958 11235
f 7060 7800 4997
f 6830 1707 6296
f 862 1763 1997
f 4927 6746 7019
f 12110 12275 13481
f 6446 7257 8407
f 13398 11042 11041
f 4147 4435 3846
f 9873 10234 11506
f 10623 10618 10446
f 14 2080 595
f 1355 1917 2191
f 1424 9502 7820
f 12501 10018 10339
f 1182 5145 5326
f 10919 11719 11077
f 4046 3470 3743
f 7119 8030 8328
f 12856 11351 13348
f 2298 63 316
f 8294 8019 2589
f 4610 10457 10326
f 8459 7313 8852
f 6288 6001 11014
f 12717 11965 12640
f 5009 6826 7095
f 6414 6127 5859
f 11680 12241 11689
f 1419 3647 4560
f 10643 312 12491
f 10643 12491 312
f 2325 1783 2077
f 10311 4717 5701
f 2176 2521 258
f 8905 9765 9479
f 11825 11295 11181
f 13548 12353 13286
f 88 2051 1251
f 12391 11619 8594
f 12740 12757 12511
f 6170 5894 427
f 10540 10567 4700
f 1907 2167 2449
f 11904 11389 13395
f 1567 2647 1558
f 5840 2909 3194
f 9826 9872 10177
f 8548 12384 12659
f 8079 6395 6392
f 9969 10490 10318
f 1964 1121 5275
f 11946 12785 11604
f 5815 6114 6386
f 11291 13043 13061
f 2776 2505 2215
f 4246 3948 5258
f 3407 1227 3822
f 7660 7674 6932
f 5912 5901 2982
f 11021 11776 6291
f 4610 5690 10457
f 11912 9987 10626
f 2550 376 2294
f 11498 10238 13063
f 6734 7003 7721
f 5168 5448 4154
f 4327 4367 3453
f 11181 9899 11335
f 3403 3427 4331
f 3638 1396 5703
f 8287 6883 9285
f 341 3820 4120
f 2307 1268 2074
f 3254 5880 6158
f 1960 819 2230
f 972 4424 2640
f 8957 9538 9266
f 8965 8667 9295
f 2860 2857 5778
f 5629 4637 5670
f 1026 9377 8396
f 887 1278 1205
f 5030 4318 4046
f 10811 10080 7481
f 9197 4989 9181
f 3945 4586 4278
f 4610 5663 5690
f 3399 937 1175
f 6044 8307 8024
f 6819 9204 9758
f 7367 8248 8512
f 6316 8022 6057
f 9236 9020 8672
f 1439 3685 5720
f 2764 1675 2496
f 9409 9123 9118
f 10165 9873 11508
f 2189 203 1361
f 565 276 277
f 8498 7377 8262
f 9994 10639 12506
f 11814 11197 13033
f 7568 4807 6850
f 348 3493 2352
f 9810 12048 12222
f 13418 9872 12244
f 6352 2876 8333
f 3201 6124 6126
f 11055 11208 11231
f 8906 9489 9777
f 4568 5720 3685
f 3566 1328 3559
f 5614 7945 7436
f 12208 13024 13405
f 5487 3977 4573
f 5649 10560 4709
f 8544 7851 7497
f 11771 11132 11007
f 10729 12564 12016
f 10584 10415 5712
f 4014 3746 5131
f 1196 3506 5428
f 9538 4790 8960
f 7053 6774 7761
f 1732 2597 2042
f 1213 3775 5379
f 13248 7029 3319
f 4013 5038 986
f 1002 5438 5439
f 3530 3518 4431
f 11568 11976 10833
f 13051 11336 11498
f 2131 7250 6436
f 4027 3744 5075
f 12361 7905 12652
f 6632 3147 6903
f 27 583 1531
f 2563 1740 2297
f 7817 8924 9209
f 5309 4606 4602
f 7579 5327 6880
f 472 481 1631
f 9236 8672 8723
f 3404 913 1223
f 1853 2663 2119
f 12256 12130 12136
f 3945 4278 4272
f 12466 10340 10557
f 3397 4638 4321
f 4316 2569 992
f 1167 4376 9564
f 5662 7510 7948
f 8951 9516 8945
f 6054 3144 6053
f 8293 2886 7167
f 7837 11409 7434
f 8283 7200 7175
f 7675 4882 9066
f 8286 6365 7175
f 10974 5813 12290
f 11808 11513 11121
f 3690 1425 1147
f 9336 8766 9065
f 13432 12057 12271
f 10826 10045 10825
f 4442 2654 2383
f 7093 13526 13374
f 7761 6774 4953
f 7088 7068 6798
f 7574 9059 4877
f 6311 11051 12892
f 8506 8915 6561
f 10906 10614 10123
f 12047 13503 13239
f 10412 10578 10864
f 3615 2481 4521
f 5634 5679 7922
f 3962 3646 4252
f 13294 12874 11093
f 2555 1746 2632
f 9546 9888 9567
f 8984 10214 6334
f 2707 754 1887
f 1867 2140 2422
f 11518 10253 13086
f 10769 5084 5359
f 7806 6800 7805
f 13472 13486 13206
f 4088 1520 1516
f 6445 2398 155
f 10503 10038 10015
f 7276 8411 7275
f 10159 9885 9888
f 6977 3094 7813
f 2853 3149 2859
f 1145 1433 1144
f 4772 9548 6596
f 8025 6343 8301
f 1538 371 670
f 12209 13147 12047
f 10154 9890 9829
f 4845 4855 6643
f 4334 878 7433
f 11082 12151 10207
f 10315 10076 5429
f 9140 9709 9144
f 5663 5662 7948
f 11639 11985 10713
f 612 321 1479
f 1162 942 3438
f 1135 5291 3967
f 1168 2046 1215
f 11083 10948 11235
f 13116 10282 11551
f 10184 9912 10212
f 3901 4209 5225
f 7714 5179 5456
f 8960 4790 8765
f 8831 8827 9404
f 11409 8690 9254
f 11103 11868 10977
f 1490 92 650
f 2281 4315 2572
f 13033 11501 11479
f 10165 12261 9897
f 10152 12154 13211
f 7398 10810 10032
f 3587 1352 1055
f 2827 2844 3135
f 874 4042 4339
f 12681 2784 1966
f 11009 6286 11008
f 116 108 673
f 10465 10050 4667
f 5012 7097 7816
f 362 1515 3789
f 1197 878 892
f 2518 2241 12428
f 9162 8881 7773
f 10158 9910 9882
f 574 19 302
f 11592 11961 8581
f 7837 7434 7433
f 11171 11062 12661
f 9588 8759 9306
f 1065 3602 1369
f 9808 12984 10149
f 6041 6897 3126
f 3285 8434 3010
f 6660 4866 7673
f 9262 8698 8683
f 10767 10031 10064
f 3456 1285 4352
f 1163 7950 869
f 10487 10024 10389
f 1764 614 1507
f 7842 7516 5680
f 574 612 19
f 12383 10657 10354
f 6234 3324 3029
f 12969 9254 8754
f 10979 11751 13350
f 5673 4689 5685
f 4522 1084 4514
f 11106 11329 13340
f 7277 7291 3012
f 5596 7926 7483
f 3437 3771 4389
f 3122 13320 12889
f 1168 1215 1763
f 1165 865 857
f 8658 9585 9059
f 13285 12201 12198
f 10141 9826 9033
f 3263 2986 2976
f 3298 8167 8429
f 7409 7950 13071
f 9841 10213 11234
f 13184 12078 12080
f 3699 10302 3397
f 12392 12630 12397
f 3658 3648 4566
f 4000 3801 10505
f 7125 8288 6349
f 9392 9391 9671
f 5746 5759 6032
f 10915 11685 12053
f 1678 3921 508
f 7082 13257 13521
f 12080 12297 6599
f 13184 13203 13466
f 4455 1013 1006
f 713 152 146
f 2938 3236 7218
f 11679 10939 13311
f 7844 1181 912
f 9460 9452 8885
f 6590 12261 4780
f 9586 9006 6636
f 9975 10357 10312
f 13142 13418 12244
f 3471 7941 1260
f 12668 2392 2399
f 12208 12046 12240
f 3682 1437 4586
f 775 5507 203
f 10176 10205 9878
f 2366 1550 385
f 8825 9403 9399
f 1163 869 1243
f 12037 8654 8646
f 1743 41 582
f 7846 7438 7489
f 606 71 84
f 1172 894 867
f 11815 11120 11498
f 12385 12382 8604
f 2442 1901 2163
f 1042 9396 5195
f 12972 13230 12251
f 12926 3030 13363
f 11845 11086 11097
f 4791 7585 6879
f 3746 5410 5131
f 82 5427 3817
f 5774 5805 5806
f 3400 892 1177
f 7824 7823 7105
f 2842 13320 3122
f 867 5087 911
f 12466 12733 12504
f 6209 6493 5938
f 13408 10837 13012
f 13420 13202 12973
f 10290 10288 9962
f 11400 7393 13075
f 613 3164 68
f 10934 5761 6062
f 9975 10312 10489
f 12731 11979 10638
f 12547 12804 546
f 1597 6435 6159
f 11929 10679 12504
f 12339 11024 11784
f 9841 10164 9921
f 10319 4668 10567
f 7498 7937 5692
f 1540 388 669
f 1476 1503 1531
f 11164 11207 11092
f 5524 5233 1373
f 10905 10123 10614
f 867 894 1199
f 6352 6107 5798
f 12901 10989 12907
f 11470 8771 11503
f 10305 10319 10472
f 4318 3470 4046
f 3701 4005 5153
f 917 5066 4061
f 11823 10184 11095
f 9022 8767 9617
f 4627 5662 7483
f 8909 9484 8888
f 7893 10051 5647
f 11407 13145 13505
f 1193 3425 5424
f 1165 5039 865
f 11534 8916 9488
f 12738 12756 12489
f 5335 3418 3754
f 11673 10739 8643
f 6584 7577 6856
f 5047 5345 620
f 11054 12910 10180
f 9958 11551 10282
f 5601 4641 7857
f 294 29 622
f 10893 10599 10428
f 2855 7148 8995
f 11187 11854 11072
f 4021 5130 3760
f 4069 925 5095
f 11703 10970 12895
f 25 634 1511
f 2817 2816 1731
f 5311 3746 4045
f 12036 8653 10747
f 7843 884 1200
f 11820 11330 11093
f 11565 8598 12407
f 609 1524 84
f 4613 7937 5665
f 1597 443 1605
f 4380 4378 3473
f 2815 2811 1992
f 5710 5706 3657
f 11048 11202 11858
f 12864 13295 12885
f 2111 267 5571
f 12618 8557 12388
f 7396 4647 7438
f 11568 884 7843
f 10292 11558 9967
f 7859 5699 5614
f 7258 5891 2122
f 5339 616 10855
f 4316 3424 2569
f 1996 1188 2274
f 12727 12492 12783
f 6673 6943 7685
f 6349 8323 7161
f 7888 13079 11486
f 1456 1473 311
f 858 1188 1763
f 6344 6348 8043
f 9645 6701 6970
f 9561 8754 9299
f 1458 1481 378
f 2093 1823 2362
f 130 2091 2367
f 7691 9353 8784
f 10615 4759 4295
f 8658 9292 9585
f 12270 13072 10244
f 3124 6098 5823
f 8203 6757 6244
f 4303 4069 5095
f 4303 5095 4069
f 1167 2269 4414
f 1462 1485 332
f 3375 3077 8520
f 12240 12148 12316
f 3588 4494 4499
f 7630 6944 4862
f 10394 10407 10573
f 2691 6442 8134
f 9071 9639 9066
f 5399 5418 5133
f 915 5430 5088
f 858 1763 1215
f 11177 12312 11752
f 287 291 1449
f 4013 3516 3709
f 917 4355 3444
f 13151 12301 13452
f 1456 4369 4002
f 4325 2597 2044
f 9568 8996 9005
f 10147 9905 12129
f 12483 12661 12418
f 9087 9783 9210
f 9858 9607 13056
f 4622 5606 2572
f 9816 11499 13004
f 3424 2285 2569
f 6030 5767 5785
f 10516 10813 10533
f 3742 1202 3429
f 8594 11608 7952
f 9594 6363 8747
f 12041 13476 12238
f 4583 2801 2531
f 1172 3420 894
f 9955 10282 13116
f 2758 2483 2487
f 3371 7366 3086
f 13522 12178 13260
f 5204 3577 4491
f 8275 7180 3193
f 1458 378 598
f 287 2011 2559
f 614 69 1507
f 4587 4263 1145
f 5324 5136 5351
f 10630 11587 11966
f 12058 13463 12259
f 20 1465 306
f 11927 11915 10662
f 10777 10802 10018
f 13167 12281 12115
f 4458 3546 1012
f 1472 313 2615
f 6706 4884 4886
f 11684 12212 11685
f 10317 10015 10038
f 2225 2784 2507
f 2130 2144 1868
f 2336 2804 1316
f 4618 7929 7457
f 9115 8830 8829
f 11166 11330 11229
f 5602 7886 7958
f 6760 7097 5012
f 1205 1278 986
f 10482 10525 10313
f 5522 5228 3912
f 3989 5292 3986
f 11812 11345 13344
f 5540 3932 5250
f 9971 10005 10776
f 13368 12927 3369
f 283 567 850
f 9534 9033 8980
f 8018 6075 6350
f 8658 9059 7574
f 539 538 1701
f 2842 5816 12873
f 3173 2882 3168
f 3736 4061 5363
f 5281 5582 5299
f 12970 11288 11208
f 7458 10063 10801
f 4454 1299 4453
f 11809 12868 11338
f 13289 12898 12875
f 3381 6295 3379
f 2270 8575 351
f 19 301 302
f 5042 911 1213
f 1085 4519 1079
f 11675 8650 8652
f 2225 1966 2784
f 2553 2000 1776
f 10782 10488 10563
f 3539 1300 1005
f 9251 13071 11506
f 2610 2334 2351
f 2007 662 64
f 3409 4319 4346
f 8589 8601 10689
f 5031 1500 622
f 1833 118 679
f 11378 11266 13382
f 7895 10400 5627
f 11682 13292 10962
f 5594 7899 7499
f 691 7213 1831
f 10175 9863 13058
f 13312 12868 13203
f 13288 11319 11826
f 10352 4711 5664
f 10142 9870 4620
f 2259 2542 2812
f 1172 867 5402
f 11300 11063 11173
f 10422 3966 12556
f 5658 10389 7914
f 2007 576 662
f 9530 8964 4808
f 10386 12148 10059
f 3338 3041 3045
f 12979 13060 11419
f 243 1703 823
f 642 668 5149
f 12372 12663 12646
f 11442 12904 13195
f 2875 2873 3183
f 12702 12700 11658
f 11411 13001 13498
f 6321 6331 6326
f 11165 11080 11162
f 2469 1915 2190
f 4674 7921 5678
f 12083 13503 12314
f 5912 2987 5901
f 5268 4240 4241
f 837 557 1717
f 8963 8982 9537
f 294 660 103
f 8548 11567 10660
f 9380 9385 8812
f 7455 4691 10519
f 3448 982 4410
f 2844 3148 5769
f 12216 9825 13489
f 7075 7790 6803
f 2281 2572 2276
f 4660 7907 4645
f 9737 9164 4965
f 4058 6694 4425
f 745 171 170
f 9668 9671 9098
f 9399 9685 6736
f 2102 115 129
f 12889 13326 13246
f 11063 11343 11842
f 5768 7199 6388
f 5299 1150 1438
f 8499 8495 8230
f 10139 11056 11410
f 10946 11721 10969
f 5775 3208 6119
f 11550 12193 13278
f 7162 11116 6379
f 7124 6323 2833
f 4418 1290 994
f 7574 6871 9259
f 11783 11266 11147
f 6885 9335 8765
f 1996 1997 1763
f 8957 9266 7665
f 1119 7963 1414
f 4322 5146 984
f 1568 2648 2369
f 4224 4536 4229
f 10495 12262 10819
f 1452 660 1539
f 1533 113 372
f 5750 6027 11687
f 2936 13354 3212
f 5094 4116 10857
f 11196 11726 10981
f 12250 12286 13485
f 13288 12869 11833
f 9240 9550 9295
f 3446 4409 3755
f 9240 9295 9578
f 4010 4344 3420
f 3873 5465 456
f 5663 7948 7506
f 7579 4813 3713
f 14 2287 2080
f 1598 449 441
f 1971 1962 2239
f 12973 12993 13453
f 7243 8797 9084
f 2508 2770 2216
f 5649 10061 10382
f 16 12533 376
f 9600 6694 9059
f 4124 3841 3521
f 1997 2342 3451
f 2482 505 225
f 12045 13450 13194
f 3703 4012 3699
f 9207 9210 9783
f 4669 7903 7451
f 9287 9291 8705
f 11168 11075 11320
f 2011 42 77
f 7565 7601 4786
f 2062 1789 2064
f 8569 12632 11596
f 3713 4813 4058
f 3036 3026 3325
f 3782 979 4098
f 2265 3393 311
f 914 1214 3441
f 6626 4867 4858
f 13454 9876 11468
f 11745 11748 10984
f 4840 6105 5811
f 1153 7540 4591
f 4147 3848 5441
f 12365 12636 11586
f 49 377 618
f 12363 12604 11566
f 10128 10909 10906
f 2223 821 1965
f 11565 12407 12609
f 11141 11376 7371
f 11921 11963 10675
f 6641 9040 9631
f 1378 3602 1083
f 9536 9291 8685
f 10471 10351 10344
f 4927 6215 6746
f 5384 3833 5101
f 7431 10003 4629
f 574 1736 2627
f 6992 4912 6724
f 1250 5112 5383
f 13538 13532 7830
f 8685 9287 6885
f 10148 12287 12122
f 6583 6618 4803
f 12562 12559 12805
f 5403 5138 3796
f 10876 1127 7528
f 5808 5837 5807
f 10971 13343 12901
f 11815 11214 11120
f 4608 7458 7392
f 2289 1491 304
f 8402 7263 7258
f 1897 749 189
f 4007 3758 4056
f 5268 4241 3961
f 11823 11815 11336
f 11883 12930 11369
f 5089 5412 4077
f 9195 9777 9771
f 3931 3923 3622
f 4953 4947 6763
f 10926 11737 11758
f 4638 7506 906
f 13051 11498 11497
f 6848 6688 9543
f 2008 2045 1748
f 4051 4062 3825
f 9224 6841 5025
f 9029 6688 6689
f 10461 10318 10490
f 6355 8044 7194
f 10926 11758 11716
f 11802 11424 10143
f 1043 3288 5196
f 11798 13393 11153
f 2275 41 308
f 8458 9424 9714
f 1924 2175 1914
f 1462 2560 365
f 5195 2990 5468
f 913 1240 4367
f 2658 2389 3545
f 10928 12896 11843
f 1617 2703 1879
f 6162 440 1604
f 7703 6983 6712
f 6865 4877 6692
f 6852 7594 2847
f 1869 2130 7249
f 5478 5203 1336
f 1996 1763 1188
f 8250 5996 5997
f 12689 12001 12807
f 8137 11242 11124
f 8042 8302 6345
f 13156 13237 12127
f 8959 8965 9550
f 3254 3244 2962
f 3883 3570 4476
f 13414 12111 12255
f 2960 3242 2958
f 3207 5844 6118
f 11291 13341 13043
f 1026 1031 1318
f 9733 6796 4978
f 7410 7915 10767
f 8291 7155 2033
f 8099 7202 6396
f 126 116 2087
f 3227 8363 8364
f 8965 9295 9550
f 11104 7276 11878
f 7621 6691 6961
f 13314 12886 3124
f 3737 10544 10368
f 12605 11595 11949
f 1146 3982 4277
f 13451 12293 9857
f 4540 4536 3624
f 2820 12829 12701
f 7649 6648 6920
f 12265 9874 12119
f 12724 664 1467
f 12129 9905 12307
f 10325 3804 10039
f 1755 605 1474
f 10757 11621 7447
f 12354 13278 12193
f 9529 8959 9897
f 6630 6886 7612
f 11377 11372 11253
f 1886 12427 8610
f 12390 12402 11589
f 6344 8030 6348
f 9246 8707 9539
f 1168 992 2046
f 2935 5853 6403
f 6114 8076 6386
f 862 1997 1174
f 9244 13018 8748
f 7622 8728 9349
f 7430 7934 4697
f 210 5222 774
f 9603 9064 9036
f 4247 1116 3958
f 9824 4662 12245
f 3723 4402 4035
f 6224 3308 6214
f 7623 6888 7659
f 3643 4560 3647
f 7840 7465 7464
f 3788 4082 3780
f 4181 4188 3885
f 12084 12261 10165
f 3049 3344 3058
f 2274 3445 4344
f 8955 7115 7835
f 2874 8756 7187
f 10387 10551 10405
f 13153 12114 12877
f 6536 6534 8228
f 12625 11596 12531
f 5260 1111 5537
f 3725 10328 3741
f 11823 11336 11478
f 8663 9350 8779
f 4054 3753 4345
f 3537 1006 4451
f 3606 1077 1366
f 12552 542 2516
f 8100 9640 6398
f 10515 12307 4711
f 2133 1953 1965
f 6000 6287 3084
f 3197 8088 6120
f 7427 7917 7477
f 6382 8354 7205
f 1471 329 636
f 1951 1949 2219
f 12613 12375 12645
f 6664 7655 6954
f 9516 7111 8945
f 4030 4115 5055
f 9093 9090 9661
f 6045 6067 3156
f 6099 6094 5834
f 4106 5396 5135
f 2916 11760 5850
f 1387 5524 3936
f 9619 8780 9351
f 2824 5758 6348
f 2677 698 2663
f 9467 9757 9465
f 6871 6865 7601
f 5519 4207 3907
f 2580 2065 96
f 3538 4445 3843
f 11400 10152 13211
f 8592 8603 11622
f 2564 53 2304
f 3461 1235 4356
f 1165 5324 5039
f 7928 5700 4715
f 1086 3601 4510
f 2268 2274 2552
f 3285 3283 2994
f 1711 1708 547
f 11383 11787 13389
f 3532 3527 4437
f 3620 4518 3612
f 12969 11409 9254
f 7898 11616 8579
f 3366 7093 13374
f 12435 5713 8617
f 9160 6776 9721
f 6167 5882 413
f 9217 8938 8931
f 9217 8931 8938
f 5749 6045 8022
f 1515 1537 364
f 2224 1404 2502
f 1107 5255 5534
f 8487 7345 3335
f 3405 1276 2322
f 11477 13041 13068
f 2490 2484 2754
f 12878 11832 10950
f 8199 8454 9423
f 9847 13070 13449
f 7728 7010 7009
f 4872 6702 6695
f 13011 10166 11450
f 8310 8055 3187
f 907 4364 3442
f 8875 9168 7771
f 2005 2310 1746
f 2382 2659 2667
f 12903 11222 11116
f 6788 4964 5964
f 10365 7944 10048
f 7879 10041 7513
f 4929 9683 6743
f 7287 8183 8439
f 11096 11081 11236
f 6631 12123 4839
f 3448 1210 982
f 5378 10049 10383
f 11391 11903 11386
f 10463 10294 10028
f 2647 385 1558
f 7290 3000 8432
f 4616 5647 4706
f 10938 11755 11705
f 8050 5807 6082
f 10000 10343 10798
f 4852 6684 6663
f 598 68 3207
f 12611 12391 5638
f 9419 8450 3323
f 3688 5295 4594
f 7566 6849 4774
f 6580 6563 8269
f 11262 11783 11147
f 3231 692 142
f 812 523 1689
f 6899 8707 9335
f 11566 8601 8589
f 4961 7756 7041
f 11064 11225 11224
f 3703 4069 5370
f 2778 2512 1701
f 8395 6431 7242
f 8873 7051 7768
f 3983 4290 4281
f 10201 11479 11501
f 7414 7893 4616
f 4735 5709 5723
f 9029 4837 7635
f 10895 10438 10602
f 6848 9280 8693
f 7907 10068 10855
f 4239 526 1687
f 7668 6942 7682
f 9486 8912 9200
f 11286 13047 11454
f 1492 79 640
f 7527 1128 4728
f 5644 4663 4704
f 6304 3107 6014
f 4378 2608 2330
f 6881 9269 9555
f 366 671 1527
f 8742 9029 7635
f 7571 7579 6880
f 13185 13239 13503
f 5066 5363 4061
f 8699 1218 5343
f 9311 8730 8759
f 13312 12892 12868
f 4989 7074 6806
f 11403 13144 10193
f 11287 11834 11175
f 9013 9309 9594
f 5451 3855 4153
f 11446 13082 9884
f 10990 3214 12916
f 10752 10745 12030
f 1212 911 925
f 5620 4622 12387
f 12895 10970 10969
f 8690 9267 8754
f 6050 5773 6324
f 4335 883 3450
f 11936 12517 10683
f 12734 11970 1553
f 12720 12623 11914
f 11055 11195 11208
f 12478 11950 12746
f 2935 6403 8090
f 931 1238 1274
f 8429 8167 8428
f 7337 6520 8213
f 5265 5273 5551
f 9956 12194 12350
f 5788 6374 6106
f 10988 13354 13355
f 9290 6911 7600
f 6181 5898 5905
f 87 1536 663
f 8207 9710 9702
f 7058 9445 7066
f 8129 7236 8383
f 11427 11314 13028
f 8988 9573 9030
f 4145 3854 4150
f 11164 11342 8054
f 11732 10976 12900
f 12411 11614 12654
f 9654 9074 9647
f 8968 8694 9014
f 12613 12645 12371
f 12485 12407 12514
f 9267 9552 9585
f 9980 10817 10493
f 8201 6501 5949
f 10009 7932 7908
f 3537 4451 3543
f 11820 12874 13317
f 239 806 235
f 4142 4141 5434
f 12366 12621 12781
f 9485 9772 6821
f 964 1255 1273
f 689 125 688
f 10115 10887 10424
f 8050 6388 5807
f 8979 9562 9272
f 6617 4819 5802
f 5688 7956 7947
f 1162 3438 4319
f 7569 7647 6945
f 2562 1814 2287
f 13430 12263 12131
f 10140 11499 11466
f 10314 10525 10482
f 1077 1067 1366
f 3294 8425 7280
f 6404 9643 9065
f 8474 8469 8216
f 7571 6596 6962
f 9259 6871 9279
f 6471 6468 8157
f 2790 2521 1983
f 2426 2425 1875
f 9734 6790 7059
f 8345 7190 8095
f 3745 3481 4377
f 12060 11507 13242
f 13285 12198 12196
f 2021 77 42
f 4316 3438 3424
f 4302 3523 1286
f 8498 8264 7368
f 13414 12988 11442
f 4923 9674 4917
f 12612 11571 12419
f 1910 1902 8440
f 620 2904 3203
f 5714 4737 5720
f 4333 1781 2571
f 13166 11478 12974
f 6540 3064 5980
f 886 2025 1792
f 11214 11227 11120
f 6531 5968 236
f 11947 11602 8596
f 7134 8284 8081
f 10138 10231 10232
f 10909 10126 10906
f 5303 4287 4269
f 3849 3529 4436
f 7212 7205 8354
f 9157 9727 8872
f 258 2521 549
f 8079 8088 8340
f 4014 321 3727
f 6277 6000 6276
f 13422 13189 12120
f 5217 1650 771
f 2560 632 1772
f 1387 5242 5524
f 12714 12472 12523
f 4288 2544 1729
f 1435 4581 1140
f 8462 7326 7321
f 3134 3122 2877
f 9010 9593 8744
f 433 6166 1603
f 1450 588 593
f 7564 6853 6630
f 17 588 620
f 10627 10301 10000
f 13464 9869 12268
f 932 1249 2047
f 9374 8800 8794
f 10175 13058 11466
f 11574 12654 11614
f 11412 13501 11474
f 10696 114 675
f 4798 7600 6646
f 11321 11202 11220
f 4028 3794 5124
f 3414 968 7507
f 11997 826 250
f 5027 9799 9218
f 10912 10134 10455
f 6033 2925 3209
f 3793 4099 3810
f 2441 1637 2723
f 9809 10147 12129
f 10923 11083 11754
f 1296 1302 1006
f 8877 9462 9746
f 5075 3744 5404
f 7137 2904 2061
f 1752 2311 2625
f 12715 12526 10474
f 1670 787 222
f 2057 357 656
f 12624 4672 12400
f 2555 2289 1746
f 2007 1752 585
f 1765 2594 2315
f 9536 8685 4773
f 11374 11886 11136
f 4767 5390 7651
f 9471 9470 8896
f 5927 6482 5918
f 11910 10688 11936
f 2810 2537 2820
f 8161 8409 6453
f 1832 1426 1136
f 7031 7753 7039
f 8014 6372 5822
f 3767 4096 3769
f 11684 10933 12212
f 11416 11505 13064
f 8668 9564 9281
f 12776 12521 12532
f 2006 1806 81
f 3512 3511 1291
f 5834 2924 5846
f 2525 1974 2243
f 10647 11967 12498
f 1560 1549 381
f 2686 7249 8133
f 6316 6057 5820
f 9682 9108 9677
f 6169 3267 6194
f 1273 3526 1289
f 7880 7489 7438
f 8927 8926 9501
f 5466 5463 5190
f 5643 10549 10361
f 7124 8278 6323
f 12588 12449 12576
f 5060 1191 5368
f 3688 10429 5565
f 10755 4006 10327
f 1862 711 2118
f 9030 6377 8068
f 6628 6891 4814
f 6084 8045 5832
f 3785 4083 10542
f 5330 5113 879
f 12997 11838 11323
f 1944 1940 2204
f 10619 10448 10126
f 12715 12772 12526
f 1108 2497 1390
f 12087 10203 9901
f 9802 9800 9224
f 1485 365 6090
f 10351 12496 10677
f 8626 5727 12440
f 12682 12439 11641
f 11074 11332 11833
f 12049 12214 12237
f 13373 12928 13369
f 11075 10983 11862
f 12231 12884 13446
f 4201 3902 4210
f 3576 3879 2446
f 7773 7763 7048
f 129 2092 128
f 10619 10909 10449
f 10340 10357 10557
f 9316 8321 7179
f 12084 10165 13175
f 58 332 1485
f 4254 3991 3988
f 1402 1110 1391
f 3711 3748 4047
f 4531 3611 3618
f 7149 2905 8292
f 1309 3853 3543
f 1766 7150 2073
f 6038 5764 2832
f 3039 3329 7756
f 3901 205 492
f 2446 2454 2729
f 564 845 274
f 10764 7503 9996
f 10304 5611 10517
f 7732 4926 6747
f 11399 13017 13036
f 9844 11844 11190
f 2837 3171 2879
f 2684 2406 2692
f 11168 11306 11823
f 6305 1724 6303
f 3983 5283 5567
f 1013 4451 1006
f 12273 9886 10216
f 11566 8589 8604
f 5919 6188 5910
f 6711 9071 9644
f 11414 13164 13016
f 5631 12423 4720
f 25 664 634
f 3115 2857 2908
f 5129 5420 4124
f 4009 3802 292
f 7055 9451 7771
f 3442 903 1203
f 13008 10228 13455
f 12671 2418 12427
f 10586 10869 10585
f 10648 12494 12409
f 5473 4169 5191
f 3390 7385 8538
f 3646 4559 4252
f 10457 10302 10550
f 5894 5908 6178
f 1988 1994 2821
f 10464 10760 10473
f 7567 7644 4878
f 495 1648 12541
f 3115 2908 2907
f 8458 8448 7311
f 9975 10836 10763
f 5467 5293 5575
f 12082 10993 5842
f 13427 13152 12280
f 9183 6546 9182
f 11317 13323 11351
f 8227 8222 8485
f 93 651 90
f 3443 3734 990
f 12063 9882 12294
f 8625 12686 12441
f 9445 8873 7779
f 10301 10000 10798
f 10301 10798 10000
f 12371 12645 11601
f 9837 10182 9602
f 3593 2465 3597
f 1108 1098 1400
f 9242 8734 9590
f 11703 11089 10952
f 3039 7024 7741
f 12434 12690 12439
f 9248 8668 9281
f 3066 7354 8501
f 8276 7135 2837
f 12372 7936 10346
f 5892 5902 6168
f 11825 11296 11295
f 752 2156 185
f 7120 6376 7186
f 9195 8886 8889
f 1654 3904 4204
f 11573 7501 8576
f 171 2421 442
f 7095 5288 7820
f 1146 1437 1141
f 12238 10241 9911
f 6023 6034 5747
f 3592 4507 2744
f 13139 13407 12115
f 2186 2182 1918
f 7560 7998 7558
f 5778 2857 6081
f 2847 5843 3156
f 11560 13127 10292
f 6311 12892 5772
f 1924 1914 2185
f 4611 4695 5593
f 2002 1774 1816
f 37 342 640
f 11516 9422 8859
f 9977 8554 10631
f 8943 6568 7377
f 312 1535 330
f 8141 6458 8149
f 779 5213 1931
f 8397 3247 2963
f 11003 11766 11000
f 5520 3906 4208
f 3906 10576 4206
f 735 169 449
f 11403 12965 11407
f 8674 8673 9563
f 7253 8392 7240
f 11058 11228 11345
f 5327 5047 6880
f 6316 5820 2837
f 7853 7444 8566
f 11826 11102 12870
f 4156 5164 5170
f 5627 10400 4701
f 9232 8659 9295
f 4278 5566 4272
f 10326 10050 7926
f 4004 5145 5146
f 7580 6914 6858
f 9380 1018 1311
f 64 662 53
f 8159 7262 6462
f 4761 3697 5739
f 1359 1073 1070
f 782 223 5513
f 594 62 336
f 5178 5452 5171
f 3170 2903 3197
f 6975 9642 9355
f 9229 9225 9805
f 7892 7483 10790
f 3466 1261 4403
f 751 1891 11984
f 6850 4807 6621
f 12219 9867 10193
f 1715 554 1712
f 4241 5259 3947
f 10957 11754 11235
f 3998 3722 5107
f 11928 12525 12723
f 2003 2629 1999
f 7404 11609 10828
f 2554 2304 323
f 2285 2350 2569
f 10334 10040 4044
f 11993 10719 10717
f 10876 5274 1127
f 9261 8740 7165
f 11188 11302 12984
f 9982 10306 10499
f 9847 9864 10201
f 7847 7433 7434
f 10173 12113 10193
f 713 146 5449
f 5439 5438 5158
f 12974 11336 13479
f 1449 103 595
f 3139 5817 2902
f 12058 12259 12276
f 4246 5258 4234
f 12954 13393 12953
f 5218 3919 4218
f 7885 7493 7437
f 9842 10166 9623
f 9240 8963 8706
f 2397 2678 2671
f 6850 6621 3163
f 5646 10388 5671
f 11915 10668 12754
f 8685 9291 9287
f 11994 12791 825
f 12602 12360 2587
f 1151 4596 1442
f 9516 13119 7111
f 2153 738 1884
f 3496 2332 2604
f 2004 1780 1746
f 9297 9592 6907
f 3930 1383 3617
f 2228 1957 2516
f 8970 9585 9552
f 294 622 1500
f 1164 930 5323
f 856 1176 1286
f 2833 3192 3191
f 13249 3033 11002
f 1801 2358 2634
f 9245 9256 8735
f 8022 6045 5843
f 2837 6097 3171
f 7759 7034 4956
f 13293 11319 11347
f 7392 7516 7842
f 436 6438 2414
f 9116 9684 4921
f 12456 12019 10738
f 6354 8085 6361
f 11922 12477 12735
f 1725 560 1719
f 12795 12548 10707
f 9736 9165 9170
f 23 583 27
f 10257 9931 10251
f 6111 6116 3205
f 151 414 702
f 3964 4266 3972
f 6820 4999 5005
f 4926 9109 4923
f 10525 5701 4683
f 13152 12076 12280
f 9238 9243 8680
f 1631 481 478
f 4240 5535 5259
f 2825 3117 6025
f 4554 3641 4559
f 3396 4426 2277
f 9239 8760 8722
f 10851 10573 12784
f 5749 6316 7135
f 11061 11219 10206
f 6057 6689 4873
f 5272 5558 249
f 8012 8054 8323
f 2048 1812 2599
f 12225 9863 12103
f 9156 9154 9728
f 9710 9142 9715
f 1692 520 1684
f 10786 10572 10854
f 1170 2044 8740
f 613 6090 3164
f 3642 4552 1398
f 5759 6682 6102
f 9527 13128 13126
f 12157 11002 11767
f 9279 8693 8742
f 12727 12535 11972
f 12333 12172 12175
f 1798 2079 991
f 10931 10930 13332
f 8591 12656 11613
f 2029 2039 2339
f 11074 10984 11748
f 2482 225 2201
f 6153 5991 5993
f 1162 3409 857
f 11456 9871 10200
f 13283 13542 13544
f 7606 6924 13216
f 859 1188 861
f 12521 12768 12532
f 7858 5655 7441
f 11973 10695 674
f 9600 4425 6694
f 10648 8591 10804
f 868 1198 893
f 7218 3236 8379
f 13538 13119 13386
f 5171 5165 4151
f 604 96 2065
f 1934 1367 2194
f 8201 5946 6501
f 9238 9291 9536
f 5808 2915 5837
f 9305 9582 8044
f 13185 13503 12083
f 6790 7775 7046
f 293 1484 71
f 11716 10966 11737
f 2308 2583 1812
f 12035 12836 12587
f 11185 11238 11110
f 2684 8131 6435
f 3916 5230 5509
f 8047 8333 8072
f 11041 11798 11273
f 7317 8192 8445
f 6995 3257 2978
f 1309 5447 145
f 5068 3760 5342
f 8006 2567 2291
f 6866 7610 7626
f 8205 9133 9700
f 8 12 9
f 13011 11460 10166
f 13291 12315 11704
f 7329 7351 8497
f 13110 13103 11537
f 3431 4376 4414
f 12288 13491 13225
f 242 823 822
f 1170 4325 2044
f 13279 9958 12352
f 1255 4415 1273
f 491 12541 10699
f 11769 12927 13366
f 8344 8353 8091
f 7000 7764 7047
f 11682 10987 12857
f 11312 11828 11840
f 10458 4717 10311
f 6340 2866 7168
f 2136 7251 1319
f 13382 11783 11026
f 2165 1897 2173
f 5316 5370 3747
f 4065 3819 4119
f 2288 2060 2589
f 11573 12643 4713
f 13144 10173 10193
f 9196 9203 9778
f 8632 12694 12444
f 7851 12410 12665
f 11261 11130 11140
f 295 1470 341
f 9595 9030 8068
f 9394 9391 8820
f 9399 9115 9685
f 12748 12533 11971
f 6322 8041 8332
f 5711 10595 4746
f 9984 10356 10028
f 11063 11297 11173
f 10139 11194 11056
f 10623 10132 10454
f 4775 8707 7578
f 3573 4174 3874
f 8770 9340 9062
f 5746 3184 6338
f 6651 6916 7627
f 606 2891 71
f 12636 12400 8582
f 6526 7334 6514
f 5028 5413 3759
f 8578 12397 12630
f 13525 13265 7810
f 3127 6073 5816
f 5749 2900 3188
f 12443 12687 11648
f 5338 5332 3730
f 11991 10705 11990
f 7107 5020 6839
f 11378 11892 11266
f 2920 5845 6129
f 3513 3503 3518
f 3136 2851 2886
f 4250 3955 5556
f 1405 3629 3940
f 5386 5108 3828
f 8282 8030 7155
f 11466 13058 9913
f 9397 8826 9405
f 12085 12254 13449
f 7193 6396 7202
f 11651 11648 8625
f 8659 8765 4790
f 5531 5516 5240
f 9645 4889 6701
f 4516 3597 4514
f 11376 11254 11370
f 5794 84 358
f 2872 84 5794
f 11366 11143 11248
f 12163 13251 13516
f 11571 12650 12396
f 7571 6962 7579
f 173 443 741
f 10913 12094 10937
f 3956 5271 5557
f 6205 5925 8177
f 6752 4936 7734
f 6745 6742 9682
f 2151 8609 2419
f 12060 9879 11507
f 503 498 1659
f 4300 3445 1188
f 8661 6864 7583
f 4334 4715 3516
f 5716 5725 4743
f 1780 81 643
f 5134 4433 4131
f 2740 2459 1912
f 2494 2768 2499
f 1251 2051 954
f 10746 12021 11661
f 9112 8159 6469
f 7714 7003 6996
f 2765 2774 2500
f 11718 10964 13331
f 240 528 807
f 1468 90 651
f 9753 9749 9464
f 3404 4321 906
f 3174 7637 6925
f 9013 8715 8733
f 5971 5968 6256
f 8993 9579 8763
f 11169 11191 11346
f 11143 12679 11259
f 10321 10520 10538
f 13168 13441 10007
f 7662 6931 7673
f 4763 6597 6623
f 13109 11534 11542
f 8060 8074 6367
f 10753 12845 12034
f 9231 9526 8949
f 6064 6648 7649
f 5265 3942 5546
f 5613 4699 7930
f 9854 10233 9906
f 9530 8722 9012
f 3164 3177 68
f 4589 1425 3684
f 9531 9528 9057
f 1453 376 634
f 1718 558 3966
f 5027 7114 9799
f 9483 9492 8907
f 1453 634 376
f 717 149 428
f 2434 2701 2706
f 12718 12479 12730
f 9862 10211 10240
f 207 769 206
f 4260 3978 5574
f 12382 8605 8604
f 7076 9468 9745
f 12430 12438 12561
f 2265 311 2017
f 13207 13506 13243
f 12574 12002 12942
f 6386 8356 8074
f 8996 4794 6666
f 7777 3350 3054
f 9551 4871 9053
f 13302 11734 6062
f 4249 4554 5262
f 6027 5765 8013
f 12559 12438 12805
f 5650 4663 4662
f 13334 12910 11353
f 6906 6669 7627
f 11270 11383 11151
f 1459 301 612
f 5931 6220 6211
f 5084 3823 5360
f 6042 11706 3123
f 12358 11801 11044
f 4309 3519 8970
f 8000 10442 10119
f 8538 8531 8257
f 6653 4850 6698
f 3119 5757 2891
f 7198 8075 7208
f 3150 6071 3161
f 7436 7945 7502
f 13528 7094 7807
f 11052 11092 11847
f 8517 7364 8515
f 1602 6726 4163
f 9775 9201 8914
f 10363 10073 10543
f 3704 4004 5334
f 7085 6812 9187
f 8658 7574 9259
f 8006 6351 8055
f 11745 10978 11748
f 1710 268 841
f 8288 8054 8012
f 13155 12298 13227
f 12699 12826 11659
f 8308 7157 9338
f 12631 12406 9
f 12631 9 12406
f 4301 899 3499
f 9997 10313 10317
f 9249 8688 11452
f 5379 5124 5402
f 8330 6387 8061
f 8900 9802 9224
f 2819 2543 2259
f 4323 4417 3500
f 9572 9565 8991
f 9151 8863 8858
f 964 3493 1255
f 11951 10687 10673
f 13094 9936 10261
f 12088 13483 13178
f 5329 5046 5365
f 2447 2453 2717
f 3391 4469 2431
f 10141 9534 9835
f 7149 6350 5829
f 6546 8239 8238
f 7285 6475 8162
f 866 4330 918
f 1191 897 5368
f 7025 7738 9411
f 7950 7506 7948
f 8806 3553 1304
f 8979 9563 9562
f 2267 2571 2321
f 8930 9504 8929
f 6167 5888 5882
f 4659 5679 7439
f 4027 3775 3744
f 2477 2747 2475
f 7655 6087 2888
f 1559 1551 1548
f 603 72 10655
f 8105 6131 8368
f 3366 3075 3376
f 1453 1814 1511
f 11762 12922 13360
f 8785 8093 9638
f 6035 2876 5798
f 12466 12724 292
f 2575 2591 1767
f 4142 5434 3835
f 10875 10099 7983
f 4760 10438 10608
f 4760 10608 10438
f 7699 4897 6982
f 11379 11894 11895
f 6936 7664 4850
f 5952 7749 3034
f 13423 13462 13229
f 4050 5083 5349
f 5002 6819 7808
f 9737 4965 6786
f 1169 900 3441
f 11307 11239 11851
f 2122 1580 1851
f 11438 13066 12991
f 11461 13072 11511
f 13299 11758 13326
f 5998 3079 5992
f 1151 4281 4596
f 3146 6902 2856
f 1513 640 342
f 9624 9353 6969
f 7690 6967 9070
f 7620 6922 6651
f 161 730 438
f 2561 8043 1491
f 5947 6225 11764
f 9278 8721 8710
f 10208 11484 10232
f 11482 11357 13044
f 8430 7294 8178
f 12792 12566 12546
f 11330 11344 11846
f 8730 9306 8759
f 8405 8141 6449
f 12197 12353 10289
f 1025 3558 4461
f 8273 8335 7159
f 12644 5685 4692
f 12831 12583 12829
f 4279 3995 3695
f 12238 13244 12152
f 10761 7454 9985
f 7143 8328 8052
f 952 1285 3522
f 11937 11959 10667
f 11110 11238 6391
f 7068 7784 7064
f 5758 6078 5794
f 13208 13484 13493
f 10299 7870 9996
f 12103 12145 10218
f 2033 1816 1774
f 8545 7889 12417
f 13406 13167 13176
f 11639 8623 11646
f 6900 8761 6666
f 12858 11868 11864
f 9192 9489 8906
f 12354 12193 12351
f 5745 6038 5765
f 434 442 2421
f 7057 7056 7765
f 1695 543 6005
f 1999 41 1743
f 10294 10790 9984
f 1945 7332 2206
f 8968 9014 8700
f 7745 3328 7040
f 10153 9831 9882
f 9217 9214 9798
f 8421 6454 11877
f 10203 11480 9901
f 12657 11616 7505
f 13191 4860 12089
f 1788 2071 1801
f 8332 8072 7183
f 13012 11354 11453
f 8660 5404 7665
f 8402 8413 7263
f 6044 8024 3196
f 9812 10143 12964
f 6041 5829 5793
f 11104 11245 6457
f 11067 11481 12879
f 11822 11296 13318
f 11683 13500 13335
f 11576 12637 12609
f 2826 7626 3157
f 1314 1019 1013
f 9416 9124 9706
f 13417 13146 13050
f 9953 10275 11543
f 286 2268 2552
f 10182 9887 10217
f 3632 1395 1103
f 7215 8362 6400
f 2678 2390 2671
f 6296 548 6010
f 2244 2792 2523
f 9551 9008 8681
f 11692 12886 10964
f 2761 521 1683
f 11328 11863 11346
f 9875 10206 9874
f 5702 7519 4722
f 10942 11742 11232
f 7131 2908 6322
f 8061 8057 9603
f 338 1542 666
f 8276 3190 3191
f 6484 6308 9800
f 10764 7500 7503
f 3091 7369 6549
f 2265 2017 3393
f 8273 7159 7152
f 4703 7952 11613
f 11182 8013 6325
f 10154 11496 9890
f 4811 6673 7685
f 7329 6540 8243
f 7087 7071 6818
f 2876 3202 2918
f 3354 3064 8497
f 4763 6582 9595
f 10765 10030 10028
f 618 377 1509
f 10669 12520 11960
f 2392 2106 2672
f 9630 9343 9638
f 6614 9555 9273
f 9834 10170 10161
f 8943 9515 8942
f 5825 6389 9054
f 2844 5769 7152
f 857 1242 942
f 5769 6321 7152
f 693 2666 404
f 3110 2841 6034
f 3371 8518 7366
f 7970 7975 7522
f 11580 7494 7936
f 9571 8702 6690
f 11400 7857 7393
f 3392 4307 4322
f 5760 11706 6042
f 6851 9279 7635
f 10016 10404 10846
f 6328 8053 6366
f 13056 11510 10240
f 13383 10734 13387
f 981 1275 4433
f 2005 1746 1780
f 6338 8052 6347
f 6630 7612 4820
f 4770 6659 4832
f 9649 4887 6704
f 7435 7935 10242
f 593 588 1470
f 8886 7065 9453
f 5114 10056 10831
f 7383 8533 8262
f 13319 12883 11721
f 6847 7628 6928
f 6988 7702 3252
f 5391 75 5099
f 3406 3405 4313
f 8018 6350 6336
f 8981 9557 6347
f 4959 6770 7039
f 1921 2460 2178
f 12182 12342 12187
f 12535 10692 11972
f 12502 10338 10075
f 11710 10943 11191
f 2848 6103 3209
f 3726 4405 3749
f 3146 3157 6902
f 1269 3525 2633
f 5336 3421 1194
f 7119 8274 2899
f 7119 2899 3114
f 4501 2474 2473
f 4480 3565 3571
f 2643 2354 2364
f 2939 7227 7212
f 6060 6090 5810
f 10935 11724 11706
f 2563 2297 2010
f 7046 6769 7038
f 11436 12977 11457
f 3258 712 6171
f 4029 4066 3733
f 11452 9035 12998
f 5375 10079 10393
f 2278 2003 1743
f 2845 2869 5844
f 11282 11393 11674
f 12382 12618 12388
f 5353 5071 902
f 7121 2879 6313
f 11185 11332 11074
f 6313 2879 5789
f 6847 3146 7563
f 7844 7459 4689
f 9749 7779 9164
f 9232 6885 8659
f 5982 6280 6548
f 4763 6623 4805
f 3129 3162 3207
f 6925 2894 3182
f 13337 12900 11753
f 6082 5807 5837
f 8274 7143 3184
f 4902 7697 6719
f 6311 5772 8050
f 6638 6936 4850
f 3251 5877 6164
f 4763 4805 6582
f 2914 3205 7204
f 3898 4191 5207
f 11604 12649 12414
f 7060 11523 8902
f 3667 4570 3665
f 9022 9617 4851
f 8229 8494 6532
f 8273 7152 8017
f 421 142 3856
f 5052 4057 3832
f 8017 7152 6321
f 1662 842 284
f 7522 10086 10868
f 73 2035 1808
f 3709 5700 10327
f 11742 12144 11232
f 6409 8374 7219
f 8017 6321 6326
f 203 5507 1361
f 12850 13296 12866
f 13422 13196 13458
f 50 617 57
f 4752 7997 10890
f 7156 8314 6366
f 1734 2026 1814
f 4157 4154 5167
f 2024 40 608
f 5754 6052 5787
f 1923 1917 2183
f 9237 9258 9020
f 10778 10072 10538
f 4795 4859 6670
f 1868 8393 7249
f 613 598 58
f 2142 1874 2138
f 10192 9888 9885
f 4801 6632 6627
f 1794 2060 2055
f 12072 12246 12139
f 7132 8678 11114
f 1207 7924 12415
f 1739 2060 2297
f 10627 11962 11933
f 12691 8623 12445
f 11603 11619 8593
f 98 369 111
f 8275 3193 6106
f 11603 8593 11619
f 2292 1816 2632
f 3569 3563 4474
f 9857 10233 9854
f 2918 3204 2922
f 8551 5639 7890
f 6053 2858 5826
f 1737 2044 2042
f 11825 11087 11204
f 6670 4859 6955
f 720 1601 447
f 1167 8668 7173
f 9811 9817 10208
f 11054 11212 11097
f 5591 1447 1157
f 3082 3079 5998
f 3925 4219 3918
f 7547 5724 7986
f 7315 8452 8850
f 3850 1295 3532
f 6166 5881 6157
f 4 9 6
f 3898 501 4195
f 5993 5991 6284
f 9419 9411 8450
f 1773 1253 960
f 458 741 2704
f 13314 2830 13329
f 1976 1975 2247
f 6773 9428 7037
f 7012 7004 7727
f 6865 6596 7601
f 6670 6955 6102
f 1463 326 336
f 8273 8017 6326
f 9971 10006 10005
f 10912 10455 10625
f 11432 10217 11419
f 2273 2279 2003
f 2998 6189 5917
f 11366 11255 11133
f 3927 515 4216
f 13436 12311 13452
f 11805 11069 11318
f 9857 12293 10233
f 11192 11325 11071
f 1162 857 942
f 12705 12458 12457
f 12705 12457 12458
f 7885 1230 929
f 10644 10946 13351
f 4222 5519 3915
f 10712 10703 828
f 7886 7919 7492
f 7118 2896 2899
f 5915 2983 6191
f 4053 3467 4360
f 9498 3377 8523
f 5749 7135 2900
f 7138 8331 8041
f 8306 7153 8045
f 2193 1665 1933
f 10384 10558 10066
f 11307 11856 11180
f 2608 2345 2617
f 3115 8295 6081
f 3122 12889 2877
f 4334 4375 3515
f 12125 6642 4841
f 2583 2036 1786
f 3740 5357 5078
f 6866 7626 6688
f 5339 622 55
f 233 811 805
f 12222 10967 11743
f 1096 5256 5533
f 12960 13547 13398
f 8334 3191 3190
f 3145 2862 6948
f 318 59 1496
f 9833 9323 10185
f 9235 8661 8689
f 7854 5677 5636
f 9245 9570 8682
f 12471 12777 10385
f 12921 6220 5931
f 11440 10175 11499
f 12777 12767 12530
f 562 276 3382
f 5311 4045 5106
f 10309 10512 10555
f 1355 1057 1917
f 12592 12828 12838
f 9980 10493 4642
f 158 2128 1876
f 8303 7164 8083
f 3548 1302 1007
f 5260 5537 5541
f 5332 5094 5411
f 2761 1683 4225
f 13303 12893 13316
f 3989 1430 5292
f 1897 179 1889
f 7847 5680 7433
f 6065 6948 6679
f 655 674 1548
f 8019 6331 2303
f 10022 5688 7947
f 10951 10969 12883
f 2000 7852 1775
f 275 844 274
f 11052 11202 11193
f 12993 13053 11507
f 12993 11507 13053
f 9878 13076 10240
f 2007 2311 1752
f 2678 1855 1848
f 4380 2609 2608
f 5596 5663 4610
f 6545 7355 8238
f 9146 9423 8858
f 6225 3304 11764
f 5778 6081 6093
f 9605 4384 9052
f 23 4115 583
f 161 1872 2143
f 12362 8564 12606
f 5746 6032 5756
f 6132 5848 5854
f 3393 991 4371
f 13174 11494 13232
f 12485 12730 12479
f 11791 11149 11789
f 7564 8709 9259
f 13304 10967 13458
f 4006 3709 10327
f 6413 10996 11123
f 4071 3774 3789
f 8369 7231 8114
f 11717 13343 10971
f 8415 7270 8146
f 4498 9702 3584
f 11421 9350 8663
f 3551 1305 4452
f 6709 4891 6714
f 6205 6195 5925
f 6331 365 2303
f 2125 2402 2676
f 7626 4873 6688
f 7316 8446 7301
f 8223 6253 3344
f 2831 5773 4797
f 10156 9917 9916
f 9375 9366 8802
f 6033 3142 5766
f 8271 8530 7374
f 12213 13422 11690
f 3863 4160 4167
f 6446 8407 11246
f 8206 9701 9699
f 11051 6369 11205
f 8276 3153 2900
f 2941 3240 2948
f 10874 10086 10885
f 299 69 90
f 1357 4503 1921
f 7090 7805 4992
f 5044 10783 5375
f 13517 7035 6778
f 155 2398 2670
f 12365 12624 12636
f 5946 7295 6501
f 12207 12071 13163
f 646 82 101
f 9108 9107 8815
f 5503 5226 5230
f 204 200 763
f 2423 2457 2720
f 2987 2986 5901
f 11708 13333 11722
f 9988 10522 10775
f 5733 4756 10431
f 8498 8262 8533
f 7966 3651 1417
f 1190 4324 3507
f 9535 8760 6872
f 11763 13363 3310
f 11051 11205 11860
f 13414 13470 13180
f 1749 1767 2031
f 5624 4681 4636
f 6024 3176 2871
f 8632 12450 12694
f 5308 4605 1158
f 156 1593 2976
f 12493 8577 10670
f 8715 9628 9002
f 12615 12376 12653
f 4238 4539 3936
f 12852 13325 12866
f 9587 9036 9064
f 9449 8884 9455
f 9382 8812 8816
f 7327 8465 7321
f 8483 3346 8224
f 5759 6102 5756
f 8543 6579 8272
f 13367 13366 11768
f 7668 6686 6942
f 420 139 1584
f 9732 9159 9153
f 7912 5672 7945
f 12527 10684 11970
f 1735 2615 2043
f 4463 1328 1022
f 7456 1257 969
f 8547 8598 11565
f 12251 13207 13484
f 10463 10352 10294
f 12865 12857 13487
f 3116 2848 2925
f 3145 6065 5828
f 2682 2119 2675
f 1738 2043 2614
f 7396 4650 5651
f 340 3796 1542
f 5322 1176 5122
f 239 235 810
f 6587 6600 4786
f 8900 7833 7115
f 1945 805 3345
f 8657 9251 11506
f 12220 12080 12078
f 1521 369 98
f 1745 2598 2045
f 11822 11295 11296
f 6892 6640 4834
f 5618 4672 5698
f 5502 210 3899
f 12740 12782 12757
f 12046 13405 13141
f 6671 4868 6683
f 7739 6749 7022
f 11431 12981 13078
f 11421 10215 12992
f 11179 11060 11215
f 6916 3179 2894
f 2204 2751 2479
f 285 2340 2287
f 7602 5342 6960
f 1167 4414 3509
f 12043 10137 9906
f 814 525 1690
f 11190 11844 11342
f 12798 827 1699
f 1160 5041 944
f 4774 6679 7598
f 10782 10563 9990
f 3716 5046 5329
f 3035 8449 7304
f 2548 2630 1813
f 870 4402 3499
f 6898 8712 7684
f 7319 8842 9413
f 578 11577 11923
f 12247 9876 13454
f 8657 9240 9251
f 8122 8120 6423
f 9309 8733 8751
f 12217 12107 12057
f 4193 5201 5481
f 6759 6768 4940
f 2655 2385 2095
f 5576 5295 5282
f 2270 351 1455
f 7046 3331 6246
f 10977 11117 11233
f 13300 12876 13349
f 6601 6656 6901
f 13138 12041 12238
f 13474 13216 6924
f 5705 10120 10443
f 1727 2814 2257
f 1143 1138 1432
f 12800 10720 12569
f 1590 144 415
f 7210 8350 7201
f 431 150 703
f 6882 6614 9273
f 9072 9638 9062
f 11495 11514 13084
f 9811 10208 10172
f 1051 1424 5290
f 6110 3212 13354
f 10172 10208 9876
f 1458 3207 6118
f 2622 1796 2640
f 9377 8803 8797
f 12238 13476 13244
f 3963 3647 1419
f 13307 11732 12900
f 3778 4111 5136
f 7130 6326 6359
f 2004 304 81
f 11777 6005 11020
f 6024 5785 2918
f 9379 7262 9385
f 1065 1369 1073
f 9154 9429 8856
f 11084 10191 10960
f 10754 10050 9984
f 8361 3215 2923
f 313 2340 2615
f 7096 5007 6825
f 12808 10714 12000
f 579 672 77
f 12159 12161 12318
f 9852 13030 9009
f 2059 2356 2605
f 12290 12118 12283
f 3468 1237 951
f 11467 9876 10208
f 10168 10227 9901
f 12280 12124 12289
f 10015 10801 10063
f 6059 6079 5802
f 1408 1417 1117
f 5113 5429 10076
f 12046 11423 9918
f 12011 12807 12561
f 2011 77 672
f 2047 375 67
f 10662 12412 11625
f 8786 7686 6973
f 10503 12148 10386
f 7334 7325 6514
f 3298 8429 3010
f 4273 5573 4570
f 1499 2626 2311
f 11795 6019 11034
f 860 4306 4305
f 399 2365 2648
f 1029 1022 1327
f 12434 4740 12690
f 5105 5422 4075
f 10183 9874 12265
f 572 3129 68
f 12159 11003 5950
f 5462 5461 5181
f 6592 6591 4815
f 3468 1236 1237
f 7732 7015 9394
f 13404 12113 12977
f 4772 6596 7571
f 12209 12113 13404
f 574 51 612
f 2801 1981 2251
f 3115 2907 8295
f 2550 1814 1453
f 6171 6178 5903
f 11316 11190 11193
f 11456 13039 9871
f 2596 1512 2333
f 13301 12903 3185
f 12624 8592 4672
f 12236 12265 12119
f 3950 3960 4242
f 2193 498 1665
f 6653 6099 3180
f 4227 4239 3934
f 9727 9431 9439
f 4220 3917 5512
f 573 29 1464
f 13118 9957 10281
f 11165 11182 11080
f 5118 5135 5396
f 12952 6019 3101
f 9265 9631 8719
f 13550 13286 13131
f 8006 8279 1737
f 13337 11753 10993
f 11289 11856 11307
f 13127 11274 11900
f 5024 8943 7112
f 9674 9392 9388
f 3108 2922 8333
f 890 1252 3524
f 2851 3159 2886
f 11180 11215 11102
f 12605 11567 12411
f 9247 7145 8663
f 9803 9220 5022
f 9786 8922 9496
f 13049 9898 13048
f 13032 11468 11467
f 8587 10692 12421
f 2246 1972 2792
f 3187 6091 5844
f 4613 5665 5608
f 6056 8040 9627
f 3850 3852 4151
f 5716 8613 7964
f 4193 3887 4191
f 3118 2871 2917
f 3118 2917 2871
f 9669 9102 9383
f 8226 8217 8221
f 7395 7394 7956
f 10159 12269 9885
f 6115 3199 3214
f 3484 4395 2619
f 3376 6282 6281
f 8403 7265 2978
f 13195 12904 13470
f 7545 7554 7984
f 11838 10991 11233
f 12720 11966 11587
f 11926 10672 10689
f 4380 2331 2609
f 6612 4793 4836
f 6867 7614 7669
f 13451 12129 12293
f 3059 805 238
f 10585 3962 4258
f 3727 3424 4045
f 6952 6699 4880
f 941 939 4370
f 10302 4012 10550
f 8704 9046 9043
f 3410 868 1207
f 1560 381 1552
f 1711 547 834
f 1755 1766 2073
f 9023 3489 2335
f 300 374 1541
f 3744 4095 4854
f 116 680 108
f 5034 4052 5400
f 7370 7369 8519
f 11187 11072 11232
f 2560 2303 365
f 5401 974 1253
f 6865 6692 6962
f 3315 3027 7305
f 1165 3409 3778
f 11560 11557 13125
f 8988 8705 9573
f 11058 10942 11232
f 2266 2019 2353
f 1499 341 4120
f 3680 3676 4585
f 13138 13444 13427
f 10311 5608 4688
f 1116 4236 4542
f 8901 7802 7085
f 2509 2219 2227
f 13274 12342 13532
f 2796 2800 2799
f 2192 1910 6506
f 9011 8078 9625
f 7916 7939 7472
f 1830 1819 2091
f 11227 9892 10238
f 6591 9029 6689
f 4254 3988 5300
f 1674 509 226
f 3963 4252 3647
f 11408 10172 13203
f 13403 12286 12250
f 2657 2374 2661
f 10477 12245 4662
f 11446 9884 10229
f 12736 12747 12787
f 1462 332 21
f 11805 11841 11334
f 7288 8434 2998
f 13183 4863 10226
f 11555 13541 13275
f 799 507 227
f 7025 7023 7738
f 11311 11323 11838
f 7059 7766 7058
f 9238 9573 9291
f 13009 11485 10177
f 10162 11459 13005
f 9324 8346 7187
f 3665 4569 1422
f 8290 2922 3204
f 1461 12786 11925
f 3658 4566 5717
f 3310 3025 6220
f 9140 9144 9716
f 2290 2570 3425
f 2118 3852 2387
f 4361 3761 5422
f 6981 9656 6713
f 1211 5103 961
f 712 425 1581
f 11792 11148 11033
f 1109 7960 7518
f 2490 521 2761
f 8025 8301 8028
f 5147 4134 5435
f 516 1672 2756
f 322 5812 6351
f 10756 10028 10356
f 6315 8055 8310
f 7462 8591 11613
f 13184 4820 7612
f 6446 2399 7257
f 6588 9011 9614
f 10338 10360 12756
f 9880 7489 10235
f 8547 11565 12637
f 12331 9732 9923
f 10934 11698 11701
f 11931 10651 11940
f 12979 10192 9885
f 4144 1565 2645
f 8109 5858 6413
f 5026 6842 9801
f 1893 8609 2151
f 9530 9012 8964
f 2136 1880 2142
f 2032 2315 2316
f 2620 1802 1820
f 6860 13431 3185
f 11427 9839 11119
f 11168 11214 11306
f 7031 3320 3032
f 8687 6917 7593
f 2227 1952 1953
f 3744 4854 5404
f 9531 4770 6677
f 11184 11755 11328
f 12395 12664 12420
f 4822 6641 6905
f 7032 3034 7749
f 2837 2879 3190
f 3954 4245 3952
f 6634 4822 6894
f 6408 8103 8118
f 10663 10024 11974
f 8169 6485 6477
f 9231 8949 9520
f 12000 10715 10096
f 4565 3657 1128
f 4755 4590 7538
f 10617 4758 10614
f 4769 6593 4087
f 4770 4832 6677
f 10755 10473 10760
f 3930 5536 1383
f 7691 6971 6969
f 1631 1892 2712
f 8026 5775 6119
f 6788 9149 4961
f 1742 881 2015
f 10062 10854 10572
f 9994 10065 10851
f 11276 11154 11903
f 9513 9799 7114
f 7141 8078 6359
f 689 2088 125
f 13019 11456 10179
f 11308 11828 11837
f 4237 4232 3932
f 5272 1960 1122
f 11141 6009 11774
f 10017 10554 10397
f 4482 4175 3875
f 5032 5320 4042
f 10758 10079 10783
f 5162 997 5442
f 9654 9081 9367
f 4726 5704 4725
f 3070 5974 6258
f 3130 5777 2860
f 2288 2303 2560
f 3255 2961 3246
f 568 8263 6306
f 5977 3352 3063
f 13435 9993 6869
f 12397 8583 11616
f 1177 892 878
f 3613 4229 3933
f 9284 8696 6939
f 12858 11864 11117
f 1656 489 12789
f 5784 6669 2870
f 5625 7917 3447
f 6334 10214 11100
f 12680 2786 2510
f 2268 349 2574
f 1508 5142 4081
f 5180 5178 6997
f 577 1518 581
f 5405 959 5134
f 13297 11336 13051
f 11059 10237 10957
f 12747 10656 10668
f 6587 9548 6031
f 2759 2485 2486
f 5042 867 911
f 9137 9714 9147
f 4777 7670 13246
f 295 341 1499
f 4907 4910 6728
f 313 1511 2287
f 3975 4264 5284
f 12718 10649 12479
f 911 1222 925
f 1955 2225 2774
f 11943 11579 12666
f 10466 10027 10354
f 3482 1519 4085
f 4274 1427 3673
f 6429 8126 8377
f 2829 7573 7614
f 8703 9303 8718
f 2021 595 1760
f 12046 9918 12240
f 3993 4289 5586
f 7122 8303 9268
f 6574 8262 6568
f 9611 9631 9040
f 3681 3970 4587
f 1180 2015 881
f 13415 11705 12302
f 63 628 2067
f 8014 8034 6372
f 3120 3124 5823
f 8014 6318 8034
f 12086 12306 10227
f 1180 7864 8567
f 11694 12227 13413
f 4495 1049 1346
f 2468 1361 3596
f 12635 11585 8574
f 5663 7483 7904
f 5328 10052 3798
f 1454 4003 288
f 5364 3832 5153
f 10350 10813 10516
f 10791 10553 10548
f 7123 6378 8317
f 3927 5526 1390
f 1617 727 455
f 129 115 2092
f 9141 8212 9717
f 9556 9633 6693
f 9302 6677 6945
f 8320 3165 6930
f 5619 4323 3500
f 3446 4056 3758
f 4381 3485 3473
f 4734 12674 12673
f 13002 13074 13027
f 8279 7186 7165
f 3752 3756 5400
f 9504 9210 8929
f 12604 4710 11566
f 7524 7965 7540
f 1162 4319 3409
f 9816 12968 10145
f 10314 10311 5701
f 6706 6128 8096
f 8664 13030 11473
f 13027 11508 9873
f 1954 2506 2237
f 1521 1529 369
f 6849 9239 9530
f 11176 11299 11817
f 13153 13509 12274
f 462 1618 2711
f 3142 2884 2856
f 633 92 66
f 8662 9258 11462
f 12397 11616 12657
f 8393 7238 8387
f 7120 8275 6376
f 7566 6905 7666
f 7179 7189 8347
f 7996 5590 1446
f 9986 10849 7898
f 3443 990 1284
f 8942 6842 6843
f 9945 9205 10266
f 13338 11736 13483
f 10808 10797 10042
f 8662 9268 9258
f 12062 13219 10987
f 7573 6948 2862
f 5389 83 3781
f 2861 2921 7199
f 3120 6055 13305
f 1791 2064 1789
f 3450 1226 4345
f 13004 11499 11462
f 49 1765 628
f 8005 6374 6376
f 2529 11260 12678
f 406 2389 2378
f 7578 6899 7609
f 6169 6194 2993
f 12966 10135 11438
f 13292 12865 12911
f 5798 6107 5797
f 644 5116 5399
f 644 5399 5116
f 13420 13454 13202
f 3045 3331 7046
f 3296 3008 7281
f 11221 13077 9913
f 2206 7332 2477
f 3022 5936 6221
f 1204 899 5108
f 9971 5326 10824
f 1490 327 92
f 5184 719 5465
f 3173 6660 6931
f 10411 10577 10409
f 154 147 705
f 9175 9460 9744
f 7405 7852 7406
f 12509 10680 12755
f 2772 2767 2495
f 11436 9853 12977
f 11587 8596 8588
f 12729 11919 12752
f 3136 2886 8293
f 11627 1836 2106
f 9529 8965 8959
f 11244 2680 12668
f 4327 4095 3775
f 11396 11278 11158
f 5326 5145 5144
f 8506 9469 8915
f 1160 5325 5041
f 4009 612 5131
f 6979 7693 6712
f 12977 9853 12249
f 11547 9949 10274
f 6852 13184 7612
f 12814 12001 12567
f 1564 2643 396
f 2192 1918 2182
f 9832 12295 12081
f 4936 9696 9403
f 10505 3801 10393
f 3221 3213 2928
f 6200 8175 6738
f 6028 2889 5764
f 7487 10059 7935
f 10978 6107 11748
f 12032 10744 12028
f 8425 8421 7280
f 432 421 3862
f 9076 4891 4889
f 5665 7937 7943
f 11310 11240 11873
f 2270 351 24
f 2270 24 351
f 2328 2076 1277
f 7151 6361 8085
f 9542 6057 8022
f 3109 2915 2868
f 10916 12147 11694
f 2556 12378 12615
f 6027 6028 6038
f 6208 8428 8167
f 7425 10785 7908
f 11236 11872 11352
f 11051 11860 12892
f 12996 9858 11503
f 5103 5102 961
f 8023 7139 8290
f 13302 3123 11706
f 11891 11889 11368
f 7582 13508 3121
f 6021 6026 5753
f 7863 5613 7423
f 2892 3178 2909
f 5080 10811 7481
f 1181 965 912
f 10332 13502 10495
f 6213 5937 3016
f 1316 1140 5289
f 8318 8062 7190
f 12050 12296 10212
f 12050 10212 12296
f 11723 9892 11227
f 9817 10149 11484
f 5621 5661 4634
f 2159 187 475
f 10917 11708 13409
f 9319 8062 8318
f 9721 9428 8860
f 9766 10259 9186
f 12047 12150 13503
f 11050 11856 11108
f 10783 930 7461
f 2348 1823 2083
f 6536 8228 7351
f 11937 12767 10681
f 11208 11859 11231
f 449 440 1611
f 9931 10254 9929
f 4333 2571 3470
f 1514 633 4097
f 4628 7913 7929
f 6798 4976 6795
f 2734 2458 2172
f 9238 8680 9573
f 9005 8728 5841
f 6369 5837 2915
f 1164 885 930
f 5621 7473 4671
f 6340 6119 5783
f 5461 5188 5189
f 12471 10681 12767
f 6030 6039 5767
f 9010 9003 8711
f 4619 12392 12622
f 7429 4632 5616
f 9559 9008 9053
f 11638 10715 11644
f 4631 5681 7488
f 11929 10631 10679
f 10647 10652 12767
f 8015 6365 8286
f 4917 2984 5911
f 7557 10610 10900
f 467 465 455
f 13432 13240 13197
f 5358 3502 1219
f 4892 4898 6713
f 2548 1813 1546
f 1709 2789 2520
f 1809 1269 2633
f 2249 2529 2795
f 5734 10601 10429
f 11729 13340 11329
f 10686 91 11963
f 12855 11348 13342
f 10513 10387 10405
f 5615 1200 4341
f 4782 7623 8971
f 1787 2606 962
f 10582 3983 10438
f 10958 11119 11235
f 5215 5208 5492
f 8857 9421 7033
f 6597 4810 6623
f 6157 5881 2950
f 9522 8944 7834
f 1478 334 61
f 1111 3628 4538
f 4609 5685 12644
f 2493 2207 2214
f 5353 4054 5071
f 9419 8460 9411
f 5954 6763 4947
f 3945 3681 4586
f 3563 1324 3562
f 9992 13181 13482
f 11106 10985 11230
f 8753 8752 9347
f 9273 9555 9014
f 13138 12280 12088
f 2278 1743 2579
f 11401 13488 13222
f 6041 5793 6646
f 16 376 1453
f 6411 5853 2935
f 5840 6125 5859
f 11392 11901 11904
f 820 1961 251
f 12433 2516 12676
f 11805 11066 11069
f 11406 12971 13083
f 10484 12539 12743
f 5666 5688 4700
f 3983 5567 4280
f 3636 1399 5539
f 5745 6027 6038
f 6476 5923 8178
f 2048 960 1253
f 2048 1253 960
f 11906 11388 11387
f 13008 11504 10228
f 10377 10574 10408
f 4319 873 3451
f 4499 4494 3583
f 9015 9612 8727
f 12329 13519 13254
f 10165 10234 9873
f 2000 2276 7852
f 9995 10396 5366
f 915 923 5069
f 5748 3162 6078
f 857 865 1242
f 2149 2418 2696
f 5977 3062 3351
f 2762 4531 4232
f 3110 3171 6097
f 3117 6098 3124
f 4157 3857 140
f 6484 9800 9228
f 767 477 1644
f 11103 10977 11723
f 7100 7822 7101
f 3362 6261 5973
f 7137 2061 2295
f 11931 11603 11956
f 4342 3742 3429
f 9528 8962 9268
f 853 273 5579
f 6601 4857 6046
f 12047 12203 12219
f 12479 10649 12737
f 12060 13242 11471
f 6471 8163 6468
f 1791 1789 952
f 899 4126 5108
f 9654 9650 9074
f 10116 10893 10897
f 11324 11112 11865
f 1941 8862 2203
f 11433 10157 8671
f 2466 2738 2461
f 9471 9750 9470
f 1456 2320 315
f 8775 9052 1291
f 8962 8737 9268
f 2519 10705 544
f 7598 6679 6948
f 7829 282 3099
f 5027 9218 9798
f 5345 4111 3820
f 9315 6964 7683
f 2901 2926 5845
f 5964 4964 6777
f 7133 11821 9300
f 5529 4214 5237
f 12486 10471 10344
f 13410 12211 12888
f 5824 3206 6114
f 6313 5789 6068
f 6506 8188 8199
f 4670 5652 10506
f 8977 4855 6657
f 7943 5692 4703
f 5372 1232 7641
f 9380 4459 1018
f 7772 6779 7764
f 4363 5088 4076
f 11289 9846 12976
f 7151 6337 6361
f 6587 4779 6600
f 12317 12160 12319
f 1623 1619 454
f 10124 7555 7997
f 5138 5434 3814
f 885 3478 4371
f 2278 2567 1737
f 13203 12093 13466
f 1195 2324 1803
f 7827 7824 5018
f 2062 95 1789
f 897 1201 5368
f 12612 12419 12415
f 6238 5952 6228
f 10643 11919 12729
f 712 1581 144
f 9076 9645 9358
f 5988 3952 4991
f 4893 6711 4899
f 10465 10849 9984
f 3119 2891 3177
f 4363 3486 4383
f 9279 8742 7635
f 9028 4838 6362
f 20 306 672
f 10467 10379 4687
f 2104 1843 2671
f 12867 11902 11152
f 2551 2270 1455
f 7599 6898 9303
f 6325 8020 8316
f 13178 12252 13476
f 12096 12267 11717
f 3173 2874 3160
f 3116 3135 8305
f 11709 10982 12299
f 3370 7365 8513
f 13289 13493 12898
f 3260 5456 716
f 8581 11961 11977
f 6173 3261 2982
f 12275 12284 13481
f 8725 9593 9010
f 2331 2618 2346
f 3555 4467 4165
f 6035 3176 3202
f 7862 7949 7507
f 9969 10807 10490
f 10465 5657 4667
f 10465 4667 5657
f 2191 1923 1069
f 7552 10123 10905
f 11685 10968 12221
f 9974 10312 10357
f 1345 3583 1341
f 9077 9649 9084
f 10463 10030 10295
f 723 164 1865
f 5979 5978 6262
f 10497 10861 4665
f 9834 10161 11500
f 3421 3500 4417
f 82 356 655
f 10295 10030 12043
f 12909 11866 11349
f 1826 2085 670
f 7620 6904 6922
f 8078 8338 9625
f 12043 13173 10137
f 10635 11976 10694
f 9284 9565 8711
f 8322 7170 8339
f 2084 2635 1819
f 836 1978 2250
f 5602 7403 4642
f 4904 6717 9091
f 3321 6227 5939
f 9533 8964 9012
f 7918 11605 7475
f 13092 11523 13520
f 8397 2963 7244
f 1560 3843 386
f 12554 10712 12935
f 10137 11437 9854
f 4227 5249 5544
f 11437 12989 9854
f 10010 8572 7901
f 11184 10947 11755
f 4846 5815 8060
f 2962 3244 6152
f 4777 6937 7670
f 11893 13122 11548
f 4553 4563 3637
f 10997 11129 6209
f 8251 2781 2514
f 11332 11864 11347
f 8964 5788 4808
f 4193 4493 1046
f 6652 6105 4840
f 8110 6128 6706
f 4447 1009 1307
f 4577 3970 3670
f 7746 13249 13515
f 7126 6318 7139
f 3785 12522 355
f 858 1215 1188
f 11289 11108 11856
f 13420 13007 11439
f 2133 2235 1967
f 10177 11485 11472
f 3387 7376 3102
f 2405 430 6452
f 5337 1259 93
f 9248 7173 8668
f 9227 8270 6580
f 3707 1544 319
f 11554 13276 13541
f 6091 6118 5844
f 4624 4713 5693
f 3576 4481 3574
f 10518 10049 10827
f 12924 5938 3023
f 10153 11489 9831
f 7589 5109 6966
f 1489 375 324
f 3778 4120 4111
f 3618 4525 4223
f 2611 1516 2341
f 12090 13192 13069
f 13108 11535 13112
f 10771 10067 7942
f 11499 9913 13077
f 9141 9712 6504
f 2578 2309 326
f 13133 12096 10968
f 9532 6909 6964
f 8958 9623 10166
f 5199 5481 5477
f 83 644 656
f 7969 5711 7532
f 10315 10310 10476
f 5582 3987 3984
f 11639 8617 2234
f 1756 607 600
f 12225 12111 13488
f 3109 2843 2915
f 2538 563 1723
f 10788 10498 11952
f 11328 11863 11115
f 11328 11115 11863
f 12502 10075 10058
f 7838 7474 8554
f 2273 2278 2042
f 11057 9871 11187
f 9236 8723 6661
f 7714 5456 3260
f 8719 9051 9315
f 13133 13415 12096
f 606 3177 2891
f 9255 9634 9574
f 128 2092 2090
f 1468 1507 299
f 9842 9350 12992
f 576 1780 643
f 8632 8636 12450
f 9239 8722 9530
f 9566 9041 8994
f 5269 5554 3938
f 13400 13399 12962
f 9287 8705 6899
f 8725 9010 8711
f 1430 1137 5292
f 6752 7734 7020
f 12601 8564 11589
f 1247 2054 1246
f 9481 9747 8895
f 11205 6369 8325
f 9680 4918 9104
f 1144 2801 4583
f 3341 3051 8480
f 7213 8364 7208
f 11821 6327 11078
f 3467 3761 4361
f 11450 9842 12992
f 10954 10964 11718
f 10759 10524 11968
f 1469 1496 621
f 1491 5794 358
f 12327 13254 13519
f 9530 4808 6589
f 9843 9867 13063
f 9994 12506 5346
f 2266 1776 2019
f 765 2728 1638
f 6872 8760 7683
f 11311 11838 11233
f 11916 12645 12744
f 2399 1850 2121
f 11421 8663 7145
f 13454 12078 13466
f 3383 6302 6301
f 7546 10595 10887
f 2552 4010 1460
f 7126 7161 6318
f 2715 2723 2451
f 1999 308 41
f 3482 2330 353
f 4003 5067 5386
f 4374 1791 952
f 12067 12106 13157
f 6312 7139 7125
f 2564 2304 2295
f 7456 7920 1257
f 12498 12742 10652
f 3403 3454 4419
f 860 4305 3441
f 4669 5660 7903
f 6977 8921 9495
f 8684 9264 9263
f 9840 9886 10243
f 3399 4328 937
f 2272 2629 308
f 9498 8923 9497
f 1171 7891 888
f 6024 5795 5785
f 7287 8439 7300
f 1789 953 952
f 13429 13149 13187
f 6084 5832 6072
f 8775 7201 8350
f 153 1855 2124
f 8704 9281 9564
f 12589 12018 8637
f 8993 9321 9579
f 5772 12892 2840
f 46 1504 630
f 11319 11835 11356
f 10454 10132 10130
f 8447 8439 8183
f 5269 5562 5278
f 11019 6007 6290
f 2541 1141 2802
f 12847 10622 10912
f 3118 12861 13329
f 6133 6126 6124
f 5591 1157 5310
f 6312 7125 7126
f 3993 4277 3982
f 5576 5282 4268
f 635 645 91
f 8649 12456 10738
f 13088 13086 11517
f 6371 7170 8750
f 12486 12508 12721
f 5047 620 3203
f 2501 2773 2496
f 11400 9823 10152
f 6581 4878 6964
f 12606 12389 5674
f 10633 11960 12744
f 6031 6378 5763
f 4848 4869 6674
f 9233 6943 9618
f 4093 1516 4387
f 7798 7081 7797
f 7705 4903 6718
f 10295 12043 10479
f 10421 12558 11023
f 11185 11311 11233
f 9233 8732 6943
f 7448 912 10793
f 11816 11193 11190
f 9765 8901 6813
f 8672 9302 8723
f 3925 4535 3623
f 11909 11908 11398
f 11333 11868 11862
f 1382 1374 1076
f 2825 2836 3117
f 6408 5852 8103
f 3074 5975 3061
f 451 1681 804
f 5348 5085 10812
f 10141 9033 9534
f 1061 1347 2181
f 11536 9493 8914
f 6277 6809 3355
f 7284 3285 3010
f 8959 10234 9897
f 6584 4787 4766
f 7093 9492 13526
f 2069 2081 2345
f 8803 9363 8797
f 10938 10939 12913
f 11567 11945 10660
f 12600 12463 12599
f 2375 2388 2652
f 1164 3776 3478
f 5052 5333 1220
f 7109 9512 9794
f 3216 2923 3215
f 12850 2871 13296
f 133 2371 687
f 3143 2906 7157
f 4754 5734 4601
f 12111 13223 13488
f 2279 1764 2629
f 6074 3158 6119
f 1956 2238 1118
f 146 410 5449
f 12968 11414 13016
f 6848 9543 9280
f 3682 4587 1436
f 10795 10823 7503
f 8774 9068 8780
f 9561 9299 9033
f 9561 9033 9299
f 5351 3460 1205
f 2006 662 1806
f 8549 4675 11583
f 3684 4588 3683
f 9305 8044 9616
f 1455 2581 1482
f 9500 8931 9213
f 12205 12082 12243
f 11141 11774 11256
f 8471 7321 7326
f 9611 9056 9631
f 2014 1777 1764
f 4566 12673 12674
f 7816 7097 7821
f 2288 2297 2060
f 4214 5226 4212
f 12430 12677 12438
f 8889 8886 9456
f 2028 1765 2315
f 8569 11596 12625
f 13456 10982 12909
f 12225 13488 13058
f 13027 13074 11508
f 1530 108 366
f 861 4333 3428
f 9180 8891 9759
f 11195 11099 11208
f 12483 12751 12661
f 11033 11148 11895
f 9249 9326 8681
f 5884 6434 6149
f 12066 12277 11719
f 5057 4022 4039
f 8004 8007 6341
f 577 581 1465
f 11431 10215 12981
f 7405 7406 7907
f 10792 10354 10657
f 6826 6825 7095
f 11890 11377 8522
f 8079 8339 8350
f 801 1948 2214
f 9698 9404 8834
f 8109 6420 5861
f 7529 7981 7966
f 7435 10242 9919
f 8404 7264 2979
f 12216 13489 13233
f 12502 10360 10338
f 11565 12609 12637
f 2461 2171 2733
f 3894 5482 5485
f 11643 8619 8622
f 4379 3479 4391
f 10322 10548 10034
f 1629 476 190
f 11946 11604 8573
f 2152 2695 1879
f 10882 10097 10881
f 12056 8753 7572
f 13383 11025 11782
f 10647 10667 11967
f 4142 3835 4135
f 9079 9365 8787
f 11717 13470 13343
f 3360 7083 3069
f 9543 6688 9029
f 284 842 853
f 2228 542 250
f 13095 11525 10260
f 13099 13098 11530
f 15 615 69
f 8870 9156 6793
f 10479 4711 10352
f 12096 10953 10968
f 10652 11956 12767
f 7121 8334 3190
f 10633 10669 11960
f 4918 7716 8818
f 9982 8601 7951
f 9193 9758 9204
f 1238 983 1274
f 3421 3719 4404
f 3532 4131 4433
f 5105 10533 5427
f 3845 4436 3841
f 1401 1101 1110
f 3708 290 4010
f 10036 10812 10035
f 4943 7043 6771
f 4016 3728 4023
f 3407 4133 4427
f 6228 3306 3021
f 8973 9570 8735
f 10261 9936 9935
f 1978 7371 2249
f 10436 10888 10102
f 9845 10175 13016
f 13132 12137 12138
f 13132 12138 12137
f 13289 13208 13493
f 10596 10886 7541
f 12314 12150 13503
f 12314 13503 12150
f 9787 4569 1134
f 8891 9455 8890
f 13180 13470 12267
f 12129 12307 10233
f 8477 9717 8212
f 3404 1240 913
f 4506 3600 4510
f 12850 11720 10914
f 4090 354 1522
f 12553 12805 12436
f 4617 4655 4705
f 12220 12244 12297
f 12020 5307 855
f 8222 7336 8218
f 4791 4785 6598
f 870 1214 1232
f 2523 2792 2520
f 6635 4862 6678
f 7316 8844 8446
f 10299 9996 5676
f 8695 7633 6909
f 10645 12473 12525
f 12468 12765 12766
f 7061 7776 8868
f 8281 7137 8049
f 12328 10251 12165
f 7862 4655 7418
f 4652 7902 5696
f 9996 7503 7927
f 997 9354 1291
f 9547 8772 9341
f 5624 7916 4681
f 5338 5335 3754
f 9258 9268 8737
f 5702 3926 10412
f 11583 4675 7440
f 4838 5821 6362
f 1115 3627 1403
f 5568 3969 3968
f 13470 12904 13343
f 7778 3345 3349
f 4322 3465 4073
f 2702 1877 2427
f 532 1699 1704
f 69 363 90
f 7144 8306 8307
f 535 5988 6276
f 13180 13223 12111
f 12466 292 3802
f 6548 6280 8253
f 4317 929 3401
f 3455 1236 938
f 7838 7482 7474
f 6591 6689 9542
f 8014 5822 6081
f 11417 13054 11455
f 10867 7959 10085
f 9553 8040 8039
f 9703 9127 9415
f 2273 2042 2014
f 9586 9626 9006
f 9051 8779 9623
f 9534 8980 6599
f 7011 7004 7724
f 11311 11857 11323
f 11414 7583 13164
f 11071 11828 11236
f 12102 13225 13490
f 8664 8752 13030
f 7593 6873 4785
f 4050 5349 3742
f 7894 10404 10016
f 5375 10393 3801
f 5836 2928 3213
f 4635 4628 5619
f 7453 4665 7934
f 6471 8157 8160
f 11180 11179 11215
f 5437 993 5154
f 5801 4841 2880
f 11635 2239 8612
f 6211 6468 8163
f 12303 4856 12135
f 9414 8843 9408
f 2812 560 1725
f 3879 4173 4170
f 587 1466 314
f 7743 7038 6769
f 9477 13094 8897
f 6109 3197 6120
f 12385 12403 12666
f 8563 12422 12536
f 1449 291 103
f 13264 12178 12180
f 9813 11514 12985
f 12230 12156 9914
f 9129 8831 9404
f 2974 2981 3271
f 257 10706 12547
f 24 351 8575
f 6593 4804 6966
f 3151 6634 6894
f 12236 10959 11733
f 509 794 224
f 3052 6265 5965
f 5219 5221 5500
f 6294 3092 3378
f 9617 9637 6676
f 8799 6985 9371
f 7392 5701 7516
f 11931 10693 10804
f 5895 5904 6179
f 13066 9889 12308
f 5441 1298 5439
f 5649 10382 10560
f 2551 1455 1482
f 9231 8952 9525
f 6024 3202 3176
f 1743 582 2579
f 3971 5569 5285
f 2823 3177 3164
f 9867 13239 11497
f 9275 9554 6627
f 10194 9877 10214
f 6594 4860 6672
f 9356 8780 9642
f 2881 3172 6933
f 1385 1085 1094
f 4919 7719 4913
f 4631 4323 5619
f 6056 5841 5790
f 11169 11714 13339
f 22 1775 616
f 10934 11734 10972
f 10950 11758 13336
f 1739 2593 2060
f 11394 10286 11553
f 12798 12812 12565
f 8333 7183 8072
f 7713 5459 5179
f 5860 5869 6145
f 6475 6473 5922
f 1871 2693 2134
f 6685 4870 7687
f 124 1826 686
f 9325 6930 7676
f 9076 9358 8790
f 1096 5248 1089
f 10754 10790 10050
f 2329 2592 2602
f 12870 10954 11718
f 4903 4900 6718
f 3621 1105 4541
f 8012 8323 6349
f 7460 4702 5689
f 8170 6486 9118
f 8021 5805 6048
f 11705 11755 10947
f 742 169 735
f 3631 4536 4540
f 3463 1236 3455
f 4013 986 4375
f 123 1545 671
f 12985 11514 9921
f 2268 2310 349
f 3294 3304 5937
f 10175 10189 9863
f 9238 4780 7584
f 8859 9422 8850
f 8545 7396 7889
f 4147 4152 3848
f 13536 12189 12343
f 12568 12567 12813
f 5963 3046 3336
f 10775 10522 10555
f 1998 2037 1741
f 1468 299 90
f 9447 7058 7066
f 9317 8750 7170
f 10461 5691 5676
f 1027 8802 1317
f 12969 9826 10177
f 4584 1143 1432
f 12880 10956 10975
f 4962 6778 7036
f 1996 2274 1797
f 9722 8860 9432
f 20 45 577
f 10524 12771 11968
f 3108 2876 2922
f 11286 11194 13047
f 10971 12901 12907
f 8051 6354 9601
f 13029 11469 10226
f 6554 6284 6551
f 3104 3387 8530
f 5338 5102 5335
f 6104 6010 3095
f 12225 13058 9863
f 9503 9787 1134
f 11033 11895 13390
f 13432 13197 12057
f 11905 11663 11674
f 12230 13440 13167
f 12230 13167 12115
f 11213 13044 11357
f 7282 7274 8422
f 99 668 98
f 3619 2486 2753
f 5337 93 649
f 8288 8012 6349
f 13288 12870 12869
f 5609 5649 4709
f 1358 5227 1074
f 7255 2976 3273
f 5337 649 5062
f 13066 12308 13490
f 11184 11850 11066
f 7839 7854 5636
f 12875 10943 13339
f 4146 4437 2657
f 5310 1157 1446
f 933 958 4388
f 6775 4955 6762
f 10799 7900 10046
f 6593 6966 5109
f 10300 9973 10399
f 6593 5109 4087
f 9264 13062 8713
f 3419 918 4330
f 1705 2778 2783
f 1766 2592 2317
f 9539 9557 8981
f 7396 5651 7871
f 8299 7150 7148
f 12677 12436 12438
f 1151 3967 4262
f 10627 11933 12489
f 1736 2615 1735
f 8810 3552 1313
f 318 619 59
f 5628 4639 10512
f 7434 13040 9909
f 7568 4765 4807
f 11887 7367 11373
f 6162 6160 440
f 13318 11712 12915
f 4850 9037 9636
f 4505 3596 4511
f 8968 8700 9283
f 8675 9346 8768
f 1832 2111 1426
f 1295 5440 5165
f 239 5252 806
f 4593 3692 3697
f 1357 5506 5230
f 160 2409 5886
f 13011 10198 9869
f 12761 12530 11956
f 1109 1392 1103
f 11328 11346 11850
f 3179 5833 2911
f 7728 8826 7010
f 1079 1935 2196
f 4145 1293 4439
f 10011 8586 7953
f 348 347 3793
f 4271 4264 3975
f 11830 11842 11343
f 6855 7607 6611
f 10938 11705 10939
f 7804 7069 4983
f 4804 6611 7607
f 12215 12156 12115
f 6581 6909 7567
f 7315 7307 8452
f 2713 2704 2431
f 104 384 368
f 11177 9859 12312
f 11282 11674 12710
f 8762 7656 9332
f 12230 12115 12156
f 12323 12163 13516
f 5442 997 1293
f 9336 9065 9637
f 9928 13518 13086
f 9845 12309 10189
f 11169 11710 11191
f 4546 1111 4243
f 8719 9056 8779
f 12745 12501 1493
f 13212 13490 13491
f 8998 9284 8711
f 1150 1441 1149
f 4525 4513 3609
f 4297 3460 3519
f 5052 1220 920
f 7994 7992 7551
f 9023 9327 3489
f 12288 13225 12133
f 5689 4701 10404
f 1026 1323 1031
f 6819 7069 7804
f 12380 8571 79
f 8003 8001 7562
f 10773 10038 10503
f 1482 2294 376
f 11691 11754 10924
f 9606 8071 6356
f 1178 920 1220
f 3422 4409 4410
f 1441 1158 4605
f 9797 9505 9215
f 7699 7696 4897
f 852 568 3384
f 11053 11076 11197
f 4072 3786 3787
f 6371 9032 9615
f 693 404 133
f 6153 3357 5991
f 12881 13346 12906
f 8008 6353 6330
f 7340 7337 8479
f 13411 13210 13475
f 8015 9558 6375
f 13167 13440 13480
f 9869 10190 12268
f 1713 1710 550
f 2026 2080 1814
f 8370 3222 11358
f 11289 11299 11176
f 7860 7447 11621
f 12831 12584 12022
f 12214 12153 12123
f 8274 3184 2896
f 9228 8946 7388
f 5060 5331 1191
f 9561 9299 9292
f 6529 5966 6253
f 12412 12516 7
f 10503 12316 12148
f 11290 13083 11808
f 7144 2851 8296
f 7819 7810 13265
f 5218 5515 3919
f 2772 2495 2218
f 12358 13549 12202
f 2206 2748 2475
f 11051 8050 6369
f 5504 771 205
f 2104 1848 1834
f 859 4300 1188
f 950 4400 967
f 11312 11487 11837
f 6631 6895 13506
f 1783 626 2067
f 6983 6718 6712
f 10459 10038 10829
f 3113 2852 2904
f 3371 13372 8518
f 8873 7768 7779
f 12819 12821 12571
f 9258 13004 11462
f 11290 11210 11301
f 9011 9043 9614
f 8205 9700 6755
f 1635 2435 2709
f 3594 4509 4210
f 11897 11381 11896
f 5782 2867 2882
f 12101 12303 12135
f 1408 1418 1417
f 7569 4832 4833
f 576 585 76
f 5315 5040 5062
f 8683 8671 9257
f 4476 3561 3872
f 3125 2831 3185
f 7060 4997 6815
f 2901 5845 2920
f 65 2077 1800
f 559 558 1718
f 11813 11352 11351
f 11400 10239 9823
f 8024 7151 8341
f 10390 10388 10566
f 8475 1937 8209
f 5833 6109 2927
f 5928 6207 8165
f 5955 5943 6230
f 4062 3757 4125
f 8104 6409 2932
f 4062 4125 3757
f 8999 8715 9583
f 2973 7254 8410
f 9308 9618 9046
f 13032 10232 10231
f 7272 8261 9222
f 620 94 2904
f 7156 6366 8036
f 11802 10213 11488
f 11703 11189 11089
f 3850 3532 4146
f 1735 2043 2627
f 4297 3400 3460
f 2020 1767 1749
f 12991 13066 11475
f 2878 6930 3165
f 1065 4503 3602
f 5599 8564 12362
f 7029 13516 13251
f 5317 865 5039
f 13464 12268 12126
f 10018 5081 5357
f 5957 4939 4945
f 9357 8782 9351
f 7758 7036 7748
f 9978 10848 10781
f 12043 10030 13173
f 5192 4168 5190
f 2875 3183 3208
f 7588 4825 4865
f 12839 10746 12027
f 12839 12027 10746
f 869 8706 1243
f 1882 1605 734
f 10922 11708 11689
f 11682 11725 11688
f 9748 9167 8879
f 11267 11788 11028
f 5372 7641 6926
f 5045 5372 6926
f 1732 2042 2044
f 572 3177 606
f 10979 10988 11751
f 7110 7829 5020
f 8150 7261 6452
f 12393 4679 5669
f 12205 13307 10993
f 11514 9922 13084
f 6716 4913 6739
f 6927 7644 6926
f 704 1572 410
f 8330 7178 8075
f 401 127 695
f 13293 11333 11319
f 8544 7497 11855
f 7121 3190 2879
f 11191 11850 11346
f 9304 8738 6904
f 9013 9594 9345
f 13370 12929 13367
f 1889 1884 2145
f 13000 11455 13487
f 8996 9058 9632
f 1334 5191 1037
f 633 102 5128
f 6592 7635 4837
f 4145 3531 3847
f 3119 6117 5757
f 8447 6487 7308
f 3781 357 2334
f 7552 7556 10123
f 12329 12162 12165
f 4647 5633 7880
f 12971 13155 13424
f 3383 6301 3097
f 3214 2929 12916
f 9693 7020 6747
f 1870 1877 2129
f 9191 8904 8905
f 12073 12300 6611
f 3659 4567 4592
f 4615 5607 5612
f 13258 13520 12333
f 10791 10080 10033
f 11942 12755 10680
f 8372 11358 3220
f 8329 8769 7672
f 6011 6009 6294
f 8367 3218 2931
f 11691 10923 11754
f 3291 6196 8179
f 11185 11110 11311
f 5758 2869 6078
f 5044 5058 5323
f 8547 12402 12390
f 2588 4365 941
f 9538 4854 4790
f 9827 9896 10178
f 9445 8864 8873
f 8287 7177 2915
f 12624 12400 12636
f 1986 1723 846
f 7095 6825 3964
f 4159 3857 4157
f 6758 4956 7034
f 13482 11349 13065
f 13417 13194 13450
f 10478 10526 10364
f 8627 12443 11648
f 11430 13036 13017
f 10959 11115 11756
f 2736 2735 2463
f 2753 1079 4519
f 10462 5144 4122
f 11399 11433 13017
f 6558 7362 8248
f 5322 5107 3722
f 9273 8727 8713
f 10913 12864 12094
f 1789 648 953
f 3702 4122 3823
f 8669 11511 7682
f 4936 9403 7734
f 10001 10855 10842
f 6588 4824 9011
f 6442 6431 8134
f 12853 10957 10237
f 4004 5146 5334
f 12185 7808 13268
f 3987 5580 3984
f 12502 10058 10360
f 11322 11114 11231
f 9475 6546 9183
f 12498 11967 12773
f 13413 13177 13313
f 11061 11115 11219
f 2971 3267 5891
f 5496 5209 1052
f 7642 2890 6921
f 12380 79 2284
f 494 484 1650
f 9140 9716 9707
f 5642 4720 7910
f 115 384 677
f 5827 3214 10990
f 2573 2322 4398
f 7843 4630 8574
f 3813 3830 4114
f 6991 1020 714
f 8569 12648 12408
f 9417 8455 8198
f 12089 12233 13509
f 7805 7793 4992
f 6031 8009 6378
f 5177 1308 1015
f 7432 7891 4682
f 12870 11718 13310
f 8448 3025 7303
f 9481 13096 9747
f 8936 9510 8935
f 11055 11231 11195
f 7541 10886 7978
f 780 5210 213
f 244 526 4239
f 12057 13197 13461
f 4046 3747 5370
f 10484 12753 12539
f 11056 11194 11176
f 5045 5064 5372
f 2222 2790 1983
f 5045 5340 5064
f 4343 1486 3457
f 3394 4349 920
f 2465 2736 2463
f 10921 11712 11204
f 9856 10218 9889
f 11642 1968 8619
f 4147 3846 3855
f 11213 9877 13044
f 4571 1133 4264
f 746 178 1900
f 264 270 5298
f 2233 1961 7362
f 6465 7268 8154
f 2970 431 5898
f 6194 3267 8408
f 11680 12076 10940
f 12702 12454 11662
f 2049 1810 653
f 7950 7948 7510
f 4084 3790 3805
f 10502 5686 10358
f 9817 10188 10149
f 1525 1670 507
f 11806 11198 11070
f 12550 12429 10701
f 633 66 102
f 6600 6866 6688
f 4661 10527 10494
f 8484 8476 7333
f 5089 5101 4064
f 469 2434 2706
f 13221 12902 3189
f 8640 12699 11659
f 5336 5069 1221
f 10002 10847 7470
f 10007 10553 10391
f 12716 12616 10331
f 6976 6974 7696
f 435 6433 7247
f 4090 3777 354
f 5062 649 4067
f 11639 11646 8617
f 6060 3164 6090
f 13294 11735 12901
f 8190 8438 7297
f 10033 3780 10375
f 4301 3827 4126
f 10504 11954 12513
f 2288 2589 2303
f 10642 10649 11953
f 5036 5382 5061
f 8746 9327 9023
f 6311 8050 11051
f 12071 12116 13163
f 1568 1574 412
f 10086 5562 10868
f 11426 13027 9873
f 2505 1693 2215
f 12364 8580 8561
f 11683 11681 10915
f 4141 3837 5434
f 2291 2579 322
f 5986 3365 6282
f 3113 8029 5752
f 161 438 5889
f 107 670 2085
f 3534 4450 3845
f 305 1531 1503
f 3707 5056 4001
f 4552 5256 1104
f 11930 12737 10649
f 10729 10734 12008
f 9826 8754 9033
f 2576 2300 1477
f 2550 2294 2581
f 5895 6179 2981
f 10643 636 11958
f 6188 3277 6177
f 6708 4897 6974
f 7316 8849 8844
f 9237 9020 8689
f 11434 12986 13437
f 10756 10765 10028
f 12974 11478 11336
f 8726 9316 9312
f 13154 10925 12299
f 10961 11727 11749
f 5496 1052 1349
f 5052 3832 5364
f 519 2493 2214
f 9747 10250 9166
f 9074 4886 6971
f 2853 7140 7146
f 11797 11035 11150
f 2469 3597 2465
f 12861 10978 13331
f 9094 9091 9662
f 12727 10634 12492
f 12496 12509 12755
f 4624 7912 5699
f 13456 12909 13182
f 2970 150 431
f 4767 7651 6926
f 12073 10369 10541
f 11885 11884 11372
f 10765 10057 10030
f 10483 10565 10310
f 11171 11089 11175
f 288 1497 363
f 13358 12919 12920
f 11303 13347 11852
f 2267 310 3470
f 11931 11940 10693
f 8703 6629 4802
f 11574 8580 12654
f 6704 4881 5849
f 4621 7502 7945
f 10014 10021 10343
f 4033 5059 5371
f 6352 8084 6107
f 12060 10231 12277
f 10941 11733 11756
f 10766 10566 10469
f 9954 13533 12188
f 7873 7515 4716
f 8168 11129 6467
f 10962 10986 11736
f 9813 10160 11514
f 6591 9542 4815
f 4782 6625 6622
f 5205 3885 4188
f 11982 10696 10697
f 7395 7956 4672
f 8155 8410 6451
f 11927 10668 11915
f 13294 12904 13317
f 3782 1251 979
f 13408 10030 10837
f 8607 2106 2108
f 4301 4402 3517
f 10828 11609 11962
f 11819 11331 11849
f 11161 11158 11908
f 764 1912 1640
f 1838 683 11627
f 13422 13458 13189
f 10545 4090 12768
f 3129 2872 3162
f 8803 9376 8796
f 1828 2646 2357
f 1583 699 141
f 3374 6293 3368
f 11164 8054 6314
f 8907 9172 9743
f 5077 896 910
f 2285 2627 2350
f 6033 6052 3142
f 11577 8575 11589
f 12952 3385 13391
f 7142 2850 106
f 2436 2709 2427
f 13328 10673 12908
f 11177 11095 9859
f 877 921 7426
f 398 2647 1567
f 9130 8832 9129
f 13379 13104 13531
f 3493 3793 4113
f 11987 12560 12555
f 11933 11962 10665
f 1453 1511 634
f 1790 955 2612
f 12991 11475 7939
f 4769 3772 12073
f 4011 4057 3755
f 4903 6720 4900
f 4529 4224 4229
f 8014 6081 8295
f 11052 11847 11202
f 1147 2807 2808
f 3443 4393 3734
f 4653 4720 5642
f 8890 9454 9740
f 1649 757 1908
f 6867 7669 6597
f 12722 10513 12753
f 11421 9844 10215
f 6096 6111 5838
f 916 597 1748
f 5045 6926 5390
f 2288 1772 2010
f 7354 9470 8500
f 8417 8152 7269
f 3130 2860 3151
f 2382 2667 2114
f 9823 11485 13024
f 10602 10438 3983
f 3762 4058 3460
f 9260 8691 11491
f 1347 5489 3890
f 5266 5277 5560
f 2711 1618 2430
f 12434 2515 3654
f 4862 4861 6678
f 292 1467 301
f 10138 9855 9868
f 11704 10963 13353
f 7110 6838 5306
f 11419 10217 10192
f 7717 9101 8813
f 12872 13308 12890
f 2124 1855 2678
f 8958 10166 8695
f 12602 4382 4693
f 1910 8440 8188
f 3404 906 1240
f 4943 6771 6761
f 6056 9627 6687
f 10474 10820 11953
f 7524 7540 7539
f 24 105 581
f 12252 13483 12108
f 6615 4878 6927
f 11713 10976 10955
f 6523 7325 7334
f 348 3793 3493
f 12636 11206 11586
f 578 8575 11577
f 578 5143 105
f 4495 3585 1343
f 10648 12409 8591
f 2405 7261 2126
f 11321 13327 11858
f 7896 985 1271
f 6314 5767 10944
f 4600 4598 3693
f 8329 7672 6929
f 5538 5253 5256
f 9990 10400 7895
f 11683 12913 10939
f 8606 11672 10745
f 7307 7302 6493
f 4353 940 3476
f 11067 12879 10949
f 289 1489 57
f 5061 1271 978
f 7120 7186 6315
f 4438 3525 4430
f 913 4367 1213
f 12379 12627 8576
f 13307 12900 12882
f 11911 10637 10659
f 1001 5436 1295
f 8656 8650 12462
f 10778 10538 10373
f 8909 9488 8916
f 8074 8356 8092
f 5800 3158 6074
f 695 5444 137
f 9533 8763 9261
f 12882 13337 10993
f 10489 10312 10311
f 1582 137 417
f 74 644 5380
f 5025 6841 5024
f 3535 3541 4440
f 10136 9838 9866
f 12979 11418 13050
f 6601 6046 3186
f 13301 3185 13431
f 12819 10442 12578
f 7546 7977 4746
f 10874 10103 10581
f 9181 9753 9177
f 13108 9490 8919
f 4940 6768 7760
f 11169 11115 11061
f 6979 6718 3233
f 6022 5823 5809
f 289 57 338
f 1 12515 8
f 6583 6610 4800
f 5483 3892 4185
f 1450 593 53
f 11362 11246 8158
f 5604 12405 4636
f 4521 2481 2202
f 3802 5131 5410
f 4044 5126 5151
f 6586 6854 12223
f 11054 11353 12910
f 3723 5064 4127
f 5052 4349 4057
f 3748 5386 5107
f 2211 236 1944
f 4839 12123 10223
f 3315 7305 6488
f 12710 8656 8655
f 1001 1299 1004
f 12367 11062 11834
f 6893 6628 6908
f 2075 2072 2344
f 10936 11712 11739
f 13109 11542 13114
f 1728 1985 2817
f 11600 11613 12656
f 7918 7481 10080
f 3707 3731 4129
f 12272 9894 10221
f 2405 2126 430
f 11167 11727 11216
f 11068 11201 11861
f 11167 11216 11707
f 13294 10961 11735
f 1388 5243 1099
f 5000 7094 7804
f 12011 8630 8634
f 3927 1390 2497
f 11290 11808 11121
f 3701 3783 4005
f 10478 10845 10026
f 10478 10026 10845
f 4173 4171 3869
f 11047 10944 11729
f 10278 11544 9954
f 5065 3788 4094
f 9724 8858 9149
f 2761 4225 4524
f 11799 12958 11043
f 10783 10079 5375
f 4896 5866 7698
f 1957 2508 2516
f 9005 9632 9348
f 12999 13444 9911
f 3622 3630 4542
f 4017 3758 3750
f 13294 13317 12874
f 8447 8187 8439
f 3118 3176 2917
f 12044 12147 10916
f 4217 4511 5231
f 12158 12320 13516
f 10133 10910 10131
f 8010 8283 7175
f 6138 8099 6401
f 3394 3431 1258
f 5313 5144 5145
f 1677 2496 1675
f 12864 12885 13327
f 4762 4759 10615
f 2034 2058 1758
f 13304 12864 13327
f 8401 7256 7262
f 11888 10263 11138
f 3971 5285 4263
f 11928 11932 12764
f 4304 3394 871
f 4589 2533 2807
f 5618 5698 4694
f 9986 10333 10849
f 8181 3302 3011
f 4494 3584 1048
f 12840 12593 12839
f 1838 11627 2108
f 3999 4402 3723
f 2564 2295 94
f 3471 4364 4685
f 6510 8204 6507
f 3700 5315 5056
f 9416 9128 8835
f 402 2373 2370
f 3698 5589 1448
f 4767 6926 6610
f 3879 4170 464
f 9815 9834 13020
f 9380 9666 4459
f 9175 9740 9452
f 7858 4684 5655
f 3705 3832 4011
f 6618 6610 4803
f 5756 2863 5828
f 7995 10123 7556
f 7995 7556 10123
f 9847 10225 9864
f 7146 2849 6373
f 10704 12560 11987
f 906 7506 7950
f 4767 3788 5390
f 10003 10785 7913
f 3849 131 2093
f 12853 13214 13298
f 1214 3499 3441
f 3514 2354 3831
f 5622 7408 7467
f 5963 7346 3046
f 3675 3666 4578
f 2610 3789 4383
f 11172 11730 9850
f 3312 6215 3026
f 7687 6695 4883
f 5046 4127 5065
f 5046 5065 4094
f 10627 10828 11962
f 2205 2197 2480
f 10726 12562 10720
f 6801 6797 4977
f 10721 10427 5727
f 9239 7666 8760
f 3073 6261 3362
f 7889 12423 12417
f 8207 6519 9710
f 11022 12935 3090
f 12790 1655 4206
f 5880 2962 2949
f 2133 1965 2235
f 12875 13339 12899
f 4311 1281 3423
f 7776 9440 8868
f 54 323 2304
f 4124 5420 3837
f 8965 4773 8667
f 10965 11852 12894
f 3555 4904 9091
f 12238 12152 10241
f 12970 10172 11408
f 11415 13210 13055
f 7660 6933 6952
f 13406 12281 13167
f 9732 12163 12325
f 1163 906 7950
f 497 4198 3896
f 2897 3201 2895
f 8498 7368 8527
f 7176 7653 8747
f 737 1608 446
f 5013 7818 7099
f 12569 10720 10722
f 7121 7124 8334
f 13156 13455 12098
f 6859 9339 6943
f 12060 11471 10231
f 5060 3739 4078
f 13143 12116 12077
f 1488 1768 625
f 5312 5153 3705
f 3199 6126 3214
f 2269 2055 1771
f 343 1544 4128
f 3907 4207 3904
f 13477 7682 13245
f 4456 3548 1007
f 10481 10353 10064
f 8462 8845 9412
f 3708 4028 5075
f 7125 6314 8288
f 7627 6669 4867
f 12088 12289 13483
f 199 479 1645
f 3256 2972 151
f 9267 9299 8754
f 5950 6226 6232
f 2298 316 2613
f 2395 2394 8608
f 12203 13239 12219
f 4777 13246 12263
f 2936 3212 5846
f 2286 2031 1767
f 6211 8163 6471
f 6617 6629 4819
f 5012 5294 3965
f 1137 1429 4574
f 10334 4666 5645
f 439 732 167
f 773 486 200
f 4007 5056 5350
f 4530 2760 4230
f 13511 13513 13252
f 11199 11240 11078
f 12393 5669 12658
f 12966 11428 9834
f 4030 3811 1531
f 12854 13304 13327
f 5818 5817 2898
f 3705 4409 3422
f 8172 9122 9691
f 12865 11836 13349
f 9311 8759 8777
f 12225 12255 12111
f 2048 1253 1773
f 11763 3310 13362
f 162 1603 729
f 7566 7598 4822
f 6652 4840 12290
f 13091 9945 11543
f 3341 7349 3056
f 7305 8838 9122
f 9377 8797 7243
f 12702 11658 12019
f 772 199 1651
f 868 893 1207
f 8315 6385 8071
f 10089 10088 10871
f 8831 9402 8827
f 5925 8174 6480
f 141 699 701
f 451 804 237
f 5768 2861 7199
f 2760 1678 4230
f 9361 8792 9658
f 11820 13317 11344
f 7415 7927 7856
f 7136 8297 6332
f 3999 3723 3716
f 3711 4047 5107
f 11940 10652 12742
f 12632 11950 11596
f 7567 4800 7644
f 4768 12058 12276
f 9448 7774 7050
f 3342 3049 3057
f 1165 3778 5324
f 11707 11091 10982
f 340 338 1505
f 13031 11488 9921
f 574 2615 1736
f 3714 3776 4022
f 12223 13192 12090
f 4693 12662 5695
f 10038 10059 10829
f 9484 8908 9742
f 7433 5680 4715
f 5580 5579 5589
f 2859 3149 5832
f 5754 6064 2884
f 9275 9341 8772
f 11166 11091 11216
f 12998 11461 13080
f 11166 11229 11337
f 11875 13357 11359
f 9808 11188 12984
f 12044 12221 10992
f 4485 4476 4176
f 9707 8453 8196
f 3713 3762 4112
f 7581 6860 7587
f 4788 6608 9627
f 3752 3741 4042
f 4359 985 969
f 11799 13392 12958
f 12960 11041 11159
f 3070 3058 5974
f 12456 12580 12703
f 11327 8352 11350
f 11284 11870 11354
f 11430 11335 13036
f 1094 5254 5535
f 13061 11495 13492
f 10296 10680 12509
f 9248 8704 9625
f 1995 2281 1741
f 886 1792 2586
f 13040 11476 9909
f 3619 4519 1085
f 13433 6862 6680
f 11846 11344 11500
f 12208 9823 13024
f 9190 9478 8903
f 4997 7083 6814
f 4598 5730 7535
f 7747 7043 4943
f 10145 13016 11440
f 3702 10377 10337
f 11081 11872 11236
f 2135 1870 8394
f 10314 5608 10311
f 6472 8151 6463
f 10925 11707 11709
f 6877 8781 7636
f 7052 6775 4957
f 7121 8278 7124
f 10281 10276 11546
f 3103 7378 8529
f 10002 5394 5143
f 9795 9793 9509
f 13154 13494 13201
f 6655 4831 9064
f 2834 3185 12903
f 243 1688 528
f 5029 10841 5408
f 10936 11739 13332
f 13429 13463 12292
f 10497 10330 10026
f 7113 6844 7112
f 7405 1775 7852
f 1782 5119 957
f 1094 1085 1377
f 7090 4245 5263
f 10938 12913 11755
f 6069 3161 5792
f 13412 11497 13239
f 1153 4591 3685
f 9433 1075 8851
f 706 412 1574
f 890 3426 1195
f 6447 6456 8152
f 4622 2572 12610
f 5860 6404 8101
f 12554 12935 11022
f 1832 2531 2801
f 3179 6092 5833
f 8275 8005 6376
f 4999 6824 5005
f 3007 12920 13361
f 1305 5168 4452
f 2275 308 1468
f 1465 581 306
f 1600 5887 6165
f 5754 5787 6064
f 6921 7624 6903
f 13306 12903 12884
f 13183 11469 13471
f 11060 11852 10965
f 6827 5008 6826
f 5029 5408 5153
f 4315 3419 4619
f 4036 10507 3802
f 6449 2402 2125
f 13159 12135 4856
f 6056 6687 4812
f 11127 12668 2399
f 12205 10993 12082
f 2738 488 2461
f 6132 4882 5848
f 9813 10221 9894
f 9523 7115 8948
f 13138 13427 12280
f 8432 1043 1343
f 4774 4808 6679
f 1275 3527 4433
f 7005 6730 7720
f 319 1544 1504
f 27 627 603
f 428 149 1582
f 588 341 1470
f 10624 10623 12035
f 8277 7129 3135
f 8109 5861 6135
f 4615 5612 7846
f 5930 6472 8166
f 7427 7477 7858
f 5552 1405 3940
f 9247 8779 9056
f 5063 1218 949
f 1471 1501 329
f 5974 6253 5966
f 3983 10431 4290
f 17 5345 3820
f 12208 12240 12316
f 8560 11624 12423
f 5035 978 4026
f 1954 2237 1968
f 5009 9502 9207
f 7414 11578 7893
f 12290 4840 4830
f 6854 6861 6595
f 10497 7453 10787
f 2577 1474 1754
f 9834 11500 13020
f 7410 10767 10064
f 2279 2629 2003
f 5322 3722 3430
f 8895 9171 9748
f 7216 8357 8785
f 869 9251 8706
f 6134 8097 6393
f 10459 10829 4668
f 6387 7198 6399
f 11454 13047 13069
f 5620 4716 4622
f 9821 10150 12978
f 4690 7557 10898
f 2903 7171 8340
f 6971 7688 6969
f 13423 9845 13016
f 2744 2742 2464
f 2744 2464 2742
f 2012 1204 5341
f 12598 10753 12597
f 588 2564 94
f 2540 2802 2803
f 2845 3207 3162
f 4848 6949 7657
f 2192 2182 1910
f 3406 4692 5617
f 4308 3430 3722
f 10012 10395 10495
f 2624 2622 2348
f 4243 4253 3957
f 4452 1005 1300
f 10296 12509 10561
f 5317 1242 865
f 1728 2817 1731
f 10685 11966 12525
f 10685 12525 11966
f 11807 11188 11098
f 12551 543 1704
f 7660 6952 7674
f 5312 3422 1234
f 13307 12882 10993
f 8035 7158 8312
f 12159 12318 12158
f 4668 7487 5666
f 3999 4308 4032
f 9814 4636 12642
f 7586 6863 6879
f 8280 7138 8680
f 6285 3368 3081
f 7079 7795 3066
f 12220 12247 13454
f 10633 12744 12514
f 9999 10529 10320
f 288 4003 4128
f 9531 8672 8962
f 10786 10382 10061
f 7885 7437 1230
f 11175 11089 11086
f 10503 10015 10850
f 2998 8434 3285
f 11566 7951 8601
f 5317 5039 1208
f 12930 11768 13366
f 12608 12735 12477
f 685 675 114
f 8372 7228 7236
f 5268 5563 821
f 11989 11987 10706
f 1411 1123 4560
f 9011 6360 8078
f 8583 11598 11616
f 4943 6235 5951
f 9177 9753 9464
f 73 1768 2035
f 4643 11597 4698
f 11091 11866 10982
f 4179 3568 4473
f 6143 6149 3234
f 10982 11866 12909
f 6264 5971 5969
f 12541 485 192
f 9072 9062 9641
f 8606 10745 8638
f 1229 4350 3472
f 13045 9884 9917
f 7658 6953 3194
f 12880 13340 10956
f 26 663 381
f 6744 9680 4929
f 974 4430 3525
f 4620 7510 5662
f 5913 3271 2981
f 2885 3174 6938
f 10770 10784 10034
f 4162 3863 4167
f 8277 3116 2925
f 1355 2191 1363
f 11746 11743 11230
f 8858 9423 8857
f 5338 3764 5332
f 8557 10650 12536
f 4635 10508 5641
f 11317 11832 13342
f 12252 9903 13476
f 5118 5396 1808
f 8546 7475 11605
f 312 330 1501
f 1981 2532 2251
f 12366 12633 12621
f 13378 3373 3088
f 8098 6395 7210
f 11096 11837 11487
f 2392 2672 2673
f 12735 12531 12512
f 12389 12402 12637
f 2217 1433 270
f 5659 4664 4357
f 6091 5812 6118
f 5711 4746 7532
f 1150 4595 1444
f 5605 10560 10384
f 10300 10559 9973
f 947 1785 956
f 4633 10496 5658
f 3901 492 2465
f 3277 8415 8146
f 4646 4684 5668
f 4317 3401 4311
f 771 484 197
f 1164 3478 885
f 11600 12638 11613
f 656 100 1550
f 2316 2315 2038
f 4223 5250 3932
f 10461 5676 4718
f 13393 13392 12953
f 7329 8243 7351
f 12183 5006 6822
f 5981 6004 6291
f 7628 4832 6928
f 4080 4383 3789
f 5085 3769 4074
f 3900 498 1353
f 9412 8836 7304
f 11284 11834 11845
f 13221 3189 6940
f 9190 9755 9478
f 5113 10076 10835
f 11794 11038 11272
f 7813 5007 7096
f 468 2448 1626
f 468 1626 2448
f 3560 1030 1322
f 771 197 205
f 7653 9345 8747
f 9976 10860 10330
f 5050 912 5354
f 2578 333 12647
f 3051 6264 5969
f 12934 11006 13264
f 11369 7363 11882
f 11431 10198 11450
f 12827 12580 12582
f 3448 4410 4409
f 93 90 649
f 7837 1197 8690
f 9687 8170 9118
f 5979 6268 5978
f 1383 1084 4522
f 12795 10707 11988
f 7452 7923 10826
f 7029 13251 7751
f 7153 2859 5832
f 10013 5093 10835
f 212 5494 5210
f 4013 5038 4375
f 4013 4375 5038
f 12042 12276 12259
f 3716 4127 5046
f 9988 10777 10499
f 361 2623 1536
f 4340 4400 950
f 4761 10443 5740
f 7447 7894 10016
f 1184 2591 934
f 3350 6258 3054
f 13482 13065 7497
f 11676 12031 12840
f 418 1578 704
f 3707 5344 5056
f 9212 1422 4569
f 46 5344 319
f 3406 4313 4692
f 9252 9270 8670
f 12167 13256 13517
f 11161 11908 11281
f 11075 11752 10983
f 4000 10544 3737
f 7363 8246 6553
f 5038 5106 5381
f 11287 11175 11845
f 12855 11843 11348
f 11475 13066 13212
f 6168 5902 5900
f 10375 10391 10553
f 10287 13276 11554
f 2991 5904 5470
f 46 319 1504
f 9701 9695 9131
f 2011 1813 2630
f 928 1770 2585
f 12603 11617 12624
f 11071 11869 11226
f 11993 1703 12791
f 10786 10854 10558
f 12001 11644 10715
f 916 1210 5070
f 2301 3452 4356
f 4934 4930 6750
f 11908 11906 11280
f 12724 11971 664
f 12063 11493 10153
f 1190 883 4332
f 5419 5151 5150
f 11805 11334 11221
f 209 2187 764
f 12288 10541 13491
f 12776 12532 11973
f 4025 1495 5090
f 6511 8213 6242
f 6022 5842 6055
f 573 584 29
f 11049 11203 11198
f 5766 3142 2856
f 13440 13247 13480
f 9093 8801 1321
f 12976 11505 11416
f 5056 5344 5070
f 10634 10680 11975
f 9420 8856 9429
f 3249 6986 7698
f 10626 12538 11938
f 10626 11938 12538
f 9769 9192 8906
f 46 597 5070
f 11703 12895 11711
f 5329 5365 5080
f 7098 3377 9498
f 4299 3430 3411
f 12652 11624 12421
f 2938 8362 3225
f 12753 12538 12539
f 11330 11846 11113
f 3948 4253 4243
f 7446 989 4408
f 11449 11483 13046
f 7655 7672 6954
f 4289 3982 566
f 4788 8677 7586
f 4178 5200 4480
f 10268 11257 11134
f 4633 5671 10388
f 3725 3741 4052
f 10997 6209 10998
f 1694 2776 809
f 3710 4006 4036
f 3563 4469 1325
f 1787 2075 2606
f 10645 12497 12473
f 10161 11846 11500
f 7888 11486 11840
f 10161 11113 11846
f 12042 13168 10007
f 10636 11995 10091
f 4870 6695 7687
f 4781 6673 6661
f 10636 10091 11995
f 7082 7797 13257
f 2776 2510 2505
f 4159 6167 1588
f 13423 13229 12309
f 4090 1522 12768
f 4612 7472 7940
f 10461 10323 4649
f 10246 11516 8859
f 733 442 1613
f 8459 7309 7313
f 5891 3267 6169
f 7582 6897 4860
f 3422 4410 1234
f 1225 3476 4420
f 12989 11453 9866
f 3415 4327 3775
f 11201 11353 11861
f 9011 4824 6360
f 22 616 55
f 10485 10492 10355
f 5665 7943 7482
f 3915 5225 4213
f 11328 11756 11115
f 2556 2318 12378
f 1316 5289 3991
f 12234 12149 12150
f 11163 11234 11101
f 3043 6516 5959
f 1733 575 856
f 2100 11626 11982
f 11740 5835 6105
f 3217 6121 5847
f 5244 1098 1390
f 6975 9355 8786
f 3411 5329 1198
f 1012 3546 1303
f 13361 13360 12922
f 12211 13234 12138
f 12488 11919 10653
f 11059 10957 11235
f 13414 12255 12988
f 4832 6659 6928
f 9651 9085 8792
f 4018 4055 3754
f 10269 11264 11145
f 4631 5619 4628
f 1025 4466 3558
f 9894 10245 9922
f 10872 10088 10089
f 10766 10051 10021
f 6528 8216 8224
f 7571 2852 5752
f 8518 13372 11373
f 4018 10491 3791
f 9286 6961 9628
f 1080 4509 1362
f 11063 11341 11343
f 11300 13349 11836
f 5329 5080 1198
f 391 2635 1551
f 6619 4818 6887
f 350 5401 3483
f 8978 9275 8772
f 5333 5109 7589
f 3071 3091 3362
f 1773 2040 1769
f 8398 8390 7251
f 7422 7905 10034
f 5630 4687 10379
f 1065 2743 4503
f 4373 4103 1512
f 9262 8683 9027
f 11833 12869 10984
f 8767 8766 9336
f 6236 6234 6231
f 9838 10180 9853
f 9414 8839 9410
f 7876 7491 7933
f 10922 13308 12872
f 8010 6317 7203
f 1192 4405 973
f 300 1541 5346
f 12646 8593 11619
f 10816 10535 10037
f 9816 9258 9237
f 4796 12269 6639
f 9149 8858 8857
f 11531 10263 11888
f 456 166 725
f 1805 1551 2635
f 8659 7576 8765
f 4102 5123 666
f 6171 5894 6178
f 10579 12796 1715
f 9971 10824 10006
f 7935 12148 10242
f 13528 13268 7094
f 8657 10234 8959
f 11680 12279 12076
f 4484 4491 3577
f 7910 13046 11483
f 13154 12299 13494
f 11886 11373 12932
f 1298 1007 1302
f 7404 10828 10051
f 12973 13453 13007
f 6055 5842 11753
f 4062 650 5098
f 5642 11483 10164
f 6051 8053 8018
f 9814 11170 11113
f 11045 12959 11800
f 12361 12652 12617
f 12715 11953 10649
f 804 1943 2208
f 7850 12405 5604
f 4331 3821 3454
f 7850 8565 12405
f 13417 13450 13146
f 3452 3738 4041
f 1737 8279 7165
f 10388 4712 10566
f 7227 7226 3221
f 4299 1198 868
f 10671 10690 11968
f 921 1252 1272
f 10543 10073 10074
f 1886 1881 2699
f 11802 11101 10213
f 12473 11934 10685
f 10837 10057 11961
f 3126 6897 7582
f 9629 6946 6696
f 8483 6255 3346
f 13394 12954 12953
f 3531 4432 1292
f 10464 10327 5700
f 4352 3492 4393
f 12854 13327 11715
f 9926 12170 12331
f 12705 12578 12458
f 5854 5848 6121
f 6786 6783 6781
f 121 674 10695
f 9785 8921 9208
f 11669 10735 12024
f 10249 10253 9926
f 6740 4920 6739
f 5327 4112 5054
f 10445 10902 10613
f 13468 12302 13222
f 861 1188 1215
f 2223 2773 2501
f 7642 5799 4849
f 4597 3990 4285
f 6328 6366 8058
f 2588 941 1793
f 5248 5533 1089
f 3405 2573 4313
f 10301 10360 10500
f 7086 9755 6805
f 4692 5685 5684
f 9243 8280 8680
f 1158 1444 3695
f 4303 3397 3404
f 10875 11634 821
f 12102 13490 12308
f 9680 9104 9676
f 6858 6675 12263
f 11566 4710 7411
f 7192 9060 9634
f 8810 1313 1020
f 9531 9057 4770
f 11107 11229 11113
f 6037 2902 5776
f 1443 1151 1442
f 8937 9508 9512
f 11398 11908 11280
f 1171 935 4411
f 1171 4411 3406
f 3436 4416 4428
f 13478 13226 13492
f 9279 7601 8693
f 11170 11107 11113
f 5638 7952 4703
f 7359 6550 8244
f 11926 12762 10672
f 9537 8982 6668
f 10504 10366 10367
f 2810 2263 1994
f 3363 3055 3361
f 6711 8106 5870
f 4299 868 4302
f 5109 3783 4087
f 1387 4539 1112
f 2302 2611 361
f 13186 13197 13460
f 9303 7684 6896
f 12210 9879 12060
f 12042 12259 13168
f 781 1658 502
f 5592 5310 5309
f 11791 11789 11031
f 12694 12446 8624
f 5617 4682 7891
f 8489 3057 7349
f 8985 7611 8691
f 3740 331 10339
f 4316 992 1287
f 10384 10382 10558
f 2132 2426 1875
f 13412 13239 13185
f 4370 939 1238
f 11855 11349 11866
f 8683 9276 8671
f 2306 2339 2039
f 9972 12467 10642
f 2161 2423 2720
f 1863 2119 2682
f 10335 10023 10846
f 10895 10592 10104
f 231 2214 2207
f 3297 3292 3005
f 8488 9449 8891
f 6847 7563 6920
f 8155 6451 8146
f 10324 10564 10563
f 2292 2632 2310
f 10497 10547 10330
f 11166 11216 11093
f 591 96 604
f 7422 10784 13441
f 1055 4487 1046
f 12832 10737 12586
f 12083 12314 12241
f 12499 12416 12531
f 11435 10179 11456
f 2675 1845 2393
f 10011 10856 10691
f 12612 12415 11605
f 4095 6668 4854
f 1096 1387 1112
f 8551 11575 12630
f 8039 8324 8080
f 8433 8171 7298
f 13414 13195 13470
f 12984 11203 9855
f 7560 7558 8000
f 2704 2142 2431
f 3369 12927 3078
f 8049 6353 8317
f 2037 5413 1264
f 6634 6093 5822
f 182 467 740
f 302 301 25
f 2602 964 4399
f 11440 13016 10175
f 9094 9370 8805
f 5027 7831 7114
f 12607 10235 5633
f 484 190 476
f 9380 1311 8808
f 2 5 10675
f 3296 3305 3008
f 6094 6383 5831
f 12469 12773 10528
f 5207 4191 5202
f 13477 6680 6950
f 8060 6386 8074
f 1208 1205 986
f 3296 3020 3019
f 12079 13198 4780
f 4226 3920 3929
f 6345 8302 7150
f 8461 8843 9414
f 9838 11212 10180
f 13008 13073 11504
f 13008 11504 13073
f 1995 1741 875
f 5635 7918 10331
f 7428 881 10796
f 1482 2581 2294
f 6023 5789 6034
f 11417 13000 13081
f 6852 7612 7594
f 11581 8580 11585
f 3118 13296 2871
f 6350 6075 5829
f 9397 8828 1344
f 11719 12277 11217
f 7850 11594 8565
f 6099 6698 6094
f 7605 4868 4826
f 4907 6728 9100
f 597 630 39
f 13420 12973 13007
f 2432 2422 2140
f 2678 1848 2390
f 9725 1075 9433
f 9280 8742 8693
f 5558 5270 4251
f 13118 10281 11546
f 8234 6537 9180
f 5335 1191 3418
f 10491 10397 10398
f 10929 11724 13328
f 6995 2978 7718
f 9322 9327 8746
f 4682 4692 5684
f 10848 10075 10860
f 10790 7483 10050
f 5597 4719 4675
f 7391 8542 7390
f 9765 6813 4998
f 7415 7856 7958
f 4143 4148 4154
f 708 1576 149
f 5716 7964 7530
f 12561 12807 12560
f 5734 5736 4751
f 12339 12181 5003
f 11186 11313 11073
f 1406 3630 4541
f 9812 9880 10235
f 4959 7039 7753
f 5653 10527 4687
f 7319 8463 8467
f 6198 6464 8165
f 2745 2750 2478
f 9232 9295 8667
f 1759 1546 339
f 4492 5203 4192
f 10146 11434 5607
f 7564 6851 6853
f 2809 1984 2535
f 1215 2046 1781
f 3566 3559 1331
f 1662 570 272
f 4036 3802 5410
f 11654 11652 8630
f 10518 10816 10037
f 11725 13338 12289
f 8249 5997 5996
f 863 1176 3430
f 10932 12881 11721
f 5287 5568 5571
f 10165 11508 13175
f 9893 13073 9895
f 3767 5355 4071
f 11802 11488 11424
f 5597 12359 4719
f 3314 6225 11764
f 3314 11764 6225
f 4816 4828 7613
f 4479 4478 3566
f 6784 7049 4959
f 12234 13308 12149
f 6173 2976 1593
f 8297 8070 6332
f 912 965 1224
f 4034 3797 3721
f 8452 7307 8197
f 11715 11743 10967
f 956 1266 5416
f 8811 9382 8816
f 1208 986 5381
f 2072 2355 2361
f 10756 10514 10057
f 10918 11061 10206
f 9819 11076 11197
f 9819 11197 11076
f 1095 1397 3632
f 3704 5334 5360
f 5503 206 3905
f 4622 12622 12387
f 10922 11689 12149
f 355 372 1523
f 10918 13208 12899
f 5729 7980 7533
f 3591 9132 2474
f 12255 12103 9856
f 3408 4326 4324
f 2896 3184 3193
f 6584 13459 12243
f 4612 5609 7464
f 7840 7464 5609
f 1166 3428 859
f 12798 12546 12812
f 3915 5511 5225
f 603 627 72
f 8402 7258 1860
f 5620 12657 7505
f 2275 2563 2013
f 1262 961 1254
f 4175 3871 3875
f 2222 2535 2790
f 574 321 51
f 5118 5416 5135
f 9966 11274 13127
f 12206 12279 11680
f 2816 2545 12454
f 13543 13388 13542
f 13289 12899 13208
f 5211 3894 4197
f 1024 8804 9373
f 2836 4847 5809
f 5855 2937 6126
f 9970 10844 11967
f 5592 5309 5591
f 10198 10190 9869
f 8455 8849 7316
f 4770 5755 6659
f 5147 5135 4134
f 11981 10695 112
f 12425 12671 12427
f 7056 9453 7065
f 11698 10972 10928
f 13104 9493 11536
f 1733 856 1286
f 7665 5404 4854
f 3394 1178 3431
f 9970 11959 10832
f 7087 6797 6801
f 10129 10125 10904
f 5334 4023 5360
f 8922 11890 8522
f 1044 1340 2166
f 13419 12140 13236
f 8214 6244 6512
f 5406 5148 3799
f 5648 10068 7907
f 611 1750 50
f 3594 2186 1362
f 7819 12342 12182
f 2324 4416 2600
f 682 112 109
f 5351 3762 3460
f 13316 12893 13460
f 12850 12866 13325
f 2013 2010 1772
f 4638 5663 7506
f 10489 4688 10836
f 12998 10244 11461
f 2411 2416 2697
f 6850 3163 7681
f 5236 4208 5516
f 10298 12467 9972
f 10937 12281 12075
f 8649 12698 12580
f 10789 5126 4044
f 5052 5364 5109
f 10475 12743 10366
f 5771 10946 36
f 13165 7575 2836
f 7393 7857 4641
f 10633 12514 12407
f 2003 1999 1743
f 12959 11042 13398
f 1027 4462 9665
f 7432 4682 4675
f 863 4302 1286
f 11269 11031 11789
f 2816 12454 12703
f 12291 11759 10979
f 3764 4055 3791
f 12860 10991 11838
f 6935 6683 4868
f 8205 8211 6510
f 10333 12511 12757
f 4144 3853 408
f 7013 4933 6742
f 6354 8046 9599
f 7225 11874 2936
f 3568 3562 4468
f 1618 739 1609
f 6621 6080 3163
f 7422 7910 7905
f 5713 1412 2234
f 11692 10965 6025
f 10925 11709 12299
f 5666 7957 7956
f 10615 4295 4607
f 9969 10808 10807
f 8652 11669 12024
f 9586 9882 9626
f 7837 7433 1197
f 6618 12276 4082
f 10513 12526 12753
f 6614 4809 6881
f 3701 5408 10392
f 1173 3419 2281
f 10641 10057 10514
f 8249 5996 6285
f 7591 6883 3128
f 11812 10942 11058
f 438 6165 5889
f 8287 9285 8678
f 9572 6620 4821
f 9188 9179 9757
f 354 1517 368
f 13407 13150 11495
f 2002 2292 290
f 6621 6919 6080
f 11303 11454 13014
f 10641 11961 10057
f 9189 9187 9184
f 7971 10871 10088
f 10770 10034 10548
f 7475 7924 7481
f 8026 9041 9566
f 585 2574 76
f 7528 1968 11642
f 9094 8805 3557
f 2557 2282 2070
f 5281 4283 3987
f 7905 7910 7466
f 11592 10837 11961
f 12848 12598 12039
f 8553 11976 11568
f 7397 11592 11354
f 7881 7437 7493
f 4629 4664 5659
f 3535 3839 4442
f 3130 6597 6043
f 11814 11465 12893
f 8206 6517 7324
f 12484 12787 12747
f 11409 11476 13040
f 4907 6725 4910
f 3769 5425 5426
f 12096 11717 10953
f 1700 251 538
f 8610 12427 2418
f 2148 2697 2416
f 10139 9915 11194
f 13184 13465 13203
f 10002 5143 10847
f 10298 12389 12467
f 6499 8188 7300
f 10043 10355 10863
f 3464 3494 4377
f 7332 9434 9715
f 11401 11109 10209
f 4957 6762 6764
f 11811 11410 11817
f 2824 3114 5758
f 9379 8401 7262
f 2271 6344 8043
f 12472 10470 12769
f 1155 1446 1157
f 2611 4387 1516
f 9190 9466 9756
f 7694 6975 8786
f 4070 3826 5086
f 9005 5841 4812
f 1345 3582 4487
f 9808 10188 11188
f 11740 10990 5835
f 11897 12453 11662
f 7396 7438 4650
f 12205 13469 13307
f 8704 9564 9046
f 7795 7793 7077
f 8545 12417 11563
f 243 527 1688
f 12611 11580 12646
f 10271 12185 9947
f 1177 878 3515
f 8825 7729 8822
f 2958 6145 5869
f 12054 10967 12222
f 13009 13024 11485
f 11211 11081 11096
f 5918 6194 8157
f 8620 11644 12689
f 6863 9300 13041
f 255 828 3090
f 11085 11217 9868
f 1854 2676 1846
f 4549 3635 1106
f 8195 6496 3585
f 46 630 597
f 12092 12278 12114
f 1026 1865 164
f 9972 10642 10820
f 13443 12233 12136
f 12204 13483 11736
f 1680 2482 2762
f 6792 6789 4970
f 9445 7779 7066
f 4908 7710 5453
f 2853 2859 3141
f 12852 13305 10975
f 10110 10608 10898
f 4653 5642 10164
f 6022 4847 5842
f 8564 7470 11577
f 5618 4694 7490
f 8935 9510 9790
f 1764 1507 2629
f 7960 7519 7959
f 4550 4549 3654
f 11563 12417 12620
f 13531 11540 13272
f 12253 13471 13029
f 8872 9439 8865
f 6024 2918 3202
f 8243 8509 7355
f 7028 3324 6234
f 8683 8698 9276
f 21 332 58
f 7414 12651 11578
f 6705 6695 4885
f 6584 12243 12082
f 6042 3123 2864
f 9669 9389 9102
f 11305 13064 11084
f 2275 2013 41
f 9704 9129 9135
f 578 11923 10847
f 578 10847 5143
f 4808 6065 6679
f 11684 12221 12044
f 6605 6960 5141
f 9676 9104 8818
f 4343 3457 4353
f 10917 13409 13219
f 872 1231 1230
f 6685 7687 6968
f 11685 12212 12053
f 320 61 1490
f 2828 3129 3207
f 914 9579 8745
f 4439 1289 3526
f 11035 12949 11150
f 6228 3315 6222
f 7305 9122 6488
f 586 306 105
f 7313 7309 8443
f 2968 3247 8397
f 8135 6430 8131
f 11584 8587 11624
f 6038 6088 3192
f 11038 11790 13396
f 11277 11157 11271
f 10669 12519 12520
f 1160 2002 5325
f 7778 4977 8867
f 12628 4652 5658
f 1456 315 1473
f 3187 8055 6091
f 1336 3875 5473
f 4547 3651 3949
f 10761 9985 10768
f 7893 11578 11594
f 2549 4382 2280
f 1508 4081 339
f 6881 7684 9269
f 3759 339 4081
f 9234 9532 9051
f 870 3499 1214
f 9750 9170 9741
f 288 4129 1497
f 3609 1073 1369
f 2280 3398 4426
f 11676 8647 12706
f 14 285 2287
f 7694 7692 8789
f 12086 10227 11105
f 9415 8845 7321
f 11182 6325 11080
f 4872 8769 9061
f 1656 10575 4205
f 5863 8113 6139
f 12607 12417 4653
f 11112 12908 11865
f 10451 5743 10127
f 10659 10023 12500
f 7875 7445 7891
f 10033 10080 10811
f 11910 10683 10060
f 12425 11243 12671
f 11563 12620 4647
f 11893 11146 9950
f 8369 5854 3217
f 4791 4853 7585
f 4928 4933 6748
f 7396 11563 4647
f 8549 12359 5597
f 3590 4496 3586
f 3398 4382 2587
f 8723 7654 6661
f 3690 4572 1425
f 9343 9062 9638
f 1712 834 839
f 4534 3621 3630
f 7746 13515 7042
f 6836 6835 5016
f 12374 8568 5609
f 3174 3169 2870
f 6760 5012 6830
f 8242 8241 8493
f 12993 13242 11507
f 4608 5601 7458
f 7428 7864 881
f 5630 7906 7469
f 2470 2746 2747
f 2461 2173 189
f 9608 9607 9055
f 7892 5664 7483
f 10922 12149 13308
f 9925 11519 10255
f 14 595 103
f 6212 8166 9110
f 1658 212 502
f 916 2045 1276
f 10771 10073 10067
f 644 5116 100
f 8496 7347 7352
f 12408 12648 12647
f 13548 13285 12353
f 907 7955 7512
f 5128 5405 4097
f 1161 3396 2277
f 6323 8013 5765
f 12369 12634 12740
f 7174 8345 8755
f 12472 12374 5609
f 8461 8470 7323
f 7145 8304 7161
f 3246 2961 7243
f 11186 11832 11313
f 2583 2599 1812
f 1133 9501 8926
f 8619 2237 2784
f 13323 11348 13348
f 2823 3164 3119
f 7133 8080 6327
f 1388 5525 5243
f 10606 10435 10597
f 10606 10597 10435
f 5605 4675 4719
f 293 71 2891
f 12046 13141 11423
f 4673 3492 10383
f 4442 3839 4139
f 10617 4757 4758
f 12629 11591 4720
f 549 1708 2789
f 8219 6521 7330
f 1456 4391 2320
f 7070 7780 7066
f 4818 7661 6887
f 1489 338 624
f 9541 12998 9035
f 4649 5675 5691
f 4549 1412 3656
f 6230 8181 8442
f 8844 9410 8446
f 12472 5609 10470
f 4337 922 5132
f 7417 4680 5672
f 4640 4703 5692
f 10062 10066 10854
f 9381 1314 8807
f 11290 9916 13083
f 269 5297 5577
f 9040 5822 6372
f 4627 7483 5664
f 8265 8532 7380
f 2223 1952 2773
f 519 1684 2758
f 7485 12665 11607
f 8937 8936 7826
f 13283 12957 13281
f 5599 4677 4678
f 4777 4843 6656
f 1108 2774 2497
f 3137 2847 3156
f 9828 10186 9918
f 13287 13549 12358
f 6065 5788 6106
f 11390 13394 11387
f 5462 5188 5461
f 13170 13428 13434
f 8545 11563 7396
f 11155 11031 11269
f 3728 5359 4023
f 10586 4257 10869
f 12360 2277 2587
f 9999 10041 10821
f 4804 7685 6966
f 8523 3377 11889
f 1732 2044 2597
f 12468 12766 12366
f 7440 4682 5684
f 7440 5684 8602
f 275 5583 10112
f 4907 3860 5180
f 3900 3896 4198
f 4222 4538 1100
f 4990 9181 6807
f 9564 9308 9046
f 13533 13273 12188
f 6022 5809 4847
f 12360 4698 7469
f 2549 3410 12662
f 10486 3822 10013
f 4772 5752 9548
f 527 1683 521
f 5827 6115 3214
f 7469 4698 11597
f 7404 11594 7465
f 12087 12086 12312
f 11427 11496 12995
f 10325 10819 12262
f 9811 12970 9817
f 8936 9511 7108
f 7497 13065 11349
f 258 549 829
f 4471 1032 5189
f 13010 8987 11464
f 4643 7469 11597
f 8521 7372 3381
f 13164 7583 13462
f 2246 8521 1972
f 11855 7497 11349
f 99 654 1547
f 8549 12523 12359
f 13341 13492 13226
f 2017 1798 991
f 4665 10861 10568
f 11715 11321 11220
f 11185 11233 11332
f 8546 12415 7924
f 850 2258 1989
f 8037 6375 5802
f 8331 6391 8072
f 4274 3976 5293
f 6263 523 5968
f 876 965 4398
f 6352 5798 2876
f 10463 10352 10295
f 10463 10295 10352
f 12377 12616 12650
f 11527 11532 13097
f 1591 416 5874
f 2581 352 2296
f 7425 7869 7509
f 7122 8662 11462
f 6193 3275 3271
f 9605 9032 6358
f 11804 11502 13067
f 7022 6749 4937
f 9465 9176 9752
f 12734 11980 11970
f 5202 5201 5481
f 5202 5481 5201
f 11379 11147 11892
f 8144 8399 1863
f 12714 10665 12472
f 12032 10740 12590
f 5334 5076 3720
f 12210 12277 12066
f 7055 7771 4969
f 12257 12155 10216
f 9725 9433 9146
f 1185 988 1280
f 10463 10479 10352
f 4329 4118 3779
f 1161 7461 930
f 10467 10532 10379
f 3616 1381 4523
f 951 1799 4385
f 11570 8585 11948
f 10462 10406 10824
f 5215 785 1660
f 3700 5056 4007
f 9527 8956 9230
f 8980 9033 9561
f 11446 10229 12101
f 5505 213 208
f 5759 8031 6112
f 4319 1287 873
f 6757 9130 9129
f 7106 7824 5017
f 9535 6615 9321
f 6739 4913 5909
f 1161 885 4426
f 1408 4545 1118
f 7272 6570 8261
f 11054 11237 11353
f 12676 2516 2787
f 12469 12743 12539
f 12245 10222 12139
f 3448 4409 3750
f 2878 3165 3158
f 11931 10804 7462
f 10241 9912 9911
f 6152 8128 8382
f 7596 4857 6901
f 11702 10931 12281
f 7260 8403 1862
f 13147 13236 13439
f 3922 5298 4266
f 13134 13466 12078
f 12680 2510 12429
f 12052 13233 13234
f 11631 11646 12691
f 9796 6299 5016
f 2411 2697 2135
f 12714 12523 11911
f 403 2378 394
f 9523 8948 9804
f 10637 11918 10659
f 209 1360 2187
f 2764 2504 1949
f 9196 8888 9461
f 794 5514 220
f 1161 7845 7461
f 8034 9611 6372
f 6578 6577 6310
f 3910 3672 4269
f 5643 4666 10549
f 4807 7604 4868
f 4616 7883 7485
f 7850 7464 7465
f 2377 1846 2100
f 7836 8955 8954
f 9651 9646 9075
f 9651 9075 9646
f 170 441 449
f 7860 7894 7447
f 7860 7460 7894
f 12877 10994 11867
f 2430 730 168
f 13140 13200 13220
f 11879 11362 11247
f 3426 4428 4416
f 11213 11357 11240
f 13067 11502 11501
f 272 12020 855
f 13426 13165 13347
f 11525 11524 10260
f 6059 5782 6079
f 2848 7159 8335
f 4163 3866 445
f 2975 1594 6175
f 10493 10522 10362
f 9569 8986 9027
f 6138 5861 5868
f 12790 10576 12542
f 2401 1860 2674
f 11438 12991 11428
f 1991 1990 2260
f 12372 10346 12663
f 1054 3578 4488
f 2278 1737 2042
f 11405 13045 10197
f 10769 10008 10408
f 5040 871 1259
f 1454 1497 363
f 1454 363 1497
f 4015 3721 3797
f 6305 2811 1724
f 5746 6338 8031
f 11918 10023 10659
f 1958 2236 2787
f 5471 4911 7726
f 9781 8913 9491
f 8563 10661 11949
f 8568 10665 11962
f 11584 10692 8587
f 7744 7753 7039
f 7744 7039 7753
f 659 1549 5138
f 5549 3962 10869
f 11571 12396 8570
f 4789 6686 7668
f 10792 10657 11954
f 1216 3449 3753
f 1475 2325 1506
f 9105 8816 8812
f 3729 4031 3736
f 885 4371 4426
f 8938 9789 9507
f 8560 11584 11624
f 3643 5557 1411
f 8560 7889 11584
f 6616 4816 4867
f 10056 10381 10827
f 10541 10369 10531
f 7415 7958 4718
f 12067 13477 13160
f 10628 12476 12510
f 1634 4478 4180
f 1245 938 1236
f 7774 6784 7050
f 406 147 2389
f 13138 12088 13178
f 5212 202 5484
f 513 1670 507
f 513 507 1670
f 7166 8767 9022
f 11695 11235 10948
f 10757 7447 10016
f 11312 11840 11486
f 6235 8193 6500
f 3766 5376 3768
f 6541 8500 8231
f 12690 4740 5719
f 13457 13241 13498
f 7331 6518 5960
f 9384 1020 6991
f 1858 1852 2112
f 8229 6532 9739
f 7773 8881 7055
f 13300 11297 12914
f 4258 3962 4252
f 10803 10532 10347
f 10587 12340 11778
f 12290 12283 12121
f 9819 13067 13033
f 5138 4135 5434
f 8265 8260 6569
f 981 4433 5134
f 3467 3490 4360
f 13174 13232 10225
f 12641 12507 12774
f 2825 10965 12894
f 1405 1121 1964
f 12518 11969 10674
f 8009 6335 6378
f 3476 3489 4420
f 13482 12909 11349
f 4945 5948 3036
f 12680 12566 12792
f 8001 10447 5742
f 2227 2219 2504
f 7648 9017 6367
f 6737 6732 5915
f 1097 1399 1397
f 7028 6234 6762
f 4438 4430 3528
f 11263 10266 9205
f 6817 5004 6823
f 11857 11110 6391
f 7552 10905 4758
f 2328 3487 2327
f 3588 4498 3584
f 8225 9739 6532
f 5442 1293 3844
f 5326 5144 10824
f 3694 4601 4605
f 1169 899 900
f 6039 5795 11720
f 11690 12915 10930
f 9598 9322 8061
f 12056 12223 12273
f 3714 1224 3491
f 2690 12670 11242
f 11300 11341 11063
f 5055 4115 5423
f 12606 5674 4677
f 7621 6961 4871
f 11707 11216 11091
f 11697 12144 11742
f 2120 1854 2676
f 2120 2676 1854
f 5625 3447 10341
f 6571 7381 8255
f 4735 5723 5718
f 10345 4104 10523
f 9216 9795 8940
f 13445 13485 13205
f 1202 973 3429
f 12084 13175 12250
f 890 1803 1272
f 13521 13260 12173
f 11926 10689 11952
f 9282 9599 8071
f 5550 4257 3947
f 350 4103 3795
f 11807 11302 11188
f 5633 10235 7880
f 7442 11939 11584
f 3714 4022 5057
f 8270 6016 6563
f 3098 7823 7106
f 8911 9744 9772
f 309 342 37
f 9508 7107 6839
f 12969 8754 9826
f 8154 8412 8150
f 11384 12946 13387
f 348 1543 347
f 2030 1781 1762
f 13163 12248 13496
f 7678 4866 7674
f 8979 9272 8708
f 334 1487 66
f 8607 11627 2106
f 1467 25 301
f 9357 9351 8780
f 5593 4695 4665
f 2336 560 2812
f 10646 11590 8572
f 10944 10956 11729
f 11170 12642 12410
f 423 705 1583
f 4785 6607 9575
f 13003 9910 10196
f 1499 4120 2626
f 11369 8517 7363
f 13263 13261 13523
f 11688 11725 10973
f 10634 11975 8570
f 5381 5106 942
f 12964 10143 11424
f 2522 6553 8246
f 6995 7718 6997
f 7931 4706 7508
f 1958 2226 2236
f 5320 4121 3717
f 10606 4759 4762
f 9775 9774 9781
f 11693 10952 11171
f 10798 10051 10828
f 1986 2813 1723
f 11403 11407 13057
f 10151 11477 13068
f 2013 1772 41
f 2824 7119 3114
f 11843 13336 11079
f 6857 4805 6623
f 11047 11164 6314
f 2377 1561 2653
f 6736 7722 7007
f 10002 3725 5394
f 1802 2636 1820
f 8725 9001 8762
f 7805 4988 7793
f 10757 10016 10846
f 10628 10668 12476
f 8550 7404 7893
f 11549 10278 13120
f 7894 7460 5689
f 9540 9244 8748
f 3045 3041 3331
f 5198 2166 182
f 10344 10060 10683
f 6662 4876 9063
f 4804 7607 4811
f 9549 9338 8983
f 11750 13354 10988
f 12072 12304 13448
f 13411 11447 12265
f 1464 2559 1747
f 8392 8384 7240
f 4124 3837 3841
f 3992 4285 3990
f 1654 494 3904
f 4673 10571 4393
f 1308 3542 4449
f 6985 6714 9657
f 13394 13392 11387
f 1506 2621 1535
f 780 792 791
f 7060 13520 11523
f 4518 1080 1372
f 4182 5482 3889
f 5202 3887 5481
f 861 1781 4333
f 5799 6087 4849
f 6509 6504 8842
f 7399 4650 7438
f 10797 7492 7919
f 10723 12569 12806
f 10490 10780 10323
f 231 2207 2755
f 3230 2942 7213
f 2011 672 1813
f 1888 2147 1887
f 7871 10818 7442
f 10128 10123 10903
f 7226 6411 2935
f 5291 4262 3967
f 10486 10307 3821
f 5067 5108 5386
f 3784 3508 4389
f 3 12664 12412
f 5910 5903 2989
f 572 68 3177
f 7176 8747 6363
f 6864 7607 7583
f 6021 5751 6026
f 13377 12002 10711
f 3928 3625 5528
f 7568 6850 6895
f 3478 3776 4369
f 7815 9504 7821
f 3261 3259 2969
f 7462 7952 11608
f 11648 12687 12686
f 11303 13014 13347
f 11631 7988 7545
f 10455 10132 10623
f 9684 6735 4921
f 6302 6299 6301
f 12369 12511 8579
f 9924 10247 12169
f 405 397 1571
f 8294 1794 7173
f 4662 5644 4704
f 7409 13071 9251
f 9926 12325 12166
f 7076 7809 9468
f 956 1785 2068
f 11591 11624 12652
f 12861 2917 10978
f 7288 2998 3006
f 3923 4523 4215
f 11803 11285 11305
f 10877 5275 5561
f 6986 8795 7698
f 8463 9413 9701
f 2553 2276 2000
f 9858 10211 11503
f 4334 3515 878
f 5193 3870 5469
f 8365 1817 7209
f 9527 9230 10288
f 4299 3411 1198
f 3843 4135 1549
f 10941 12913 11733
f 10328 10537 10536
f 2883 13243 7681
f 7032 3323 3034
f 946 952 953
f 7095 3964 5564
f 7848 7412 7407
f 12943 13389 11029
f 9818 9917 10156
f 2580 1753 2078
f 11691 10924 11722
f 9705 6513 9132
f 509 1671 794
f 3410 1207 12415
f 9541 9323 12998
f 5052 920 4349
f 4184 3883 4476
f 9812 10210 9880
f 9140 8196 6503
f 8945 5022 9220
f 123 393 1545
f 9594 8327 8056
f 4379 2320 3479
f 5028 3717 4118
f 7459 4702 4689
f 11476 10239 9909
f 11407 10148 12122
f 13135 13454 13418
f 8098 6392 6395
f 8620 12689 12431
f 7332 9715 6519
f 4361 936 3463
f 6985 7703 6714
f 7613 4828 7627
f 1042 1342 9396
f 2455 2719 2730
f 10492 5696 10019
f 12211 12138 12239
f 10471 10561 12778
f 10962 11736 11725
f 7844 7448 7895
f 5013 6012 7818
f 5330 1189 3784
f 11829 7162 12903
f 12442 12559 12802
f 1672 789 1936
f 6526 7327 8217
f 12210 10174 9879
f 13543 13277 11552
f 10296 10078 10680
f 11652 8628 8629
f 2056 1256 2050
f 8681 9008 9584
f 7122 11462 11841
f 3724 3469 3421
f 1454 615 4003
f 12495 10676 11965
f 8503 8234 9473
f 12877 11867 11350
f 13003 10196 11441
f 1859 2116 709
f 11144 6006 6560
f 12856 12896 12897
f 2134 2428 2420
f 3178 2890 3194
f 2438 2703 1617
f 12488 10653 11978
f 8963 9578 8982
f 8657 8959 9240
f 5314 9983 10793
f 5119 5417 1267
f 909 5079 4065
f 317 1283 5415
f 6351 5812 8055
f 9282 8071 9606
f 11564 10862 7511
f 11379 11892 11378
f 13188 12254 12085
f 12989 9866 9854
f 884 5392 1187
f 11928 12764 10658
f 8756 6946 9340
f 9159 9726 9153
f 7252 8124 8391
f 710 702 145
f 9770 6822 5006
f 12789 1654 10575
f 4123 3836 3834
f 4123 3834 3836
f 347 4099 3793
f 8104 6416 6409
f 5314 5354 5057
f 11442 13059 11344
f 10627 12489 10301
f 8270 6842 6309
f 5219 5510 4202
f 5238 5517 4211
f 8026 6119 6340
f 3200 8092 6122
f 2973 8410 3269
f 4760 7557 10900
f 11285 11811 11305
f 12396 12783 12492
f 4060 10574 10377
f 10118 10892 10601
f 12727 11972 12755
f 6425 7232 8121
f 9361 4890 6972
f 9265 9315 8714
f 1489 67 375
f 547 2790 2534
f 6331 5810 365
f 9809 13002 10199
f 7650 2895 4842
f 1161 2277 7845
f 10680 10078 11975
f 7530 7533 7980
f 8107 6418 9084
f 11930 11576 12609
f 12486 12721 10471
f 10782 9983 10488
f 5601 5680 7847
f 7122 11318 8316
f 7257 8400 7267
f 1182 10776 7412
f 8552 11586 8590
f 9946 10275 9951
f 9074 6706 4886
f 11047 6314 10944
f 2828 68 3129
f 1872 2968 8397
f 10471 12496 10351
f 1339 4482 3578
f 434 5884 6163
f 12668 12424 2392
f 5044 5375 5058
f 852 283 1726
f 12729 12475 12491
f 12879 12891 13332
f 13169 6879 6863
f 4784 6609 6639
f 11406 13082 12971
f 5314 3737 9983
f 9983 3737 10368
f 8951 8947 9516
f 10805 10053 7455
f 12326 12166 12323
f 5626 4637 4696
f 13188 12132 12109
f 9968 10318 7492
f 12441 4742 5717
f 11411 13498 13241
f 5601 7857 7458
f 10135 13020 9856
f 11414 8661 7583
f 10809 10543 10074
f 4776 6603 6613
f 4801 6627 8983
f 12727 12755 11942
f 9973 10820 10474
f 1938 2480 2476
f 11421 12992 9350
f 5928 3015 6216
f 10184 11478 9912
f 12869 11745 10984
f 9991 10780 10055
f 6210 5934 6215
f 10198 13078 9914
f 7603 6878 8721
f 13447 11463 13022
f 11297 11853 11355
f 10488 10544 10408
f 13368 3369 8517
f 11645 12440 12687
f 9606 9622 9045
f 9821 12978 10220
f 11283 12892 11338
f 9132 9694 9128
f 4554 4559 3646
f 10141 9835 10202
f 5553 4239 3944
f 7331 8473 6518
f 5031 3747 4049
f 4643 7944 5653
f 10335 12500 10023
f 11915 12754 12516
f 876 2598 1745
f 5477 1337 5472
f 12990 9866 11436
f 10434 10443 10433
f 2204 1940 2751
f 10296 10561 10543
f 11401 13222 11109
f 3400 3515 1278
f 13321 11328 11755
f 834 547 838
f 10564 10400 10563
f 10780 10511 10055
f 272 12582 10732
f 11321 11858 11202
f 6850 7681 6895
f 10308 10474 12526
f 11983 193 10698
f 2968 2963 3247
f 9581 926 9327
f 9818 10197 9917
f 1951 4545 2769
f 4661 5677 10347
f 2658 394 2378
f 5058 4039 4022
f 12486 10344 10683
f 7339 7330 8473
f 3684 3673 1427
f 3427 4329 3779
f 11405 8678 13045
f 8683 9257 9027
f 8059 2618 2331
f 5670 3471 4685
f 5058 3801 4039
f 3551 3861 5453
f 2809 1131 1984
f 7543 7982 5725
f 8400 2127 7255
f 3995 4291 3994
f 4611 10324 5623
f 12242 12269 12105
f 10005 10803 10347
f 9495 8522 3380
f 10306 10493 10499
f 9334 9609 9890
f 3839 4134 3831
f 10005 10347 5677
f 1717 557 4259
f 10140 11466 9913
f 1969 2779 2780
f 3192 5807 2921
f 1595 421 432
f 1938 2749 1664
f 10944 11720 10956
f 11327 11209 8352
f 3120 12866 2830
f 8649 12580 12456
f 12206 12062 11688
f 976 993 4432
f 2567 2579 2291
f 11435 13047 10179
f 7145 7161 8323
f 1502 1512 350
f 7454 5686 4697
f 4039 3801 3737
f 5615 4341 4657
f 350 1512 4103
f 2283 2557 2591
f 5674 10559 4707
f 6464 2978 7265
f 3745 38 3481
f 8817 9103 7264
f 5353 5412 5089
f 13154 13070 11502
f 10758 10569 10079
f 11020 543 12551
f 9832 12081 10204
f 4660 5657 10510
f 10742 8636 12017
f 7575 6595 4847
f 2367 1819 2635
f 9381 1019 1314
f 4415 5154 993
f 10099 10882 10881
f 1093 4526 1380
f 6450 2403 8399
f 5746 5756 3184
f 10586 3961 4257
f 12703 12827 1731
f 6743 7016 7735
f 12987 13033 11479
f 1713 552 1710
f 2691 2134 2420
f 12391 7952 5638
f 10464 4648 10760
f 2280 4382 3398
f 11435 9886 13069
f 7592 6621 4807
f 2854 2865 3143
f 4755 3694 1154
f 7592 6919 6621
f 11777 11020 11782
f 6077 6074 6076
f 11681 10968 10915
f 11910 10060 10042
f 13306 11741 11222
f 8373 6430 8127
f 13140 12058 4768
f 12813 12567 10715
f 11352 11872 11351
f 2517 1705 545
f 6583 7567 6890
f 10335 10552 10521
f 10487 10840 10024
f 565 843 276
f 2128 2965 7246
f 5324 3778 5136
f 13208 12285 13484
f 8493 7345 7346
f 11301 11210 11073
f 3403 4329 3427
f 860 3441 4325
f 10785 10046 7900
f 3070 6291 3372
f 4251 3954 3952
f 1163 1243 906
f 4661 4651 5636
f 2276 2572 5606
f 8665 8678 9285
f 8665 9285 7605
f 12987 13186 11465
f 8077 9052 8350
f 12183 12338 12344
f 4599 5733 4749
f 6475 5922 6191
f 3278 5902 6184
f 2709 2435 2427
f 9663 8794 9090
f 10780 10807 10511
f 4783 7601 6596
f 13410 13330 13204
f 10459 4668 10319
f 9542 6689 6057
f 224 216 784
f 7872 7427 7441
f 8456 7315 9422
f 8827 9402 9400
f 10641 11977 11961
f 10297 10552 10026
f 8984 8067 9613
f 6790 7054 7775
f 10144 10156 9916
f 13116 13122 11893
f 4769 12073 6611
f 10026 10552 10845
f 7712 3862 5458
f 7141 8338 8078
f 11045 11042 12959
f 11651 12443 8627
f 5116 5421 100
f 6848 4786 6600
f 13426 13014 13192
f 12876 12911 13349
f 596 1541 374
f 7289 8437 6485
f 1885 1878 2697
f 11178 11098 9916
f 10363 10376 10524
f 10762 13482 7497
f 8329 9349 8777
f 8428 7281 7275
f 12482 12749 12528
f 13197 13240 13460
f 2088 2082 1817
f 5640 7478 7922
f 11178 11301 11098
f 10585 10094 10878
f 12393 10407 4679
f 12508 12771 10376
f 5322 5122 5107
f 5400 5142 5394
f 12602 5695 12360
f 13031 9921 11514
f 4781 7654 6673
f 1625 452 460
f 7057 7774 8883
f 7867 7883 7450
f 415 144 136
f 7867 7497 7883
f 13136 12054 12311
f 5332 3764 5094
f 5392 4100 3809
f 10494 10527 10365
f 10494 10365 10403
f 12045 10162 12264
f 1678 1670 513
f 9810 12264 10162
f 12636 8582 11840
f 12984 11302 11203
f 6704 5849 6130
f 468 453 1626
f 1173 918 3419
f 2551 1482 12621
f 3700 4056 5040
f 7284 8429 8420
f 11070 11198 11203
f 2874 7662 8756
f 12071 12266 13215
f 4913 7718 2978
f 10158 9882 9831
f 11591 7466 4720
f 362 3789 2610
f 9153 8854 7751
f 7668 7682 6950
f 3456 4352 1284
f 3231 2945 7210
f 13468 13223 12302
f 4438 2645 2633
f 4310 4646 3416
f 5407 99 1275
f 11694 12147 12227
f 11077 11217 11198
f 2901 6089 5830
f 1985 271 847
f 6613 9628 6691
f 11683 12239 13500
f 2937 3214 6126
f 13155 11446 12101
f 12432 7968 8614
f 1706 559 268
f 12929 11010 11769
f 6404 8095 8101
f 4296 4045 3424
f 7397 10837 11592
f 11165 11162 11069
f 10959 11219 11115
f 5610 4616 5682
f 598 378 58
f 3701 10392 10531
f 5462 722 5188
f 5120 668 99
f 5287 4267 3969
f 11410 13039 11456
f 2048 2599 2319
f 10931 13332 12891
f 12036 12841 10739
f 10730 12013 12823
f 8700 9269 8712
f 2244 1973 1974
f 12045 12264 12266
f 10809 10365 10048
f 4483 2724 3579
f 4483 3579 2724
f 10458 9974 10760
f 11557 11554 13123
f 9969 10318 10797
f 451 803 1681
f 8254 9796 6567
f 6258 5966 3054
f 8140 7266 6459
f 13472 6887 6642
f 10776 7854 7412
f 12236 11733 13500
f 5705 10443 10449
f 8544 11855 12410
f 875 971 918
f 3309 3303 6218
f 10478 10846 10404
f 3224 3215 8361
f 5772 2840 6067
f 3605 3598 1365
f 610 1749 1478
f 11298 11873 11848
f 5840 6127 5852
f 4611 5595 10364
f 11285 11854 11811
f 3415 3775 1213
f 1173 875 918
f 2062 1795 2349
f 4588 1427 1131
f 8551 7890 11575
f 7848 7412 7854
f 7848 7854 7412
f 8145 6457 11245
f 6856 6958 7679
f 8209 2474 6513
f 1855 2665 1848
f 7421 7861 5646
f 9970 10041 9999
f 2221 1115 1403
f 9970 9999 10844
f 8615 12675 12430
f 4779 2856 7610
f 716 5173 148
f 575 34 629
f 7108 5021 6838
f 13008 11494 11504
f 3043 5959 3333
f 13538 12944 13274
f 11337 11107 11855
f 8958 8695 9623
f 11054 11097 11237
f 8315 6361 7195
f 1804 1527 652
f 1632 470 2710
f 9834 11428 10170
f 2829 6894 7573
f 12461 12707 11156
f 8676 9270 9252
f 7399 7438 7846
f 7589 6966 7685
f 4619 4330 5639
f 9997 10482 10313
f 2212 2769 2498
f 10475 10366 10504
f 4788 7586 4853
f 12220 13454 13466
f 1839 8608 2109
f 7886 4710 7476
f 1525 513 1670
f 9478 9755 7086
f 9237 8661 11414
f 12715 10649 12524
f 633 5128 4097
f 10005 7854 10776
f 11334 13077 11221
f 6960 4875 7680
f 12978 13043 11481
f 10047 10406 10569
f 10519 10361 10518
f 5467 1984 1131
f 856 575 5122
f 10324 4695 5623
f 12851 10945 12876
f 2016 30 326
f 9087 9210 9504
f 5129 4124 5417
f 3972 4266 3971
f 10006 10047 10803
f 1525 799 513
f 1594 419 424
f 1570 412 4153
f 1600 446 1608
f 9298 8781 9329
f 11686 11106 13340
f 582 1481 2579
f 12239 12138 13500
f 8615 12430 10704
f 6329 6339 8021
f 4642 10493 5694
f 12722 12743 10475
f 13151 12081 12301
f 1739 2297 1740
f 12865 13349 12911
f 10922 12872 11708
f 9732 9153 12163
f 1682 2768 1680
f 7558 10122 10901
f 11453 11870 11315
f 6562 6014 8538
f 9973 10474 10405
f 3218 2926 2931
f 12206 11680 11689
f 10761 9985 10324
f 10761 10324 9985
f 6026 2857 5777
f 2562 2287 1511
f 7134 8028 6333
f 13422 12120 12315
f 7849 7425 7509
f 2469 2463 2735
f 27 305 627
f 8066 6103 8335
f 8690 892 9267
f 13537 12191 12346
f 10805 10830 10053
f 6562 8257 6564
f 1936 2195 1931
f 7839 7407 7412
f 13190 13074 13002
f 10330 10521 10026
f 8848 7312 9425
f 10026 10568 10861
f 9736 9170 9750
f 8618 8626 11645
f 8698 13017 9276
f 3451 2342 4346
f 7058 7053 7761
f 12469 12743 10484
f 12469 10484 12743
f 3309 5936 3022
f 11434 12980 11425
f 451 241 803
f 3034 3315 6228
f 1523 97 641
f 13472 12117 13218
f 3145 5828 2863
f 2553 1998 1741
f 7848 7407 864
f 12129 10233 12293
f 3564 1327 1328
f 11401 10209 9913
f 2760 3921 1678
f 4254 5300 1719
f 6229 8441 8192
f 2939 5872 3235
f 7943 7937 7498
f 8726 9312 9041
f 3702 10337 4122
f 12969 11476 11409
f 11143 11259 11139
f 9247 9611 8034
f 10769 5359 10020
f 8486 7341 7336
f 9004 9634 9609
f 4301 3499 4402
f 6227 3016 5939
f 11710 13339 11191
f 11710 11191 13339
f 1461 11925 580
f 12693 7536 11647
f 3691 5730 4598
f 3931 3616 3923
f 9273 9014 8727
f 5 12762 11921
f 9978 7408 7853
f 5950 11003 11765
f 5595 10568 10364
f 2823 3119 3177
f 7120 8310 8275
f 6142 2949 5872
f 4846 6089 5815
f 11651 11647 12443
f 10401 3817 5427
f 10462 10337 10406
f 7394 7909 7947
f 8404 8817 7264
f 2290 2565 2293
f 6354 9599 9025
f 12738 12489 11933
f 10771 7942 7495
f 10320 10517 10027
f 7769 7781 8880
f 9267 9585 9299
f 613 58 1485
f 2539 2813 1986
f 12044 10992 12912
f 12044 12912 10992
f 12158 13516 13248
f 10761 10020 7454
f 7525 7969 7979
f 7125 7139 8023
f 7250 8388 6436
f 11834 11354 11592
f 11946 10690 10671
f 13440 13078 13247
f 7853 8566 11623
f 4872 9061 9640
f 1866 8392 2137
f 306 1508 339
f 12616 12783 12396
f 5094 3764 4116
f 2018 1792 1750
f 6025 3117 3124
f 5347 5082 1229
f 3701 5153 5408
f 3569 4469 3563
f 2263 8640 1993
f 7143 8052 6338
f 11631 12691 8637
f 10048 7944 7511
f 4609 5673 5685
f 12857 13219 13487
f 6065 6106 5828
f 3996 4604 3695
f 13013 10167 11451
f 1480 333 2578
f 2658 2378 2389
f 5385 1251 3782
f 10958 12883 12906
f 12967 9880 12980
f 4418 3513 1290
f 4846 6645 6649
f 12226 12257 9861
f 2100 10697 122
f 13292 12911 10962
f 9485 6821 7092
f 5954 3308 6224
f 5756 5828 2838
f 9730 9724 9158
f 6484 9228 7388
f 10486 10045 10307
f 3708 5075 5325
f 10502 4646 10329
f 571 281 851
f 2159 2705 1886
f 12183 11535 10265
f 2842 12873 13320
f 12738 10659 12500
f 12487 10034 7905
f 1989 2258 1987
f 10595 10424 10887
f 3882 3889 4188
f 914 8745 1232
f 11286 11303 11819
f 12798 10716 11996
f 7399 4669 4686
f 6139 5866 6707
f 10326 10510 5657
f 9823 10239 11485
f 573 1747 2041
f 4985 7072 7791
f 8276 2900 7135
f 9816 9237 12968
f 4654 10501 5660
f 11308 11236 11828
f 3008 3305 12923
f 2187 1919 2740
f 6492 8175 8178
f 4766 4847 6595
f 1346 1049 3578
f 10463 10295 10479
f 3384 568 6306
f 31 596 374
f 8367 7230 8104
f 10488 10768 10563
f 6326 8019 8294
f 7258 2122 1860
f 11809 11408 13203
f 4727 3685 4739
f 455 727 167
f 13463 13220 12292
f 7870 7451 7500
f 1192 980 5428
f 1678 2767 4230
f 12092 12274 13235
f 227 507 502
f 3446 3755 4349
f 11194 11849 11108
f 7181 6381 8056
f 13421 12126 12272
f 9849 13013 9881
f 9234 8695 6909
f 11811 11293 11410
f 12070 13157 12106
f 11560 11559 10291
f 11423 11507 13053
f 12933 11772 13371
f 8035 6339 7158
f 8203 5959 6516
f 3313 3022 6221
f 7642 4849 2890
f 3119 6060 6117
f 2646 2081 2357
f 4957 6775 6762
f 11167 11076 11053
f 4778 6594 6624
f 11590 11587 8588
f 2687 8135 8131
f 4661 10494 4651
f 4734 2518 5716
f 10460 10338 12756
f 9160 9721 9150
f 8600 8605 11615
f 13143 12077 13459
f 98 379 1547
f 2549 2280 3523
f 11436 10195 9853
f 7493 4696 4708
f 6870 3140 7667
f 982 1276 4411
f 1297 5437 1000
f 7397 11354 13012
f 5317 1208 1242
f 1734 2023 2021
f 10141 10202 9826
f 1113 4539 4238
f 12244 9872 10202
f 4438 2633 3525
f 6143 3241 6149
f 9097 9672 6999
f 12849 12600 12713
f 13134 13184 13466
f 2408 6436 2685
f 4492 1047 5203
f 5297 5574 5296
f 1107 1389 3625
f 3774 4080 3789
f 7888 7490 13079
f 8267 11789 8258
f 1944 807 521
f 2311 2626 2625
f 1426 5571 5291
f 10464 5700 4648
f 7031 7039 7744
f 9999 10027 10367
f 1118 2238 1418
f 403 699 1575
f 4889 6696 4879
f 5667 4708 7946
f 12069 12235 9827
f 12681 11640 8619
f 13411 13489 13210
f 4168 5466 5190
f 197 484 476
f 9032 9052 9615
f 1734 2021 2026
f 8666 12997 9243
f 13137 11481 12879
f 13137 12879 11481
f 12851 10986 10962
f 3559 3556 1032
f 12471 10022 10681
f 2119 2388 2662
f 1167 9564 8668
f 8010 7203 8352
f 11810 11313 11832
f 1133 1422 9501
f 13385 12943 11784
f 1627 456 1622
f 4864 6676 7686
f 3277 8146 6177
f 12634 11598 12401
f 11096 10174 11719
f 11182 11191 10943
f 12776 674 1526
f 5334 3720 4023
f 10660 11945 10656
f 5547 1113 4238
f 3140 13346 2858
f 295 1499 2311
f 4629 10342 4664
f 1810 2360 2639
f 3292 3290 8427
f 11360 11359 11874
f 10797 7919 10042
f 7839 4657 7407
f 11690 13353 12915
f 1619 165 454
f 5598 4657 7839
f 10966 12313 11737
f 2049 2076 1810
f 4676 12307 10515
f 816 246 540
f 11710 13339 10943
f 12481 10345 12728
f 884 1187 904
f 720 447 163
f 12934 13373 13369
f 13437 12092 13235
f 6041 3126 5829
f 876 4398 2598
f 2816 12703 1731
f 5249 4228 5544
f 1625 743 452
f 3946 3944 5544
f 354 368 1528
f 2266 1998 2553
f 11684 12044 10916
f 580 1498 336
f 12797 11996 10716
f 7839 5636 7887
f 2547 2264 6571
f 9533 6374 8964
f 6158 5880 6155
f 9596 9616 9031
f 5082 4098 919
f 13306 12884 10980
f 2475 2747 2746
f 12206 11688 12279
f 12218 12987 9908
f 13426 13347 13014
f 9038 8082 6368
f 5606 4716 7406
f 3216 5846 2924
f 291 1464 29
f 11604 12785 12649
f 2402 2683 2676
f 7576 6885 8765
f 4728 5718 7976
f 4532 3612 3614
f 13529 13272 13271
f 10159 8997 12269
f 6649 6645 4827
f 10761 10768 10020
f 4380 2608 4378
f 5014 6832 7822
f 7897 7454 10020
f 275 10112 10728
f 12988 13059 11442
f 4394 9601 9050
f 9229 9805 9524
f 7454 4697 4695
f 8975 4783 9548
f 12863 13353 10963
f 8291 2033 1774
f 11413 13023 13079
f 12231 11697 10980
f 12879 11481 13341
f 10297 10026 10521
f 1787 2054 1809
f 7673 4866 4879
f 10545 4074 4090
f 939 1277 983
f 6159 6424 5878
f 9708 9148 4957
f 11287 11845 11834
f 2412 8137 6442
f 9532 6964 9315
f 9235 8689 9020
f 13413 12107 13177
f 6342 7172 8324
f 12086 11105 11752
f 916 1748 2045
f 7968 1418 2238
f 6404 9069 9643
f 3554 4465 4164
f 13109 8916 11534
f 6028 13324 3175
f 5892 6184 5902
f 4545 3626 2498
f 5878 8124 6150
f 1679 12584 12829
f 6232 6226 5940
f 5313 5145 3704
f 4642 5694 4710
f 3260 716 153
f 11654 12696 8634
f 8920 8932 9506
f 6498 6491 7298
f 12535 12421 10692
f 12073 10541 12288
f 7887 7495 7496
f 1065 1920 2743
f 8477 9438 9717
f 12469 12539 12742
f 12252 12108 10191
f 9110 8166 9679
f 11804 13154 11502
f 11056 11817 11194
f 11056 11194 11817
f 9140 6503 8195
f 3130 6043 5777
f 5322 3430 1176
f 4448 1003 1014
f 7379 11381 8526
f 11097 11353 11237
f 5598 7887 7496
f 1473 630 629
f 9851 10228 9893
f 4613 7398 7937
f 5786 6103 6360
f 7223 8369 8114
f 7836 7117 8955
f 10025 7504 10814
f 3461 3472 4350
f 7609 8705 8988
f 11879 11877 11362
f 10146 9820 11434
f 471 2442 2435
f 905 970 1261
f 8216 8469 7325
f 10432 10598 10098
f 12495 12536 12785
f 8223 8478 8479
f 13031 11514 11488
f 13053 11507 9879
f 6213 3294 5937
f 12882 12900 13337
f 6519 9715 9142
f 13453 13024 13007
f 6430 6419 6425
f 7652 6923 2887
f 3192 6088 5807
f 3258 5893 712
f 6312 7126 7139
f 8548 11614 11567
f 13256 11517 13518
f 2152 1879 2703
f 582 41 632
f 7382 6573 8265
f 6789 6779 4970
f 3189 12902 2916
f 2942 3227 8364
f 8549 11621 11918
f 12612 11605 11571
f 10317 10313 10015
f 7121 6313 8278
f 10792 10504 10027
f 9847 10201 13070
f 7014 7012 9402
f 10201 11501 13070
f 4445 5157 4142
f 7400 866 7923
f 2576 2313 2308
f 8015 9262 9027
f 595 2080 1760
f 13310 13331 11745
f 487 12540 193
f 6412 5854 8369
f 8870 9723 9156
f 6583 4768 6618
f 8665 9884 13045
f 11810 11198 11313
f 714 1310 147
f 7317 8445 8453
f 13452 12311 13005
f 8103 5852 6127
f 6584 4766 7577
f 7049 6768 7039
f 1228 1260 968
f 2301 4356 2585
f 12086 11752 12312
f 2742 2462 488
f 3916 5509 4214
f 12091 13222 12302
f 11498 11120 10238
f 11665 12823 12013
f 11186 11121 10966
f 8551 12630 12392
f 7680 4875 6959
f 7435 4694 5698
f 8548 10660 12503
f 10781 7467 7408
f 5505 3912 5229
f 9883 10212 12296
f 9883 12296 10212
f 13436 12301 13189
f 7650 6654 6944
f 4463 9663 9093
f 12266 10955 11732
f 8315 8071 9599
f 605 2073 106
f 5600 7869 4678
f 6541 8231 8234
f 2345 2081 2617
f 12987 11479 10219
f 4795 6682 4859
f 13290 11749 10920
f 1319 1024 1325
f 13023 9879 10174
f 10977 11233 10991
f 5877 2947 2957
f 1154 1445 1440
f 13410 13234 12211
f 3366 7803 7093
f 8552 12365 11586
f 407 2116 2383
f 6977 7813 7814
f 5030 5362 895
f 4551 1114 4541
f 3616 5532 1381
f 467 455 1620
f 1166 861 3428
f 6830 5012 4260
f 12967 12980 9820
f 12045 11459 10162
f 3433 4705 4408
f 11801 11045 11044
f 9836 10162 13005
f 4943 6761 6235
f 12717 10650 12536
f 12717 12536 10650
f 8664 11473 13193
f 12980 10210 11425
f 12980 9880 10210
f 11163 11118 11234
f 11044 13283 12200
f 2271 8043 2561
f 9850 11730 12278
f 5529 1102 1393
f 13234 12137 12138
f 9982 10689 8601
f 5388 666 5123
f 10660 10656 12747
f 159 7250 2131
f 12223 13442 13192
f 12382 12640 11615
f 8688 9848 10163
f 10298 9972 10820
f 4869 7688 6965
f 12398 8588 12401
f 12574 11028 11788
f 3980 4273 4570
f 6758 7034 3325
f 11717 10971 11728
f 4732 5720 4568
f 3321 3314 3033
f 2017 2079 1798
f 4102 1542 3796
f 3779 4406 3504
f 4889 9641 6696
f 1861 710 2117
f 8966 9862 9570
f 5487 4573 5281
f 13139 12115 13478
f 655 1526 674
f 12983 11506 13015
f 2939 3226 5872
f 7440 4675 4682
f 9948 13105 9943
f 2683 2395 2676
f 5348 10036 1203
f 10289 10285 9961
f 1873 7251 2136
f 11602 12401 8588
f 689 1566 2646
f 9830 12242 12105
f 10497 4665 7453
f 8285 8025 8028
f 10002 7463 10537
f 5667 4389 3508
f 183 754 753
f 7843 1200 5615
f 287 1464 291
f 11307 11356 11239
f 10002 10537 10328
f 11281 11279 11394
f 3246 7243 6146
f 5621 7925 7473
f 10942 11355 11741
f 5183 5186 5464
f 11097 11086 11861
f 11422 13048 9898
f 11588 7476 4710
f 11810 11081 11077
f 3753 617 50
f 1460 290 2292
f 4625 5682 7486
f 913 925 1223
f 10155 13081 9829
f 2861 3188 2900
f 26 659 663
f 11435 10243 9886
f 12028 10738 10740
f 3439 4874 3765
f 11103 11723 11227
f 11067 10220 11481
f 5052 5109 5333
f 8366 3216 3215
f 4363 1233 5088
f 10325 10039 10819
f 10742 12587 8636
f 6033 5766 5763
f 12987 10219 9908
f 5955 7312 4950
f 11412 13034 13501
f 18 629 343
f 12168 6781 12324
f 10529 10821 10374
f 5034 5394 4052
f 73 1808 5396
f 11048 11193 11202
f 4557 1125 3645
f 6171 712 1590
f 12750 12749 12506
f 4644 7435 9919
f 1958 2787 2226
f 10039 3804 5411
f 10766 10021 10566
f 13188 12085 12132
f 3717 4121 4118
f 5033 4023 5359
f 11107 12410 11855
f 11977 11969 12779
f 10021 10390 10566
f 12100 12110 12310
f 12382 12666 12618
f 12844 12033 12843
f 11940 12539 10693
f 2176 258 1983
f 11568 7843 8574
f 1454 288 363
f 4176 4476 3872
f 12049 13207 12251
f 5620 7873 4716
f 4530 4522 3608
f 9273 8713 7616
f 17 620 5345
f 12252 10191 9903
f 12172 12336 12175
f 4630 12635 8574
f 8581 11977 12660
f 871 1258 1259
f 11683 10939 11681
f 3554 3558 4465
f 3404 1223 925
f 10500 10014 10343
f 2380 2653 395
f 4846 9026 6645
f 12109 13224 12304
f 13083 9916 13082
f 10583 10087 10414
f 4723 3637 4563
f 8122 8376 7231
f 9596 9031 6368
f 3456 3522 1285
f 8703 4802 7599
f 6270 3359 8233
f 7874 5621 7429
f 13403 13175 13145
f 10299 5691 7870
f 7806 5547 3943
f 4721 5717 12674
f 12237 13506 13207
f 1580 1841 2669
f 2281 3419 4315
f 3710 4036 5410
f 3699 4012 10302
f 7258 8408 3267
f 6384 7209 2618
f 10500 10360 10058
f 13253 13513 13250
f 11294 11226 11869
f 3307 3013 3018
f 11309 11228 11072
f 5613 7930 7929
f 2833 5765 3192
f 13438 6863 13041
f 6632 6947 3147
f 12051 10206 12285
f 12367 11834 8581
f 11183 11345 11228
f 10628 12510 10668
f 7522 7975 10086
f 34 311 629
f 3132 602 31
f 6663 4869 4848
f 12611 12646 11619
f 7216 8365 7209
f 1458 6118 5812
f 2329 2602 4399
f 10551 10856 10077
f 7395 7909 7394
f 3403 971 4329
f 3072 3361 3373
f 8016 5816 6073
f 10110 10891 10432
f 12853 10237 13214
f 1293 1291 995
f 4764 6630 4820
f 10316 10480 10348
f 267 840 5287
f 11175 11834 11062
f 3232 2949 3227
f 946 1285 952
f 10084 10577 10411
f 7867 5650 9992
f 11560 10292 11559
f 5456 5451 5173
f 3469 1221 4362
f 12054 13458 10967
f 11301 11073 11827
f 9296 8763 9579
f 10509 4082 12276
f 10872 10423 10095
f 10949 13332 11739
f 8948 7832 9225
f 4765 7604 4807
f 9265 6641 9631
f 11184 11109 10947
f 10516 10533 5105
f 10628 12754 12510
f 12876 13344 11747
f 12226 9861 12144
f 3620 5524 1373
f 9973 10077 10399
f 8885 7066 7780
f 1983 269 2253
f 3259 3272 2982
f 5620 7505 7873
f 11937 10647 12767
f 11806 11070 11073
f 6877 7636 9331
f 7149 8087 6350
f 5614 7436 4626
f 8568 11962 11609
f 11186 11073 11210
f 11914 11590 10646
f 12077 12116 13215
f 11913 10628 12510
f 13385 13386 12947
f 9970 11967 10667
f 6783 6771 7043
f 11183 11747 13344
f 4594 3687 4601
f 4734 4743 5726
f 2570 324 1486
f 5526 4216 5228
f 5355 4109 5132
f 12604 8605 11588
f 7575 4847 2836
f 7603 6936 6878
f 12077 12243 13459
f 12363 11566 8604
f 1616 165 726
f 13023 11487 13079
f 7285 8162 8419
f 2211 6531 236
f 13472 13206 7611
f 2321 2350 2043
f 6952 4880 7674
f 10947 11109 13222
f 1628 2719 4176
f 11770 11011 11251
f 11682 12857 13292
f 7400 5639 4330
f 7400 7890 5639
f 12718 11938 12772
f 12718 12772 11938
f 7399 5612 4669
f 2542 2252 2806
f 10996 11760 12918
f 12717 12640 12536
f 8541 7389 7388
f 12933 11014 11772
f 4614 7401 5603
f 8665 4826 9021
f 9889 12145 12308
f 5314 10793 5050
f 873 1287 1174
f 9925 12168 12327
f 7445 10066 10841
f 3292 8435 3290
f 3636 1397 1399
f 4326 3507 4324
f 12864 13196 12094
f 8557 11579 10661
f 8993 8722 9321
f 9756 9933 9178
f 12081 12295 12151
f 3390 3389 3105
f 4648 7516 4717
f 10273 11541 9948
f 70 624 338
f 12880 10976 13340
f 3388 6574 8266
f 12496 12755 10677
f 13473 13218 12284
f 10124 7997 5738
f 6387 8354 8069
f 2609 2331 2346
f 3532 3838 4131
f 12692 12449 12445
f 12361 12716 12487
f 9994 10815 10065
f 11050 11108 11849
f 12617 12652 12421
f 12251 13230 12153
f 945 4367 1240
f 5643 10361 4691
f 11574 8574 8580
f 5313 3823 5144
f 9598 9016 9322
f 10381 10534 10535
f 11630 1973 11990
f 300 12506 1532
f 6583 4800 7567
f 851 2260 271
f 7212 3221 2928
f 10465 4667 10849
f 9835 12297 10202
f 4656 7917 5625
f 3658 7973 1420
f 9688 6489 9121
f 12056 9920 10185
f 9155 4978 4233
f 3910 4269 4287
f 11939 10818 10677
f 10769 10408 10574
f 6852 13312 13465
f 9659 9657 8790
f 3997 5588 4293
f 9993 10779 10778
f 21 582 632
f 11010 11009 11008
f 10629 11969 11947
f 7070 7066 7786
f 5301 4286 5583
f 8308 7172 7157
f 11205 11340 11860
f 3699 3397 4069
f 10303 10547 10497
f 6667 9622 9039
f 2302 3790 4387
f 1207 7481 7924
f 5315 3731 5056
f 5750 11687 10943
f 12209 12047 12113
f 5244 4219 1098
f 9599 9047 9619
f 7327 7321 8471
f 12399 12646 12663
f 10919 11077 11081
f 10787 7453 10070
f 3282 3266 6181
f 11319 11333 12905
f 8484 3043 3339
f 9537 6668 4327
f 7563 3146 7649
f 4761 5740 10609
f 12073 3772 10369
f 5130 5139 5409
f 819 252 2230
f 12852 12866 13305
f 3297 3005 7282
f 5603 7401 7908
f 7918 7475 7481
f 12382 12388 12640
f 11169 11061 11714
f 263 2530 556
f 8586 8599 11620
f 10186 13079 9919
f 12381 5683 3495
f 5264 3962 5549
f 8678 9310 13045
f 10763 11929 10557
f 3986 5292 4272
f 10469 10566 7508
f 4063 1505 617
f 2935 8090 3213
f 2203 9144 2478
f 3067 8502 7356
f 9317 8322 7171
f 8357 9638 8093
f 11699 10969 13351
f 599 1524 1484
f 5964 3047 7344
f 10603 10433 10443
f 2541 2540 2814
f 12215 13084 9922
f 8063 5821 5836
f 4374 952 3522
f 2302 4387 2611
f 294 1539 660
f 5594 7499 4667
f 546 12804 558
f 2363 2355 2633
f 722 728 5188
f 3708 5325 2002
f 11590 8588 12398
f 2570 1486 4372
f 7287 7300 7292
f 12625 12531 12416
f 2552 4344 4010
f 5059 5066 5371
f 12377 5635 10331
f 8505 7360 8239
f 3458 4354 938
f 3149 8035 8033
f 12483 12752 12751
f 2975 3264 154
f 3109 2868 3166
f 8724 7663 9037
f 3410 4312 3523
f 12072 10336 5650
f 8453 7306 8196
f 9532 9315 9051
f 1096 1394 1104
f 9809 9905 10147
f 5438 5155 5158
f 5585 3669 3664
f 5399 5121 5418
f 5714 1125 7525
f 4810 7669 4859
f 5529 5237 5246
f 12485 12737 12609
f 10744 10738 12028
f 9299 9585 9292
f 3453 4367 945
f 11515 8932 8920
f 5748 2869 2845
f 12970 11809 11288
f 11054 10180 11212
f 2269 1771 2593
f 12599 12845 12598
f 491 191 195
f 12128 13481 12284
f 6196 6482 8179
f 5315 5062 3731
f 10640 10635 10694
f 11056 11176 11817
f 4788 9627 8976
f 10769 10020 10768
f 287 1449 595
f 6540 5980 6539
f 5217 4199 1650
f 7569 6945 4832
f 330 1535 2325
f 1164 5323 3776
f 5624 4636 10170
f 12540 194 10698
f 7401 4678 7869
f 161 2968 1872
f 5875 5867 2953
f 8278 7164 8020
f 9517 8945 9220
f 8489 8480 3337
f 5878 8380 8124
f 7394 7947 7956
f 12469 10366 12743
f 1559 1548 390
f 6038 2832 5808
f 12510 12534 12754
f 916 982 1210
f 11053 11197 11814
f 61 328 327
f 7308 9120 8841
f 4374 962 2606
f 5732 5722 7981
f 3524 4429 4428
f 7996 5739 3697
f 8122 8114 8376
f 13456 13224 12299
f 9926 10252 12170
f 9771 9777 9202
f 2076 1274 983
f 9994 10851 10639
f 7619 4830 6892
f 4546 3649 1416
f 11141 7371 6009
f 1225 4353 3476
f 6585 4787 4847
f 6410 6133 5857
f 13263 12177 13262
f 12608 12659 12384
f 12631 12403 12406
f 12724 1467 292
f 3152 2881 2867
f 10830 10371 10542
f 9817 11099 10188
f 11704 12315 10963
f 5600 7509 7869
f 7109 5017 7827
f 12692 12811 12576
f 3330 6243 3326
f 4251 5556 3954
f 4030 1531 583
f 1828 2357 2082
f 11553 12190 12946
f 1431 3674 3675
f 12594 12839 10746
f 7406 4645 7907
f 4712 7508 10566
f 11223 11343 11341
f 7049 7039 6770
f 8472 6513 7328
f 5370 5095 5362
f 1358 2190 5501
f 10011 11955 8586
f 11372 11132 11253
f 9673 8812 9385
f 4771 6683 9018
f 11181 11082 9899
f 10300 10399 10029
f 1113 1112 4539
f 4040 949 4396
f 12759 11596 11950
f 11603 12761 11956
f 3459 4398 965
f 11943 12666 12739
f 10301 12756 10360
f 5335 5103 1191
f 11058 11232 11228
f 10794 10040 7449
f 2230 1959 2229
f 7005 7720 6727
f 12970 11408 11809
f 3110 6034 3171
f 6613 4797 6050
f 10160 9922 11514
f 12996 11503 8771
f 11490 13247 13078
f 5416 3831 4134
f 6774 4947 4953
f 10144 11098 11099
f 12504 10679 10654
f 6773 6766 4950
f 7056 7052 7765
f 1893 11628 8609
f 12917 13355 13354
f 1554 115 387
f 3309 6218 5936
f 2756 1672 1936
f 2142 1880 1326
f 7281 8426 7276
f 1957 2770 2508
f 10599 4744 7533
f 7090 4992 6810
f 8670 9270 8984
f 7555 10896 7997
f 3736 3760 5409
f 11306 11214 11815
f 5461 1032 1321
f 302 25 1511
f 1645 479 756
f 429 2677 2403
f 10907 7555 10124
f 1653 770 486
f 13142 12244 12078
f 10048 7511 10862
f 837 263 556
f 6938 7675 9342
f 3369 3078 3082
f 12739 12510 10666
f 9606 9039 9622
f 5801 3198 6110
f 6444 8146 6451
f 355 12788 1533
f 11731 11102 11215
f 3948 5260 5541
f 5236 5520 4208
f 1 12631 12406
f 4 6 12534
f 7132 8287 8678
f 1804 2638 2071
f 5640 4674 7478
f 12087 12312 10241
f 4028 4027 5075
f 1450 2564 588
f 11175 11086 11845
f 13423 12309 9845
f 13189 12301 12120
f 3993 3982 4289
f 12717 12495 11965
f 9222 8261 6309
f 6313 6068 8007
f 4184 4189 3883
f 4614 10372 10537
f 4322 5146 4073
f 4322 4073 5146
f 847 277 562
f 4399 1273 3511
f 8819 9100 7723
f 7404 7465 11609
f 5748 6078 2869
f 5068 10859 5130
f 3756 5142 5400
f 3392 3395 4307
f 6788 5964 9165
f 8552 8590 8577
f 7861 4712 5646
f 10762 7497 9992
f 6758 4947 4956
f 4340 950 7478
f 7849 10834 10046
f 10678 11974 10058
f 5483 5200 4187
f 12171 12332 6802
f 9864 9891 10219
f 4376 3509 4414
f 3999 3716 4308
f 11019 13269 6007
f 9011 9625 9043
f 12879 13341 12891
f 13412 12871 13297
f 10097 10878 10881
f 9840 10216 9886
f 12845 12037 12034
f 12223 12090 12273
f 2963 6147 5873
f 7425 7908 7869
f 12247 12093 9876
f 4785 9575 8971
f 10307 3454 3821
f 7401 7869 7908
f 11292 11068 11861
f 11171 11175 11062
f 10319 10567 10472
f 6586 12223 6861
f 12364 8597 8580
f 7453 7934 7933
f 13204 13026 13467
f 2817 2255 2815
f 11686 13340 10976
f 13496 13060 11492
f 9539 8697 9266
f 11244 6454 8142
f 12406 10672 12515
f 12985 9921 10164
f 1502 346 1512
f 12090 9886 12273
f 1599 6720 4161
f 3118 13329 2830
f 8657 11506 10234
f 11566 7411 7951
f 249 536 1697
f 495 210 768
f 12605 11945 11567
f 5771 36 314
f 7400 7923 7452
f 3483 5401 1253
f 10457 5690 10302
f 5389 5111 644
f 1855 1574 2665
f 10468 10799 10853
f 3035 7304 3311
f 5605 10384 7875
f 9534 6599 12297
f 12433 12431 12442
f 11496 9334 9890
f 2228 250 1957
f 8924 9785 9209
f 10268 10267 9938
f 6788 6777 4964
f 12128 12284 12117
f 3658 4561 3648
f 5602 4642 4710
f 10091 10873 10888
f 12052 12216 13233
f 11575 7452 8572
f 2757 1942 2205
f 12729 12404 12475
f 11691 11201 11083
f 9557 8031 6347
f 3432 3520 4421
f 4304 4056 3446
f 316 63 2067
f 4679 10539 10374
f 9840 10243 9861
f 1309 408 3853
f 6410 7218 8379
f 8573 10067 10690
f 10528 12773 10844
f 8224 6523 7334
f 4767 6610 6618
f 3357 8502 3067
f 13207 13243 13493
f 862 1174 1168
f 11662 12453 12700
f 5651 4650 4649
f 9821 9850 10171
f 10200 9861 10243
f 8282 7155 8291
f 2376 2652 2388
f 9733 9155 9725
f 5601 7847 4641
f 9847 12254 10225
f 2618 7209 1817
f 10744 8649 10738
f 6023 2841 3112
f 5983 3349 3059
f 8020 7164 8316
f 5999 5993 6554
f 12999 11478 13444
f 907 7512 4364
f 7320 6511 8843
f 11434 10332 5607
f 5068 5342 10859
f 12038 12595 12847
f 6170 5908 5894
f 8553 8574 11574
f 11418 13231 13498
f 11269 11789 8267
f 7604 4839 6935
f 13416 13143 13193
f 13410 13204 13234
f 2220 2771 2499
f 13147 12234 12150
f 1022 1328 1327
f 5815 6386 8060
f 5405 3807 4097
f 9944 9488 9778
f 11547 10276 9949
f 9928 10253 10249
f 11317 11351 11872
f 5084 10574 4060
f 12052 13234 12216
f 7589 8732 1220
f 10248 12168 9925
f 7051 6771 6783
f 5632 4697 5686
f 9535 8722 8760
f 6649 7625 6913
f 7919 8600 10688
f 12734 1553 11980
f 4203 772 5220
f 11574 12659 12370
f 12218 10236 12057
f 8457 7311 7303
f 10024 10058 11974
f 2272 308 1999
f 7490 9919 13079
f 4678 4677 4707
f 13032 11467 10232
f 1654 487 1646
f 12247 13466 13203
f 12247 13203 13466
f 7151 8085 8349
f 12102 13229 13225
f 11582 11623 8566
f 3065 5978 3063
f 10302 5690 3397
f 11270 11787 11383
f 5343 5395 5117
f 6832 5022 7830
f 8515 8245 8511
f 6 9 13
f 7242 6421 8116
f 12517 10671 11968
f 4297 4309 3400
f 9476 9761 8235
f 13376 11775 3372
f 6360 6359 8078
f 1335 3877 5479
f 5646 4712 10388
f 12088 12280 12289
f 6577 7376 6015
f 12057 12107 12271
f 4288 4283 3690
f 155 708 717
f 12607 5633 12368
f 1527 1545 652
f 10154 9829 12995
f 4000 10377 10544
f 7577 7572 6958
f 13411 13233 13489
f 12608 12384 12503
f 13174 12095 12254
f 8063 6113 8343
f 5887 8123 6151
f 13188 13447 13174
f 9883 9912 10241
f 9770 9482 9457
f 10320 10529 10530
f 5921 4924 6479
f 3111 2857 6026
f 5398 5149 5397
f 8006 1737 2567
f 10062 10841 10066
f 1730 1727 567
f 4202 3912 5505
f 12631 12403 9
f 12631 9 12403
f 2439 2704 2713
f 1029 1872 9378
f 13411 13475 11447
f 8631 12437 12688
f 12606 8564 12402
f 9772 9460 7070
f 10781 10848 10860
f 8246 8511 2232
f 7226 2935 3221
f 9247 8034 8304
f 8303 8316 7164
f 2484 3610 2199
f 13143 13459 13193
f 5032 4121 5320
f 10011 10853 10856
f 12849 11678 12040
f 9439 9718 9143
f 12470 12763 10952
f 11317 11348 13323
f 8876 9459 9169
f 3043 7333 6516
f 8730 8777 9348
f 10077 10856 10853
f 6840 7822 7102
f 10655 72 12497
f 10629 10682 11957
f 6790 7046 4963
f 9527 9965 13128
f 5347 5368 1201
f 9531 8962 9528
f 5612 4654 5660
f 12484 11927 12787
f 11174 11088 11087
f 3707 4001 3731
f 6031 9548 8009
f 5110 5149 5398
f 2072 2361 2344
f 7630 6910 7653
f 8809 1312 3550
f 12109 12304 12139
f 1040 1330 1333
f 587 56 1466
f 7144 8307 3139
f 12272 12268 12104
f 5727 7983 12440
f 2552 2274 4344
f 10593 10880 10101
f 11172 9850 10220
f 6067 3188 2861
f 4555 3641 3953
f 7994 5722 5732
f 798 790 1673
f 3002 5921 6479
f 7847 7434 4641
f 10518 10383 10049
f 691 1831 2093
f 5682 4706 7931
f 2344 2361 2064
f 1917 2454 2183
f 7421 4704 7931
f 6193 3271 5913
f 11581 11585 12635
f 12972 11412 13230
f 5319 5076 5146
f 6448 2682 2680
f 611 57 48
f 3395 904 1187
f 13437 13235 13238
f 7707 8801 9368
f 12902 10979 13350
f 5955 6766 6238
f 10012 10554 10395
f 286 2310 2268
f 11689 12241 12149
f 9821 10220 9850
f 4940 7760 9148
f 11070 11203 11827
f 3139 2902 3159
f 13454 11468 13202
f 1928 2198 2750
f 12529 11979 12786
f 12800 540 826
f 12518 12418 12779
f 12056 6861 12223
f 9622 9352 9045
f 8019 2303 2589
f 9977 10631 10763
f 11410 11056 11817
f 13163 13146 13450
f 11294 11869 11352
f 11812 13344 12914
f 10314 5701 10525
f 2764 2496 2504
f 12072 5650 12246
f 3113 7137 8281
f 23 27 603
f 12703 12454 12702
f 6992 4909 5176
f 13001 13050 13498
f 3403 4331 3454
f 11692 10964 10965
f 3465 3806 4073
f 4780 13198 7584
f 13373 11888 12928
f 7166 7158 8319
f 8445 8185 7306
f 10303 10497 10070
f 8563 10650 8557
f 10488 10368 10544
f 10848 11974 10075
f 647 959 102
f 7080 7794 7796
f 596 38 4089
f 12393 11618 8577
f 11065 11069 11191
f 8007 6390 6341
f 11202 11847 11339
f 11059 11235 10237
f 3297 3017 3292
f 570 12582 272
f 13167 13480 13176
f 6140 5869 5860
f 5926 6474 3013
f 13014 11445 13192
f 8659 4790 8982
f 10142 4711 9905
f 4445 1300 999
f 11057 11232 10230
f 3481 2058 941
f 4053 4068 4389
f 3658 1420 1129
f 7225 2936 3219
f 10303 10839 10547
f 2286 1767 2591
f 4378 3482 4403
f 6689 6688 4873
f 12719 13 7
f 9722 9432 9715
f 7427 927 1186
f 7137 6330 8049
f 438 1609 1600
f 12937 13381 12942
f 11653 8629 8628
f 6943 9339 9618
f 8981 7160 8697
f 132 699 124
f 6047 1491 8043
f 13151 13452 13005
f 6038 5808 6088
f 12381 2343 2556
f 6084 6072 5803
f 263 2250 2530
f 4050 3826 4070
f 5379 3775 5124
f 10010 11932 10646
f 8150 6452 5900
f 2743 1920 2179
f 12721 12508 10561
f 12732 12517 12508
f 11411 13005 11459
f 11674 8641 11667
f 5543 5535 5254
f 8249 6285 6552
f 8544 12410 7851
f 6852 2847 3137
f 8283 11839 7200
f 87 663 85
f 3298 3296 6208
f 9948 11541 13105
f 11899 12946 11384
f 11337 11229 11107
f 2279 2014 1764
f 6881 4809 7617
f 5598 7839 7887
f 11852 13347 12894
f 10782 9990 10793
f 5460 4165 5186
f 2790 2535 2534
f 11564 8558 8570
f 8048 9605 6358
f 9587 9598 9036
f 5614 7912 7945
f 3298 3300 3020
f 11571 11605 12650
f 7005 7722 6730
f 13211 10850 10063
f 12468 12533 12765
f 13431 13179 13446
f 5637 10394 10065
f 9199 9759 8890
f 9342 9639 9353
f 11332 11233 11864
f 12550 10701 12003
f 1190 3495 880
f 9551 9053 9008
f 13263 13098 11529
f 4673 10383 10549
f 7896 7439 7882
f 6476 8175 5923
f 4336 1282 3520
f 5599 7463 7841
f 1888 2151 2419
f 2019 1747 2353
f 7595 6873 7640
f 4633 5658 4652
f 10381 12527 10546
f 12196 12350 12353
f 6140 8101 8099
f 9097 4457 9667
f 710 151 702
f 10618 10447 5737
f 2733 2171 1903
f 3406 4411 3405
f 8632 11650 8636
f 10496 10388 10389
f 3150 5790 6071
f 7404 10051 7893
f 4384 3512 9052
f 1556 678 110
f 1987 1721 2537
f 11691 11083 10923
f 2480 2197 2476
f 8563 11949 11595
f 11093 11216 10961
f 7132 11322 8325
f 10305 9997 10038
f 4350 979 1235
f 24 1518 351
f 10893 10105 10892
f 11653 8628 8634
f 4440 5160 3839
f 12991 7916 11428
f 3560 1322 2144
f 3943 4978 6800
f 5190 5463 4164
f 6847 6928 2841
f 976 4415 993
f 5757 6117 6029
f 7996 4757 5739
f 7643 6904 8738
f 9468 8918 9203
f 1898 2715 2169
f 11946 10671 12785
f 7765 7052 4957
f 9244 9590 13018
f 5242 5518 5524
f 12501 12760 10018
f 9733 8863 9444
f 866 918 4419
f 3998 3827 4032
f 5550 5549 5279
f 10467 4687 4661
f 3781 83 357
f 392 122 1553
f 798 1661 790
f 10502 10329 5632
f 11799 11280 13392
f 601 52 40
f 5219 5500 5218
f 6710 9643 8102
f 10460 10335 10521
f 10225 12141 12305
f 2336 2542 2804
f 4848 6674 6949
f 5217 5511 4199
f 11600 7474 4703
f 12455 2820 12701
f 12623 11587 11590
f 5629 4696 4637
f 4071 5355 5091
f 428 1582 1592
f 11823 11478 13042
f 2183 2726 1906
f 11823 13042 11478
f 12972 12251 9875
f 11793 11033 13390
f 4320 3721 4015
f 13166 13427 13444
f 8587 12421 11624
f 13302 11706 12862
f 9822 12986 10171
f 9822 10171 12986
f 8050 6082 5837
f 10145 11440 11499
f 6034 5789 3171
f 11681 10939 10968
f 5949 6223 3309
f 4086 354 3777
f 1190 3450 883
f 1092 5238 1374
f 9362 9360 9364
f 11010 11008 11769
f 4010 290 1460
f 126 694 1843
f 4752 5738 7997
f 10480 3712 4008
f 4224 3917 4220
f 12608 12736 12499
f 11673 8643 8648
f 7848 1182 7412
f 11877 6454 11128
f 9832 10204 10207
f 11242 6429 11124
f 12065 12131 12263
f 5029 5153 5312
f 13280 12352 13539
f 11262 11147 11265
f 9705 9132 9128
f 7769 8870 7781
f 11050 11179 11180
f 12508 12517 12771
f 782 5223 5212
f 1756 2029 80
f 12736 12787 12499
f 6267 3060 3352
f 3766 4070 4083
f 9979 10657 10354
f 9979 10354 10657
f 12680 12550 12437
f 9191 9766 9186
f 2273 2003 2278
f 5114 1244 953
f 12331 4972 6795
f 3707 4129 1544
f 10579 1715 3974
f 11398 11280 11799
f 6616 9562 4876
f 7520 4540 4722
f 5298 5578 5285
f 13518 11517 13086
f 9878 10240 11510
f 5630 5653 4687
f 13472 7611 6887
f 3391 2431 1326
f 5875 2953 6148
f 12471 12767 12777
f 10678 10075 11974
f 3392 904 3395
f 10799 10556 10853
f 12215 9922 12156
f 4484 4483 3579
f 10298 10820 10559
f 9816 10145 11499
f 8594 11619 8593
f 9448 8883 7774
f 11478 9911 9912
f 4335 886 4332
f 11903 11154 7389
f 5771 6053 6101
f 10663 10389 10024
f 13118 11552 13540
f 8920 9506 8931
f 1232 8745 7641
f 8418 8153 6180
f 8418 6180 8153
f 7849 10046 7425
f 260 2244 2523
f 10309 10817 10044
f 13141 13453 12993
f 402 411 1576
f 1540 669 1529
f 12182 5004 7810
f 951 1237 936
f 1150 3663 1438
f 12225 12103 12255
f 11105 11851 11239
f 11172 11738 11218
f 8558 7911 5695
f 8631 12688 11649
f 12728 10635 11920
f 11289 11105 9846
f 10167 6636 8974
f 4790 6668 8982
f 9240 9578 8963
f 7425 10046 10785
f 661 1553 11970
f 11599 11612 8599
f 8482 7337 7340
f 10673 11865 12908
f 9838 9853 10195
f 10485 10772 7421
f 11875 12918 13357
f 7915 10070 7491
f 2132 2417 2426
f 10307 7923 3454
f 11050 11180 11856
f 9343 8770 9062
f 12241 12314 12149
f 5069 923 1221
f 1630 3886 4179
f 6234 3029 5944
f 4248 4999 3951
f 611 48 1750
f 793 215 219
f 10724 12822 12015
f 12367 12660 12661
f 11693 12661 12751
f 10949 12879 13332
f 7284 2996 3285
f 3395 5392 3809
f 10485 7421 5646
f 11627 11981 1836
f 10670 8590 10673
f 10826 7923 10045
f 3 12412 7
f 852 282 283
f 10767 7876 10031
f 9982 5694 10306
f 13049 9899 9898
f 3200 5849 2912
f 4418 994 5156
f 13448 12304 13224
f 6033 3209 6052
f 4690 10610 7557
f 9241 6935 8734
f 12856 13345 11813
f 5596 7926 4610
f 5596 4610 7926
f 7570 8667 4773
f 6976 9357 6974
f 12684 12552 12433
f 11813 13345 11294
f 12432 8614 2238
f 13177 12107 11831
f 1066 1365 1064
f 11029 11787 11030
f 10015 10525 10801
f 13424 13199 11513
f 11018 6280 6003
f 12229 12069 10236
f 7966 5722 4745
f 9981 10017 10795
f 10010 7452 10826
f 11456 10200 10243
f 4668 10829 7487
f 12056 12273 9920
f 11637 11989 1975
f 8299 7142 2073
f 1928 2193 1933
f 11548 13122 11380
f 6063 5825 6058
f 9116 9406 9119
f 9545 9019 9256
f 13199 11121 11513
f 13199 10966 11121
f 886 2586 4332
f 8418 8153 6459
f 3602 1078 4512
f 9723 9719 9429
f 877 1185 1280
f 12371 11600 12656
f 3551 5453 1305
f 5632 5668 10031
f 8877 7767 3044
f 4799 7611 8985
f 3434 937 4366
f 11091 11337 11866
f 6318 8304 8034
f 11200 11711 11083
f 12863 13318 13353
f 510 1669 793
f 2491 2488 516
f 10963 12315 12151
f 5632 10031 7876
f 5212 5484 5205
f 11072 11228 11232
f 1481 322 2579
f 8995 9633 6657
f 11083 11711 10948
f 11298 13330 11831
f 2037 339 5413
f 1179 978 985
f 2705 2424 1881
f 4331 4133 3821
f 2090 2636 2366
f 392 1553 383
f 4633 10388 10496
f 8320 6930 9325
f 6706 9067 4884
f 12627 12394 12626
f 7405 7907 10855
f 13416 13038 12248
f 3883 5202 5476
f 8475 8209 8472
f 2882 2867 3168
f 4534 3923 4221
f 2826 5819 7626
f 2556 2343 2318
f 4839 10223 9024
f 10935 12775 11724
f 6990 5463 5185
f 511 221 793
f 11818 10958 12906
f 9005 4812 6687
f 7845 7906 7461
f 11811 11416 13064
f 7100 7819 13265
f 10488 9983 10368
f 13417 13050 13001
f 7087 6818 7811
f 9840 12257 10216
f 8920 11533 8917
f 10329 4646 5668
f 2855 3138 7148
f 10643 11958 11919
f 9843 13063 10238
f 10088 10095 10879
f 3945 4272 4574
f 13537 12344 12189
f 21 378 582
f 4960 5962 3040
f 8553 10694 11976
f 371 110 670
f 4617 10372 5697
f 23 10378 3732
f 1023 1322 1317
f 3 7 13
f 13416 11473 13038
f 2209 235 806
f 10620 5742 10447
f 12398 12401 8583
f 4606 3697 3692
f 3917 3606 5512
f 4315 4619 12610
f 3132 374 6049
f 4617 10536 10372
f 11696 10948 10951
f 11696 10951 10948
f 5750 10943 6028
f 3482 4085 4403
f 10346 10032 10810
f 11450 10166 9842
f 9825 13055 13489
f 3849 4436 4143
f 1428 1135 3669
f 644 100 656
f 1601 158 724
f 687 1827 1563
f 11186 10966 11716
f 7132 11114 11322
f 1600 1609 446
f 6277 3085 6000
f 7856 7503 9980
f 13141 12993 11423
f 9840 9861 12257
f 10808 10042 10060
f 5374 5097 5387
f 7222 8377 8367
f 4969 9168 9739
f 5824 2901 2920
f 4333 3470 3428
f 9548 4783 6596
f 3 13 10
f 2486 2485 2753
f 6638 6653 4829
f 12327 12324 13254
f 1657 4206 1655
f 8888 9742 9168
f 744 450 1624
f 8886 9453 8883
f 5259 5535 5543
f 12008 10734 13383
f 6849 9530 6589
f 5159 3834 5433
f 4617 5656 10536
f 11832 11716 10950
f 9241 9589 6683
f 10304 10539 4623
f 7012 8819 7723
f 5910 2977 5903
f 9565 9001 8711
f 8876 9446 8880
f 2277 3398 2587
f 2626 2342 2625
f 12619 12766 11611
f 8423 3011 3299
f 7010 7726 7009
f 5665 7482 4688
f 10795 7503 7500
f 12217 10236 12069
f 8457 3025 3319
f 7855 4671 7473
f 11946 8573 10690
f 12477 10694 12370
f 7128 2922 7127
f 12611 5638 4640
f 8508 8520 8516
f 10029 10399 10556
f 12217 12069 9827
f 4877 6694 6692
f 5611 4680 10517
f 11884 11007 11132
f 3865 5185 5187
f 10663 11974 8584
f 6367 8074 3200
f 9946 9777 9489
f 11693 11171 12661
f 1810 2639 1540
f 6782 7755 7044
f 12849 12713 11678
f 11633 1967 2235
f 75 631 5099
f 10921 11204 11738
f 6277 4991 6809
f 11204 11218 11738
f 8007 5755 6390
f 13204 11482 13026
f 13144 13495 13190
f 7564 9259 6851
f 2763 522 2491
f 8563 11595 12649
f 4907 6997 6725
f 7623 7659 6915
f 8584 11974 11623
f 65 330 2077
f 2447 2727 2453
f 1501 330 65
f 12097 9851 12258
f 1 12406 12515
f 13401 12961 13400
f 12985 11449 10221
f 279 846 278
f 7639 8734 6935
f 9586 6636 12294
f 3741 3433 4339
f 10823 10044 10817
f 186 1643 461
f 3550 4454 4453
f 3111 6026 5751
f 8562 11599 11955
f 3231 2954 3239
f 6036 11701 8016
f 10294 9984 10028
f 10630 8596 11587
f 5084 5360 5359
f 4310 3416 4328
f 12216 13467 13026
f 5461 1321 8801
f 10487 10389 10390
f 4771 9018 6671
f 6143 3234 5862
f 10770 10553 10007
f 10304 10517 10539
f 3315 6488 6222
f 11917 10687 12528
f 9975 10489 10836
f 4380 3473 3485
f 7381 1993 8524
f 2658 3545 4446
f 12789 12540 1654
f 10630 11941 8596
f 6973 6967 7690
f 13300 11173 11297
f 2679 1858 2391
f 12363 8605 12604
f 4124 3824 5417
f 7853 11974 10848
f 4113 3810 5435
f 11941 11957 8596
f 7896 7449 7439
f 1383 4522 3617
f 5247 1392 7518
f 9981 5660 10501
f 1727 566 2814
f 7431 4629 7418
f 41 1772 632
f 9135 9698 9127
f 7620 4816 6662
f 8909 8916 9484
f 5814 2892 6111
f 9981 7903 5660
f 11569 12385 8604
f 11474 12153 13230
f 11888 11367 12928
f 11651 5726 7543
f 9978 7853 10848
f 5548 5262 5263
f 11819 11303 11331
f 10024 10840 10058
f 13487 13214 11512
f 8801 9661 9368
f 13447 13022 13174
f 11294 13345 11226
f 7417 4624 10806
f 9544 6602 9620
f 9374 8794 9663
f 13416 13193 11473
f 12719 12534 13
f 5076 3806 4366
f 4182 4474 4475
f 12210 12066 10174
f 777 202 5212
f 10303 10070 10839
f 5076 4366 937
f 124 2094 1826
f 7051 6783 4965
f 11243 11125 8138
f 4798 6646 5793
f 4624 5693 10806
f 8555 10674 11606
f 4174 4168 3874
f 12603 8552 11618
f 5046 4094 3780
f 12499 12787 12667
f 852 3384 3099
f 4068 3784 4389
f 12499 12667 12416
f 4929 4931 6749
f 13151 13241 11422
f 6740 7724 4919
f 3400 1278 887
f 7423 10853 7953
f 11463 12139 10222
f 4088 5104 641
f 6410 8379 8116
f 8905 9480 9766
f 5772 6388 8050
f 11226 11744 11112
f 10117 10895 10110
f 10632 12418 8555
f 10316 10523 3798
f 8516 3077 5996
f 11131 11251 11368
f 11415 13035 13210
f 6496 8190 7297
f 13315 12881 12883
f 7138 6377 8680
f 9446 7769 8880
f 830 256 269
f 13475 13210 13035
f 4306 914 4305
f 11312 11837 11828
f 10190 9914 12156
f 7423 4618 10853
f 8562 10657 12383
f 5495 5205 5488
f 3003 3284 3002
f 3779 3504 4427
f 2563 1468 1740
f 13014 11454 13069
f 5026 6843 6842
f 4331 3779 4427
f 6450 6459 8153
f 9434 9722 9715
f 6888 6622 4875
f 9650 6706 9074
f 4618 7457 10799
f 9358 9645 6970
f 12079 4780 12261
f 13323 13348 11351
f 11572 4652 12628
f 10468 4618 10799
f 6104 3381 3379
f 13417 13001 13194
f 1084 4516 4514
f 10015 10063 10850
f 11275 11900 11274
f 13145 12122 12286
f 4307 3809 3763
f 4307 3763 3465
f 6605 4875 6960
f 7915 10839 10070
f 9513 9217 9799
f 7421 10772 4704
f 11172 11218 11730
f 3930 4234 5536
f 7457 7929 7484
f 11700 11300 11173
f 4589 3683 2533
f 10772 10520 4704
f 9593 8342 8062
f 8157 8408 7263
f 8660 7665 9266
f 7457 7900 10799
f 13288 11826 12870
f 4374 3522 962
f 8388 7239 8114
f 13315 13319 12881
f 11808 13083 11513
f 12272 12126 12268
f 3401 4408 4311
f 7290 7297 8438
f 7619 12118 4830
f 431 703 1586
f 11293 11854 13039
f 11293 13039 11854
f 11048 11316 11193
f 5592 5591 5310
f 13105 9781 9943
f 11696 10951 10958
f 12056 7572 6861
f 13418 13009 9872
f 9217 9506 9214
f 2399 2672 1850
f 1755 1474 2577
f 8282 8052 8328
f 6780 4959 7040
f 11844 7145 11342
f 8391 8124 8380
f 9977 10763 10836
f 1710 831 1706
f 4962 7758 7757
f 10485 10359 10492
f 917 3444 1225
f 9265 8714 6905
f 2249 11376 11261
f 5051 10833 5392
f 6638 4850 6653
f 982 4411 4410
f 9325 7676 7189
f 8082 8357 6384
f 12485 12479 12737
f 9794 5016 6835
f 2588 2327 4365
f 9939 11257 11258
f 11323 11857 7182
f 13105 13104 11536
f 11703 11711 11189
f 6869 6960 6959
f 11811 11854 11293
f 3681 3670 3970
f 2788 12673 4566
f 11474 9881 10224
f 4480 1331 3565
f 5716 4733 5725
f 9337 9635 9065
f 1259 1258 966
f 11629 8610 1894
f 11011 12928 11367
f 5043 9994 5346
f 1308 4449 1011
f 4015 10396 10512
f 837 1716 557
f 5045 5390 3788
f 5043 5346 5406
f 3655 4598 1130
f 10593 4268 10880
f 10379 10532 10071
f 6064 6103 5786
f 3425 3729 5424
f 8562 11955 10657
f 9572 8991 4793
f 5461 8801 7707
f 7030 7045 7752
f 531 543 1695
f 1459 292 301
f 3700 4007 4056
f 7290 7293 8176
f 4093 4387 3502
f 10167 12294 6636
f 10148 9892 12287
f 8549 5597 4675
f 2538 2798 3672
f 10471 12778 12496
f 10900 10608 10440
f 5054 4112 4111
f 9586 12294 9882
f 12186 12340 10421
f 6294 6009 3092
f 4086 1517 354
f 6251 6532 5963
f 6885 9287 6899
f 13326 11737 12313
f 5594 4645 7515
f 74 5116 644
f 12231 12070 12226
f 8525 8524 3101
f 712 144 1590
f 8972 4817 8710
f 11413 10186 13023
f 12224 12098 13455
f 5484 3885 5205
f 10740 10738 12019
f 1469 621 60
f 18 5122 575
f 13008 13232 11494
f 11943 10666 10661
f 3006 6218 3303
f 5658 7914 8584
f 12753 12526 12538
f 7185 8329 8777
f 11326 8336 6333
f 7775 3045 7046
f 73 5396 3792
f 11903 8541 11386
f 12919 11879 10997
f 7115 7113 7832
f 10169 9848 13010
f 736 444 1606
f 1561 392 383
f 10766 10469 10051
f 13064 11505 9903
f 12504 10654 11971
f 7271 6453 8416
f 7021 4933 7737
f 6296 1707 548
f 9207 9502 9210
f 11812 11058 11345
f 3952 4245 4991
f 2163 1900 178
f 1174 1997 3451
f 4286 3990 10604
f 5183 5464 4160
f 9396 1342 8833
f 9527 10288 9965
f 13061 13492 13341
f 3719 3469 4019
f 4448 1014 5169
f 12727 11942 10634
f 4019 3469 4357
f 2910 5846 3212
f 12649 8597 12414
f 1246 2054 1787
f 1629 2708 188
f 1150 1149 3663
f 9597 6367 9017
f 11914 10646 11932
f 12720 11914 11932
f 12172 11009 12336
f 1912 1901 2722
f 8224 3346 6254
f 11088 11218 11204
f 4476 4470 3561
f 2187 2740 1912
f 3397 5690 4638
f 12273 10216 12155
f 720 157 3251
f 5714 3645 1125
f 2377 392 1561
f 6172 3868 5904
f 1664 500 1663
f 2069 2082 2357
f 5499 1056 1351
f 13429 12292 12126
f 12973 13242 12993
f 5781 6086 6100
f 6376 8065 8337
f 3870 4166 5187
f 8824 8832 9406
f 3715 10345 12481
f 12975 11494 13022
f 4067 649 1497
f 10315 10843 10076
f 6028 10943 13324
f 11308 11837 11236
f 1462 365 1485
f 9993 9989 10859
f 11104 11878 6456
f 7866 5687 1184
f 11603 11608 8593
f 8459 8852 9425
f 7865 5637 10065
f 7560 10899 10441
f 12975 11463 13073
f 665 112 1528
f 11039 11037 12950
f 13413 12227 12271
f 11571 8558 12419
f 2691 2698 2412
f 3163 6080 2889
f 4533 3928 4226
f 175 742 735
f 12220 12078 12244
f 6655 9064 9603
f 9327 4420 3489
f 4765 6631 7604
f 3683 3680 2533
f 889 1206 902
f 6404 9065 8095
f 4399 964 1273
f 535 534 1698
f 7827 5017 7824
f 11201 13334 11353
f 1112 1398 1104
f 12219 12112 12113
f 8677 8309 8720
f 265 1717 6008
f 3763 3809 4110
f 5265 4246 4234
f 4332 2586 2343
f 10772 10373 10520
f 2023 1814 2296
f 3354 3353 5980
f 12186 10421 11023
f 4841 7645 2880
f 5244 5526 5522
f 7852 5606 7406
f 4295 4293 3996
f 9175 8887 9460
f 13419 12249 12140
f 9766 9480 9935
f 8323 8054 11342
f 8004 8278 6313
f 7084 8899 9476
f 3660 3659 5706
f 5524 5518 5233
f 6364 8087 7203
f 4054 4345 5071
f 5245 1101 7517
f 2939 7212 8363
f 5618 7888 12400
f 5604 4681 7464
f 5857 8091 7211
f 2034 1793 2058
f 985 978 1271
f 4623 10570 5637
f 3434 3763 4358
f 8105 7232 6419
f 425 2397 2671
f 2829 6867 3130
f 7133 8309 8080
f 6382 7205 2928
f 12229 12235 12069
f 8721 9608 9055
f 8277 3135 3116
f 3296 7281 8428
f 5356 3773 5078
f 9809 12129 13190
f 8690 1197 892
f 5172 1304 4456
f 6444 2397 425
f 11941 11966 11935
f 692 5446 142
f 11297 11355 11871
f 643 1806 662
f 7133 9300 8720
f 10315 3718 10483
f 5443 131 3849
f 7967 1415 1124
f 4671 5652 4670
f 10662 12516 12412
f 9982 10788 10689
f 11463 10222 13073
f 3488 3511 3512
f 9191 8905 9766
f 5522 3912 3918
f 10632 8555 11570
f 5308 1158 4293
f 5975 6254 3346
f 12395 12655 12412
f 12972 11447 13034
f 833 1973 2244
f 12983 11426 9873
f 11218 11122 10994
f 12488 12763 12751
f 5319 3806 5076
f 11820 11344 11330
f 8166 6472 6463
f 4806 6635 6678
f 10788 11952 10689
f 6875 5117 6624
f 4024 5076 4328
f 7424 7913 10785
f 10310 10858 10825
f 5267 4242 3960
f 9196 9461 9767
f 12099 10991 13205
f 7117 7114 7831
f 3405 4411 1276
f 1478 1749 2568
f 781 214 5495
f 12856 12897 13345
f 5064 1232 5372
f 10321 10402 10477
f 10486 10825 10045
f 8045 6356 8071
f 6508 9699 8203
f 2528 8616 2248
f 5039 5351 1205
f 3402 3399 3435
f 7747 4943 7027
f 12024 10735 11656
f 9824 12245 12246
f 11917 10670 10687
f 2707 2428 2154
f 8739 9331 7636
f 49 667 377
f 6882 7629 6614
f 11831 10178 11310
f 13283 13542 13388
f 13283 13388 13542
f 9833 10185 10244
f 10185 9920 10244
f 12049 12237 13207
f 12460 12824 12704
f 6495 8189 8437
f 3511 1289 995
f 3390 8538 3107
f 5299 4279 1150
f 5554 5544 3938
f 10635 10833 11976
f 7431 10009 10785
f 13199 13227 13507
f 1063 1075 1372
f 5242 1375 5518
f 320 2020 610
f 4986 12171 6802
f 4633 5696 10359
f 10492 10359 5696
f 7861 7508 4712
f 10774 10031 4684
f 13166 12974 13479
f 5067 5341 5108
f 9107 8814 9102
f 13166 13444 11478
f 7817 9209 5010
f 555 2799 270
f 12229 12143 12235
f 9590 10223 9900
f 8585 10664 12507
f 6064 5786 6648
f 1088 1941 806
f 9024 10223 9590
f 5237 4214 4212
f 3584 8833 1342
f 4049 3747 3743
f 4929 9680 9683
f 6927 6926 7641
f 9726 8861 9427
f 6690 4875 4874
f 13199 13507 12313
f 7676 4884 7189
f 1740 651 93
f 15 69 614
f 6022 6055 5823
f 4763 8068 5753
f 12683 12432 2238
f 1003 1301 1014
f 3308 5934 6214
f 10010 10826 10858
f 2111 2251 1980
f 2839 3144 3138
f 3402 4359 1241
f 9640 9061 6398
f 10168 11505 9846
f 13455 12127 12305
f 4956 4947 6774
f 8669 9249 13080
f 6655 6095 4838
f 11559 9967 13128
f 2686 1869 7249
f 11432 11419 13038
f 608 40 65
f 10470 5609 4709
f 11298 11310 11873
f 10646 10858 11932
f 10646 11932 10858
f 11406 13083 13082
f 3767 5426 3816
f 8658 9259 9292
f 2 3 10
f 3656 4564 3654
f 12195 12351 13540
f 9241 8736 9019
f 5540 4237 3932
f 10493 10817 10522
f 10207 9898 9899
f 9241 9019 9589
f 12371 11601 8554
f 5035 5061 978
f 247 821 2223
f 12573 12822 10724
f 9694 9405 8829
f 11395 11385 7387
f 1756 80 607
f 11922 10640 10694
f 11181 11295 11082
f 9825 10181 13055
f 1178 1220 908
f 1679 1720 12584
f 12750 12528 12749
f 1909 2730 2177
f 6030 5785 5795
f 11461 10244 13072
f 12070 12106 12226
f 10933 13313 12888
f 10764 9996 7870
f 10760 4648 4717
f 11432 11473 13030
f 9322 9016 8741
f 12466 12504 12724
f 4018 3754 4320
f 11432 13038 11473
f 9544 6671 9018
f 2366 2636 1550
f 8981 6347 7160
f 9980 10823 10817
f 9522 9226 9803
f 6134 6393 5850
f 11848 11357 11482
f 4556 3638 4723
f 6199 5912 5920
f 8898 7078 7794
f 9149 7756 4961
f 11922 12512 10640
f 1811 2619 1818
f 11830 11326 11842
f 8123 8379 3236
f 11578 11607 12665
f 8041 8331 8332
f 5216 3895 5490
f 4621 5611 5637
f 10741 8637 12018
f 12483 10632 11948
f 5926 3307 6214
f 12720 11932 12525
f 7122 11841 11318
f 7841 7470 8564
f 7636 9064 4831
f 4621 4680 5611
f 12231 12144 11697
f 6449 8141 8149
f 12706 8647 12460
f 4621 5672 4680
f 13364 13360 11761
f 11049 11085 11203
f 9233 9618 8732
f 2 12 5
f 2 10 12
f 10795 10044 10823
f 4310 4328 3399
f 9839 10237 11119
f 8275 6106 8005
f 10936 13332 10930
f 13026 11482 13044
f 12722 12513 10513
f 9225 5026 9801
f 3293 8424 3012
f 11385 13389 12947
f 6269 3356 7080
f 12232 13246 13510
f 5 12 8
f 1094 4526 1093
f 9948 11537 13103
f 8670 8984 9613
f 9839 13081 10237
f 8125 8387 8381
f 1169 3441 3499
f 10151 9827 12235
f 11420 10181 13026
f 8 12515 12762
f 1636 2713 4477
f 2176 1983 2521
f 1676 1666 506
f 12207 13450 12045
f 7867 4663 5650
f 9981 10852 10017
f 573 1464 1747
f 3435 4366 937
f 3435 937 4366
f 4296 3438 942
f 9544 8961 4856
f 12351 9957 13540
f 9544 4856 6602
f 11935 11966 10685
f 11009 5995 6286
f 7579 6692 4813
f 7826 7825 7107
f 9298 9064 8781
f 8373 11360 11874
f 874 4339 4408
f 874 4408 1239
f 29 584 622
f 8368 6131 3216
f 11941 11935 10664
f 10091 10888 11999
f 8559 12395 12420
f 3435 3434 4358
f 9836 13005 12311
f 12855 12878 13336
f 10486 3821 3822
f 12875 12898 13324
f 10600 10426 10589
f 9981 10501 10852
f 12089 4860 12256
f 12591 12833 12588
f 12855 13342 12878
f 8368 3216 8366
f 3417 3442 1228
f 874 1239 4406
f 5612 5660 4669
f 8935 8927 9505
f 7548 4751 7976
f 1533 675 113
f 8870 7047 9436
f 7863 7953 7416
f 1455 352 2581
f 10297 10521 10552
f 652 1545 2638
f 908 8732 9308
f 11941 10664 8585
f 5928 8165 6470
f 12975 13073 11504
f 2203 8862 9144
f 7257 2399 2121
f 11417 11455 13000
f 13443 13235 12274
f 10432 10426 10107
f 1811 2637 2360
f 10463 10028 10030
f 12229 10236 9891
f 8907 4981 9172
f 5927 5918 6468
f 1217 3439 5371
f 12360 7845 2277
f 4994 13521 12174
f 6856 7679 13193
f 5622 7467 7925
f 4796 6639 6609
f 9982 10499 10788
f 10499 10493 10362
f 2410 2687 2422
f 2442 2722 1901
f 9732 12325 9923
f 5613 7929 4618
f 1648 758 192
f 5450 3852 2118
f 2334 2620 2351
f 1387 3936 4539
f 5596 7483 5663
f 10942 11871 11355
f 12921 5931 3004
f 2872 5794 3162
f 4641 9909 13075
f 5599 12362 12606
f 3741 4339 4042
f 796 1664 795
f 5387 2049 78
f 5865 6406 8096
f 11169 13339 11710
f 13035 11489 11493
f 4918 7001 7716
f 6023 5755 5789
f 13035 13055 11489
f 11063 11853 11297
f 1119 1414 1409
f 8462 9418 7326
f 12076 12279 12280
f 13550 13548 13286
f 6027 8013 11687
f 8555 11606 8585
f 2958 5869 2947
f 10593 3974 4268
f 12893 12912 12907
f 6851 9259 9279
f 3634 4230 4537
f 2369 2648 2638
f 13238 13235 13502
f 884 5051 5392
f 10332 10495 10501
f 12962 11045 11801
f 7996 1446 1155
f 7488 5681 7930
f 10927 13345 12897
f 7272 8942 9515
f 10501 10495 10395
f 3361 5971 6264
f 12860 11838 13205
f 4314 3504 3475
f 4026 3763 3808
f 5038 5381 986
f 638 67 624
f 10520 10373 10538
f 1858 2112 2391
f 11418 13498 13050
f 11168 11095 11177
f 5712 5721 10425
f 3261 152 3259
f 6558 8248 6557
f 13253 12321 13513
f 11570 8555 8585
f 563 4287 1722
f 10632 11570 11948
f 2535 1982 2805
f 8556 12395 12413
f 10110 10430 10608
f 7745 7040 7753
f 8230 5970 6266
f 13035 11493 13501
f 1312 1011 4454
f 12850 10914 2871
f 11822 10963 11082
f 9751 9741 9463
f 4619 12622 12610
f 1733 2079 2017
f 13172 13501 11493
f 5797 10978 2917
f 181 458 2439
f 10004 10373 10772
f 2588 1793 2314
f 13232 12305 12141
f 12854 11715 10967
f 10455 10623 10624
f 5392 5125 4100
f 4612 7940 5649
f 2018 1744 2566
f 7855 7410 10064
f 11715 13327 11321
f 5192 5190 4164
f 11703 11757 10970
f 7860 8602 5685
f 10927 13328 12908
f 1632 748 1631
f 7764 6772 7047
f 10927 12908 11744
f 11807 11098 11301
f 9448 9735 9174
f 5594 4660 4645
f 13172 11474 13501
f 11032 12579 12453
f 4553 3637 1401
f 4325 3441 900
f 7900 7484 7913
f 1456 4002 4391
f 7424 7900 7913
f 6745 9682 9111
f 10814 7504 7955
f 12776 11973 674
f 6328 8989 4798
f 2274 2574 1797
f 6847 3157 3146
f 8563 12536 10650
f 11066 11850 11069
f 10471 12721 10561
f 8665 9310 8678
f 9789 9219 5023
f 4994 12174 6001
f 12493 10670 12784
f 6521 7328 7330
f 10185 9323 8753
f 12925 13512 13250
f 4303 3404 925
f 8079 6392 8088
f 2275 1468 2563
f 11638 2236 1964
f 13321 11755 11756
f 5471 445 3866
f 10017 10852 10554
f 8984 9865 10214
f 5079 3811 5423
f 9482 8895 9748
f 12574 12942 11028
f 13372 13371 12932
f 8902 11523 13093
f 2797 2526 552
f 11320 11868 11214
f 12127 13237 12143
f 3192 2921 3191
f 4395 3510 2619
f 10316 10348 10523
f 3133 2855 6066
f 6648 4833 7628
f 6447 1860 2401
f 1762 2046 992
f 2470 4498 3588
f 609 71 1484
f 6531 8219 6256
f 8804 8390 9369
f 3120 2830 3124
f 13435 10779 9993
f 1895 2457 2170
f 1492 640 1513
f 145 5447 2117
f 8314 8058 6366
f 8423 8419 7270
f 7435 5698 7957
f 1246 1787 962
f 8703 8718 9297
f 8876 8880 9459
f 10774 4684 7413
f 6355 9038 6368
f 8675 7654 7647
f 13379 8520 13104
f 11773 13369 12928
f 10504 10367 10027
f 4636 12405 12642
f 12870 11102 10954
f 2425 3560 2144
f 3370 8513 820
f 3979 5294 5573
f 7147 602 2846
f 13148 13455 12127
f 13148 12127 13455
f 4371 991 4426
f 6052 6103 5787
f 1836 1842 2106
f 5306 4284 5586
f 12120 12301 12315
f 6314 8023 5767
f 9741 9165 8878
f 4481 4490 3581
f 12961 11909 11398
f 5215 5492 4196
f 13152 12871 12076
f 6857 7609 4805
f 9964 9961 10286
f 9319 7174 8743
f 13170 13228 13428
f 9246 9538 8960
f 12099 11723 10991
f 1954 2772 2507
f 8199 6499 7314
f 766 2725 1641
f 719 166 5465
f 8725 8762 9318
f 9669 9383 1021
f 2328 2619 2076
f 12798 11996 827
f 7254 6451 8410
f 8728 9348 9349
f 1309 3543 4451
f 2570 2293 324
f 7260 7265 8403
f 4546 3628 1111
f 3068 5991 3357
f 6872 4878 6615
f 7895 5627 7459
f 4326 4048 3506
f 663 1536 1552
f 3113 5752 2852
f 1475 627 626
f 3480 4368 940
f 8292 7203 8351
f 12943 11026 11027
f 1510 4416 4114
f 4557 3645 4553
f 4852 9034 9624
f 7776 7788 7067
f 7853 11623 11974
f 870 5064 4035
f 1632 2710 748
f 8974 9604 8731
f 6832 7830 7103
f 7911 7511 7944
f 5391 85 75
f 466 2719 1628
f 12465 12848 12711
f 9290 1218 8699
f 2580 1757 2065
f 4193 5481 3887
f 2688 12426 2416
f 4750 5732 7536
f 10151 12235 12074
f 13182 13482 13181
f 2494 2216 1948
f 13537 13536 13541
f 9079 4893 6715
f 1873 2136 2142
f 9415 9409 8845
f 3431 966 1258
f 5760 6049 374
f 5831 2923 2924
f 3440 4388 1283
f 6198 5909 6464
f 3749 5428 3506
f 13138 12238 13444
f 9497 8923 9786
f 5726 4743 5725
f 13135 13142 13454
f 5656 3433 10536
f 4593 4761 3686
f 3883 4189 5202
f 6108 3210 5830
f 13211 12316 10850
f 13437 12986 12092
f 10430 10107 10426
f 8786 9355 8783
f 2302 361 3790
f 6380 8342 7193
f 9240 8959 9550
f 5318 5107 5122
f 6495 8437 7296
f 12748 12519 12533
f 2883 7681 3163
f 8697 7160 8291
f 7863 7416 5613
f 132 124 686
f 13171 13487 11455
f 12163 7751 13251
f 6581 7567 4878
f 5047 3203 6880
f 10411 10409 10576
f 10502 5632 5686
f 5173 4153 148
f 1478 2568 2323
f 2875 7197 2873
f 4208 3906 4206
f 7185 6362 8343
f 3296 3019 3305
f 9001 9049 8762
f 4891 9657 6714
f 1339 5475 4482
f 467 1620 740
f 5733 4748 7974
f 9250 9546 9567
f 8128 6427 8382
f 3121 13352 8292
f 12976 11416 11817
f 8818 7716 9386
f 7859 7501 4713
f 813 253 1694
f 13165 13442 7575
f 7134 6333 8336
f 5583 4286 10604
f 5383 646 89
f 9433 8851 9146
f 6870 13346 3140
f 12599 12463 8654
f 5090 5432 5151
f 7969 1416 5711
f 12642 12405 12665
f 1293 1289 4439
f 3314 5937 6219
f 4281 4262 5283
f 2514 2782 2233
f 2366 385 2647
f 121 10695 11981
f 534 5987 3083
f 258 269 1983
f 418 696 1578
f 5760 374 1532
f 933 962 3522
f 5896 6450 8153
f 416 135 2952
f 7255 2127 2976
f 2145 2694 2421
f 12072 9992 10336
f 2594 2352 2315
f 4927 9395 9678
f 13429 13421 13149
f 5378 10383 3492
f 242 2221 527
f 4634 880 7429
f 1186 4405 3447
f 8143 8147 6453
f 1530 673 108
f 10308 10513 10474
f 4309 8970 9552
f 10000 10798 10828
f 310 1500 3743
f 2375 1845 2662
f 7059 7762 7053
f 1376 1368 3598
f 5094 10857 10039
f 8496 8491 7347
f 7030 9418 8449
f 2231 538 251
f 6987 4904 7706
f 12232 12313 13507
f 9163 9735 4966
f 9727 10246 8859
f 10929 13328 10927
f 4302 3410 3523
f 9954 13113 13533
f 6334 8080 8067
f 6772 4952 6765
f 7874 7429 5616
f 8937 7826 7107
f 5030 5370 5362
f 9955 10279 9958
f 3684 1425 3673
f 9268 8303 8083
f 13324 2883 3175
f 6723 1592 4158
f 7723 6728 7004
f 3039 7741 4941
f 7219 7217 2932
f 3262 155 717
f 328 66 92
f 9868 12277 10231
f 6664 6087 7655
f 11527 12170 10252
f 2975 3265 2985
f 11528 11527 10252
f 10601 10101 10884
f 10928 11843 11079
f 9833 12998 9323
f 9860 11111 11223
f 2157 2168 188
f 9261 7165 8337
f 5061 10052 10794
f 3898 217 501
f 3950 4255 3960
f 1736 1735 2627
f 8170 6198 6207
f 10538 10072 10402
f 1662 1731 570
f 2048 1773 1812
f 10003 10342 4629
f 11097 11861 11353
f 5965 5976 6257
f 9989 10373 10043
f 5044 930 10783
f 1673 790 505
f 4008 4100 5125
f 12683 12685 12432
f 4304 3446 3394
f 11880 8421 11363
f 1292 4432 993
f 8272 6579 6577
f 8873 8864 7051
f 4089 3799 5148
f 13428 13228 12298
f 248 251 817
f 7581 7587 6868
f 4479 4185 4478
f 854 5305 1730
f 11310 9896 11240
f 11002 5947 11764
f 201 1641 482
f 4644 7435 7935
f 4644 7935 7435
f 7855 10064 5652
f 1959 2512 2780
f 10004 10355 10043
f 7148 8302 8995
f 6557 7367 11887
f 10531 10369 3772
f 13150 13478 13492
f 4661 4687 10527
f 3569 2431 4469
f 9988 10362 10522
f 3723 4035 5064
f 12611 4640 7494
f 11071 11325 11828
f 10280 9959 9798
f 6845 9798 9959
f 11880 11363 11364
f 1610 2414 2138
f 10492 10863 10355
f 1401 7517 1101
f 1925 1909 2177
f 4016 10502 3728
f 11825 11824 11087
f 12979 11419 10192
f 2876 2918 2922
f 4701 10400 10564
f 10480 10838 10348
f 3200 6122 5849
f 10951 12883 10958
f 9089 8792 9085
f 312 636 12491
f 10364 10568 10845
f 9833 10244 12998
f 10416 10423 10872
f 10522 10817 10555
f 9004 9574 9634
f 2601 2315 2352
f 10492 10019 10863
f 359 3830 5397
f 13144 13021 11457
f 11932 10858 10565
f 9240 8706 9251
f 5576 5575 3976
f 6436 8388 8122
f 1716 556 1714
f 13164 13462 13423
f 2262 2545 1992
f 9458 7781 7069
f 12726 10664 11934
f 12039 12841 12036
f 4673 4393 3492
f 6203 6195 5916
f 4910 6725 6997
f 4342 4400 4340
f 2192 7318 8851
f 3497 2338 3811
f 7862 4705 4655
f 13018 9590 9900
f 248 3083 3370
f 13186 13461 13197
f 1051 1132 1424
f 5637 10570 10394
f 7185 8759 6362
f 11270 11030 11787
f 8930 9503 1423
f 10181 10196 11489
f 10645 12525 11928
f 8845 9409 8836
f 1712 1711 834
f 10920 11749 11727
f 8892 9464 9465
f 1478 2323 2600
f 11293 11187 13039
f 10017 5628 10044
f 1438 3663 3977
f 8573 7942 10067
f 13160 13504 12106
f 11593 12420 8595
f 12270 12106 13504
f 17 341 588
f 7428 8567 7864
f 11926 11952 12474
f 3643 1411 4560
f 10635 10054 10833
f 5770 6117 3148
f 13018 9900 11458
f 12626 11620 11612
f 12988 13020 11500
f 13188 13174 12254
f 12157 12317 12319
f 11426 10199 13027
f 11926 12474 12725
f 6293 3090 3368
f 7573 6894 7598
f 10487 10014 10840
f 281 1991 2260
f 12728 11920 12529
f 4886 6697 6965
f 11427 11119 11818
f 10436 10102 10103
f 2100 11982 10697
f 11558 11556 13126
f 8488 3045 7775
f 1596 6176 5906
f 1192 5428 3749
f 2609 2346 2608
f 11013 11773 11011
f 8036 6366 6086
f 2691 1871 2134
f 13425 12074 12235
f 3930 3617 4530
f 6316 2837 7135
f 8222 8218 6524
f 4310 963 5655
f 12231 13157 12070
f 11384 13387 11663
f 12473 10685 12525
f 11682 10962 11725
f 15 614 2012
f 6354 6361 8046
f 9332 6940 3189
f 12066 11719 10174
f 9633 4876 6693
f 9256 9019 8735
f 1988 1987 2537
f 3401 1239 4408
f 3123 6062 2864
f 10022 7947 10681
f 7382 8941 9221
f 8666 7584 13198
f 3931 5257 5532
f 9839 12995 13081
f 1624 450 742
f 11420 10194 10181
f 12614 11572 12628
f 11441 10181 10194
f 9482 9748 9457
f 12476 10668 10656
f 1773 1769 1812
f 291 29 103
f 12877 11350 13352
f 1459 4009 292
f 11824 11122 11087
f 6413 11123 8115
f 10640 10638 12529
f 11436 11457 13021
f 12720 10685 11966
f 8280 7182 7138
f 2588 2314 2327
f 12231 10980 12884
f 4842 2895 5813
f 5247 5520 5236
f 13158 10151 12074
f 782 5212 5495
f 9244 9242 9590
f 10773 10503 10059
f 3038 3328 7745
f 5896 429 6450
f 5407 1275 5120
f 12385 12639 12403
f 9581 9327 9007
f 2934 3205 5852
f 5055 5423 3811
f 12614 11582 8566
f 12380 12648 8571
f 927 950 967
f 951 1250 1799
f 9540 8973 8736
f 1795 2361 2641
f 12478 10638 12512
f 934 3505 1270
f 1592 3858 4158
f 5614 5699 7912
f 1993 11661 12021
f 4310 3399 1241
f 12660 12779 12418
f 6808 4990 6807
f 2684 2692 2415
f 9541 9009 8752
f 11079 13336 11726
f 12938 11027 11026
f 10641 12782 11977
f 12376 8566 12653
f 1517 104 368
f 6319 2886 5762
f 13006 9881 11474
f 6157 3238 8119
f 13013 11458 9900
f 3501 987 4412
f 12220 12297 12080
f 10583 10426 10098
f 10135 9856 9889
f 13151 11422 12081
f 9317 7171 2903
f 1336 5203 1047
f 11315 11845 11212
f 9307 8778 8771
f 10519 4691 10361
f 3407 1231 872
f 12867 13396 13395
f 13375 11780 3374
f 3402 1241 3399
f 5300 3988 5581
f 9893 10228 13073
f 4533 4226 3626
f 2793 12678 6553
f 4146 2387 3852
f 4611 10364 10526
f 4818 7618 4829
f 1649 1908 2736
f 3659 7963 5707
f 12233 12274 13509
f 2268 2574 2274
f 9258 8737 9020
f 13447 12109 12139
f 7128 7127 2907
f 9830 13048 12242
f 13299 11726 11758
f 10495 13502 12262
f 4944 3324 7748
f 9860 11341 13054
f 262 833 260
f 7868 5616 7444
f 6355 6368 9031
f 12482 12528 12775
f 13036 9899 13049
f 9831 11489 10196
f 4549 1106 4543
f 6195 7267 3273
f 3118 2917 12861
f 12242 13231 12134
f 13029 9893 9895
f 11991 12544 10705
f 1778 2316 2038
f 4578 9787 9211
f 6440 8394 6426
f 3718 5429 3815
f 1495 1534 658
f 1179 3435 4358
f 1063 1372 1362
f 849 277 271
f 4628 7929 5681
f 9728 9154 9440
f 12729 8585 12404
f 5756 2838 3184
f 8387 8113 8381
f 74 5380 650
f 12729 11948 8585
f 12452 12583 10736
f 4628 5641 7913
f 5754 2884 6052
f 10492 10355 10359
f 10492 10359 10355
f 5367 3822 1227
f 11521 10255 10254
f 3261 2969 2982
f 10154 12995 11496
f 12979 9885 13231
f 13415 12302 12055
f 1404 1968 1127
f 12253 13029 9895
f 7398 7936 7937
f 8966 8748 10211
f 8569 12408 12632
f 10475 10504 12513
f 13428 12298 13159
f 8199 8188 6499
f 13161 13471 12253
f 4296 942 5106
f 10807 10344 10511
f 9567 9888 9887
f 11063 11842 11853
f 11064 11853 11842
f 12465 12599 8653
f 860 4325 1170
f 6994 5457 7711
f 2126 7261 1864
f 9080 4890 9361
f 9304 9063 8749
f 10151 9896 9827
f 12862 10929 10927
f 10778 10373 9989
f 3065 3063 5976
f 12237 6631 13506
f 7361 8510 8511
f 5321 4026 3808
f 6557 8248 7367
f 5321 5035 4026
f 9686 9684 9116
f 6555 7364 3082
f 11326 6333 11225
f 8559 11593 12395
f 11453 12994 9838
f 13153 12274 12114
f 13154 13449 13070
f 9988 10499 10362
f 13269 11781 13535
f 7574 6865 6871
f 9301 9604 8710
f 13000 13487 11512
f 5040 4056 871
f 11853 11222 11355
f 5036 5321 4100
f 6335 8029 6378
f 12488 12752 11919
f 5011 6828 6829
f 8739 9314 8761
f 177 737 739
f 10486 10843 10825
f 4343 4038 4372
f 12063 9849 13006
f 2966 6152 3244
f 13155 13227 13424
f 10476 10825 10843
f 10176 13052 13486
f 5442 4150 5164
f 1461 580 28
f 4981 9169 9743
f 1691 809 522
f 5215 1660 784
f 11917 12528 12750
f 8485 8222 6524
f 12338 9776 9942
f 13439 13236 12910
f 9788 1139 9505
f 5782 2882 5781
f 11882 7363 6553
f 5093 943 10835
f 9816 13004 9258
f 6877 9313 6915
f 11569 8604 8589
f 8226 8221 6530
f 13443 12274 12233
f 8795 9366 8793
f 13299 13326 12859
f 7400 7452 7890
f 11280 11387 13392
f 2365 4431 2634
f 9419 8853 3327
f 7180 2896 3193
f 13168 13429 13441
f 227 791 1666
f 2975 154 1594
f 10813 10035 10533
f 9070 6967 9637
f 11584 11939 10692
f 2508 2787 2516
f 5840 5852 6116
f 12808 12555 10714
f 852 1726 568
f 360 1519 1527
f 7493 4708 3508
f 1867 2415 2140
f 10026 10845 10568
f 4623 10539 10570
f 7420 7930 4699
f 4369 4105 4391
f 10929 11706 11724
f 5301 3992 4286
f 1751 2036 600
f 12098 13497 12142
f 12474 12501 12745
f 3114 3187 2869
f 1888 2419 2698
f 714 1020 5174
f 10117 10110 10898
f 7181 8056 8327
f 2623 2085 1822
f 11728 10971 12907
f 9989 10043 10859
f 12815 12558 10421
f 9129 9404 9698
f 10644 13351 11978
f 2810 2820 2546
f 8678 10197 11114
f 13156 12098 12142
f 917 1225 926
f 5420 5434 3837
f 13170 13430 13228
f 6857 4810 4859
f 2755 2483 2198
f 11461 11511 13080
f 10041 5669 10374
f 8571 12648 11593
f 4612 5649 5609
f 5914 6187 6186
f 5220 1651 4200
f 8192 8441 8445
f 9995 9988 10775
f 3453 945 1243
f 5175 5170 5169
f 12101 9902 12303
f 3040 8853 7755
f 9928 13086 10253
f 5036 3712 5382
f 12472 8568 12374
f 11429 11240 13068
f 9337 8345 9635
f 9843 10238 9892
f 5957 6246 6247
f 320 2299 2020
f 11429 11078 11240
f 10509 10391 10375
f 1208 5381 1242
f 3707 319 5344
f 11302 11827 11203
f 9995 10775 10396
f 13169 13425 13162
f 8144 1863 2682
f 4068 3490 4065
f 866 3454 7923
f 10134 10453 10133
f 2307 1768 2582
f 57 1489 324
f 4629 7949 7418
f 7548 4747 5723
f 12881 12906 12883
f 12232 12131 13246
f 9987 10693 12538
f 9297 6907 6629
f 10540 12777 12530
f 6336 8064 6100
f 1119 4540 7520
f 11451 10167 8974
f 3910 4287 563
f 7862 7418 7949
f 7872 7441 1257
f 2034 8349 2314
f 8538 6014 3107
f 6744 6741 9680
f 12358 12202 11801
f 12249 9853 12140
f 4226 3929 3626
f 3170 3197 6092
f 3900 4198 498
f 9679 6463 9103
f 8688 10163 9035
f 13160 13477 13504
f 6279 5986 5990
f 2287 1814 2080
f 12461 11156 12708
f 3658 5717 7973
f 3443 4352 4393
f 13477 13245 13504
f 4615 7846 7489
f 5074 5348 903
f 5747 6034 2841
f 5834 5831 2924
f 2507 2784 2506
f 11199 11213 11240
f 1400 1098 1106
f 11549 11542 10277
f 3414 3469 4362
f 7862 7507 7446
f 11684 11694 10933
f 11963 11610 8595
f 13433 12067 13157
f 7902 10796 10019
f 12521 356 3817
f 7453 7933 10070
f 7575 6854 6595
f 7552 7977 7546
f 12224 12097 12098
f 11818 13346 11314
f 12495 10671 10676
f 12813 10715 10883
f 11159 11274 9966
f 5475 5194 4175
f 6387 7207 8354
f 11882 6553 11130
f 11423 12993 11507
f 13299 13320 12873
f 850 1989 1726
f 13018 11470 8748
f 3298 6208 8167
f 12010 10735 12013
f 6974 4897 7696
f 7428 7419 8567
f 4445 4141 5157
f 7428 7902 7419
f 3901 2465 3593
f 11359 12917 11874
f 2118 2387 2661
f 12064 12224 10228
f 11700 13349 11300
f 12064 12097 12224
f 12064 10228 9851
f 13433 13157 13179
f 904 4341 1200
f 2595 9601 4394
f 7851 12665 7485
f 8808 1311 1017
f 8557 12640 12388
f 12480 10686 12725
f 11921 12725 10686
f 1620 455 167
f 12481 12529 12786
f 13431 13446 12884
f 10481 4656 5625
f 6855 13462 7583
f 11539 13114 9950
f 4063 5099 1505
f 4311 989 1281
f 9689 6744 9120
f 4103 3818 4117
f 7702 6713 4898
f 7594 4815 5843
f 6044 3196 2898
f 5956 4941 6754
f 1599 6161 6720
f 6044 5817 3139
f 401 2368 2089
f 9541 9035 9602
f 12324 13515 12319
f 7426 7859 5614
f 4459 3547 1307
f 7441 963 1257
f 7356 8898 7794
f 7859 4713 5699
f 9317 7170 8322
f 12378 11572 12614
f 1515 639 4096
f 4729 5719 12434
f 11105 11239 10983
f 9245 8735 9570
f 6829 6827 9783
f 12394 5687 4699
f 8282 8291 7160
f 11168 11320 11214
f 6670 6102 6682
f 13096 9930 9747
f 9852 9009 9602
f 3167 6929 7655
f 1217 5066 917
f 12474 12745 12725
f 9247 9056 9611
f 7801 7084 7799
f 13438 11477 13158
f 12378 12376 12615
f 9999 10320 10027
f 1753 2585 2078
f 720 163 157
f 4354 3497 3455
f 1256 977 3503
f 5528 1382 1076
f 4644 7490 7435
f 3401 929 1231
f 4938 7736 4934
f 10155 9829 9890
f 7866 7488 7420
f 35 5415 658
f 8966 9540 8748
f 1338 1042 5195
f 13014 13069 11445
f 8966 8973 9540
f 8730 9632 9058
f 10491 10397 10554
f 10491 10554 10397
f 6821 9772 7070
f 10479 9906 4676
f 9678 8821 9105
f 350 3795 5401
f 9159 7783 8874
f 7803 4981 8907
f 6414 8103 6127
f 2807 2533 2806
f 5313 3704 3823
f 12866 13296 3118
f 4146 3532 4437
f 13435 13183 7590
f 13435 7590 13183
f 9028 8759 9588
f 419 701 1580
f 5054 4111 5345
f 12478 12746 12490
f 5314 5050 5354
f 5320 3717 3756
f 13306 11222 12903
f 8680 6377 9030
f 3340 7343 8484
f 1945 2206 2210
f 9735 6784 4966
f 3402 985 4359
f 4690 10898 10610
f 874 4121 4042
f 10158 10196 9910
f 5760 12482 10935
f 11196 11079 11726
f 10562 10398 10554
f 10157 9830 12105
f 2255 1724 2811
f 4545 4544 3625
f 9314 9588 9058
f 3948 4243 5260
f 9851 9893 10226
f 2006 53 662
f 8963 3453 8706
f 10158 9831 10196
f 394 1552 676
f 12089 12136 12233
f 12201 12357 13282
f 12089 12256 12136
f 8343 6398 7191
f 7138 7182 8331
f 13410 12888 13330
f 872 943 1227
f 13261 12175 12336
f 13335 13500 11733
f 11064 11842 11326
f 11064 11326 11842
f 8479 7337 8213
f 12475 12758 12491
f 6658 8089 9636
f 12399 12530 8593
f 10323 5651 4649
f 12063 10153 9882
f 10012 10562 10554
f 2351 1820 1821
f 8274 7118 2899
f 10913 12075 12864
f 4007 5350 3750
f 12055 13180 12267
f 13029 10226 9893
f 7613 7627 4867
f 12375 12514 12645
f 8701 6328 9582
f 4632 4658 5616
f 10934 10972 11698
f 4014 5131 4009
f 4014 4009 5131
f 16 1453 634
f 6189 3278 3268
f 13009 11439 13024
f 13429 13187 13441
f 3145 2863 2862
f 1117 1417 4547
f 5982 7349 3057
f 4632 5683 4658
f 7217 8356 8358
f 2848 8335 6103
f 7106 7823 7824
f 8484 3339 8491
f 3283 8420 8150
f 10643 12729 12491
f 13472 12282 12117
f 12269 12134 9885
f 11804 13067 11076
f 2102 129 697
f 9648 9358 6970
f 4631 4628 5681
f 13434 13159 9288
f 11816 11190 11342
f 11291 13061 13341
f 12632 12408 12647
f 13159 8679 9288
f 5896 431 429
f 11927 11625 12787
f 12412 12664 12420
f 12412 12420 12664
f 5328 10789 10052
f 4635 5641 4628
f 3761 4075 5422
f 12324 12160 13514
f 10013 5367 5093
f 13161 13183 13471
f 4180 4185 3891
f 4000 10505 10337
f 6859 6673 7654
f 13191 13509 13508
f 13302 12862 10972
f 916 1276 982
f 12877 13352 13509
f 8403 711 1862
f 5077 5412 5353
f 9594 8056 6363
f 4776 6613 6691
f 7325 8464 8208
f 11943 10661 11579
f 836 3092 1978
f 7355 6535 7351
f 3720 5076 4024
f 13411 12265 13233
f 568 2818 2822
f 11064 11224 11116
f 1662 272 842
f 11064 11116 11222
f 5321 5061 5035
f 3813 3829 3830
f 10483 4020 10378
f 3119 3164 6060
f 2829 3130 3151
f 12750 12506 11944
f 13104 8520 9493
f 10639 11944 12506
f 10142 4620 4711
f 4546 1416 1125
f 13434 13428 13159
f 13187 13046 13441
f 10012 10819 10857
f 12482 12775 10935
f 11820 11093 12874
f 3263 2976 6173
f 5774 6048 5805
f 144 1581 409
f 212 791 502
f 7437 879 5113
f 10480 4008 10838
f 4442 2383 3540
f 5850 11760 6123
f 1434 5296 1138
f 396 2364 2650
f 10457 10349 10510
f 9988 10802 10777
f 5323 5058 3776
f 10292 9967 11559
f 11796 10746 12839
f 8571 11593 11610
f 10645 12741 12497
f 9454 9452 9740
f 7136 8301 8348
f 1725 1719 565
f 12064 9851 12097
f 12851 12876 10986
f 4225 3919 4524
f 13003 11441 9865
f 8035 8300 6373
f 12967 9820 4615
f 13191 12089 13509
f 10013 10835 10076
f 5500 5221 5515
f 11891 11368 11137
f 4620 13015 7510
f 7436 7502 7877
f 7446 7941 1281
f 3100 3386 6013
f 13098 13523 13370
f 10138 9868 10231
f 12851 10962 10945
f 834 838 839
f 2286 2558 1803
f 7127 8295 2907
f 10674 11969 11957
f 4763 9595 8068
f 5488 5205 4188
f 10155 9890 10187
f 11300 11836 11341
f 12068 10167 9849
f 3408 5661 4326
f 4345 902 5071
f 11429 13068 13041
f 6658 4844 5814
f 12257 12106 12270
f 12012 11663 13387
f 10654 10679 12520
f 738 1607 1884
f 11679 13311 10968
f 11569 12639 12385
f 9007 9327 8741
f 5332 5411 4108
f 12381 2556 12615
f 8561 8580 11581
f 12814 12568 12560
f 11998 10720 10703
f 10316 5382 3712
f 9019 9018 9589
f 7899 7898 7499
f 13474 13499 13216
f 10822 10859 10043
f 8277 7123 7129
f 12330 12171 10251
f 7126 7125 6349
f 7000 9446 7772
f 12260 13497 12098
f 915 1233 5096
f 820 8513 1961
f 8530 3102 7374
f 5659 7507 7949
f 2445 2725 2164
f 2405 6452 7261
f 9294 8764 11496
f 9253 8039 8309
f 11750 10988 10995
f 3653 2531 3671
f 12490 333 1498
f 10641 12505 12782
f 7983 12687 12440
f 9574 9054 8081
f 13495 13505 13074
f 9217 9798 9218
f 4546 3957 3649
f 1978 1977 2250
f 9238 8666 9243
f 8672 9020 8737
f 3401 3475 1239
f 7801 4997 7800
f 7547 7985 5720
f 8611 12545 10700
f 10481 10341 10506
f 10822 10863 10081
f 2811 2261 1992
f 5266 5545 4239
f 12985 11483 11449
f 10959 12119 11219
f 6583 6890 4768
f 10481 5625 10341
f 7076 7811 7809
f 8433 3289 6199
f 11451 11470 13018
f 9832 10207 12295
f 11432 13030 10217
f 9261 8337 8065
f 2266 2353 1998
f 1840 2668 708
f 7430 7876 7934
f 4925 6734 4916
f 3161 2919 2888
f 4788 4853 6665
f 11199 11078 11100
f 9542 8022 4815
f 9624 9342 9353
f 8846 9423 8454
f 12728 10345 10523
f 8433 7298 6491
f 11145 11264 11146
f 7777 7064 7784
f 11636 12675 8615
f 3903 2467 3595
f 10645 11924 10655
f 10910 7999 7561
f 12629 4720 11624
f 11922 10694 12477
f 13156 12142 13237
f 2245 1970 2514
f 7637 6916 2894
f 6976 996 9357
f 8455 7301 8198
f 5634 7478 7878
f 11427 13028 11496
f 3334 6246 3041
f 11818 11119 10958
f 1658 5211 4197
f 6588 4833 4824
f 280 279 2258
f 13073 10228 11504
f 7523 11632 11986
f 11925 12786 11979
f 9257 6609 6876
f 13166 13479 13427
f 6557 11887 11139
f 1733 2017 34
f 13438 13041 11477
f 11829 12903 11116
f 2034 1758 8349
f 12731 11925 11979
f 10758 10532 10569
f 3846 4435 3530
f 288 1451 4129
f 3843 1549 386
f 2129 435 7247
f 1161 4426 3396
f 7865 7877 7502
f 12266 12264 10955
f 13301 12884 12903
f 3532 4433 3527
f 7444 12653 8566
f 8003 10907 8001
f 213 5493 208
f 6660 7673 6931
f 8652 10743 10744
f 9305 9616 8717
f 1977 1976 2794
f 12731 12478 12490
f 916 5070 597
f 2062 2064 1795
f 5099 631 1505
f 5294 7821 5573
f 8308 8324 7172
f 1995 875 1173
f 12059 10222 12245
f 12381 12653 5683
f 9956 10278 10283
f 5930 5936 6218
f 2783 2778 1701
f 10323 10780 9991
f 577 352 1518
f 12490 12746 12647
f 4297 3519 4309
f 10819 10039 10857
f 12634 12401 11602
f 12572 10717 10719
f 13538 13274 13532
f 3117 2836 5809
f 6492 8178 7294
f 10325 12262 12130
f 2732 1645 1904
f 1436 1144 4583
f 4806 9583 6635
f 4730 7976 4738
f 8101 8095 6397
f 7329 3064 6540
f 7212 2928 7205
f 2893 3200 2912
f 13183 10226 11469
f 2001 1740 93
f 13438 13425 13169
f 5209 4187 4489
f 12600 10752 12463
f 1116 4542 3630
f 12011 12001 12814
f 4271 3973 4264
f 6633 4862 6944
f 9312 8751 8733
f 10674 11957 11606
f 5266 824 244
f 7046 6246 6769
f 9289 8291 944
f 12885 11490 11858
f 3639 4558 1410
f 1475 1506 344
f 13007 13024 11439
f 12087 12306 12086
f 4917 7717 2984
f 2682 2675 2680
f 12380 12647 12648
f 8620 12431 12676
f 6427 8125 7235
f 5121 3807 5418
f 10657 11955 11954
f 13285 12196 12353
f 11815 11498 11336
f 7643 8738 2903
f 635 640 79
f 249 818 819
f 6414 5859 4890
f 3539 3534 1300
f 4176 3872 457
f 10113 10728 10112
f 5857 6124 8091
f 1839 11982 11626
f 9565 9049 9001
f 12617 12783 12616
f 4016 4646 10502
f 4840 4834 6640
f 11090 11116 11224
f 6854 13442 12223
f 2447 2717 467
f 9688 9693 9113
f 12228 13477 12067
f 9539 8981 8697
f 13385 13389 12943
f 13298 13214 13219
f 1267 972 1796
f 5436 5433 5152
f 2487 2755 2207
f 3601 4507 4510
f 8696 7596 6939
f 471 480 1640
f 4314 3475 3407
f 11402 13070 11502
f 11402 11502 13070
f 1488 625 667
f 11429 13041 11821
f 11803 11305 11084
f 1739 1259 966
f 1895 2720 2457
f 7673 6696 6946
f 7867 9992 7497
f 867 895 5087
f 7855 7473 7915
f 12395 12648 8569
f 6978 6976 7696
f 2806 4585 1142
f 9247 8304 7145
f 13401 13400 12963
f 4630 7496 12635
f 9993 10859 5342
f 1762 1781 2046
f 1186 3447 7917
f 9333 8750 8749
f 10483 3718 4020
f 9993 5342 6869
f 10874 10885 10103
f 5043 10815 9994
f 13187 10221 11449
f 2217 270 2799
f 294 1500 310
f 3411 4308 3716
f 6113 8090 8343
f 8433 6199 8171
f 882 1228 4364
f 1516 367 2341
f 3408 4324 5661
f 8292 13352 11350
f 7339 6527 8219
f 3805 5412 3502
f 13209 12118 7619
f 2972 6184 5892
f 5366 10396 3797
f 3297 7282 8422
f 12236 12137 12265
f 4326 5661 4670
f 6858 13430 13170
f 5258 5536 4234
f 11701 11196 8016
f 5780 6100 6086
f 9572 12310 6620
f 5327 5054 5047
f 10927 12897 10972
f 10818 10055 10677
f 12260 6879 13497
f 6604 6879 12260
f 6782 7044 4954
f 11708 12890 13333
f 11708 13333 12890
f 8964 6374 5788
f 6858 12263 13430
f 12912 13240 12147
f 12103 10189 12145
f 12218 9908 10236
f 10316 3798 5382
f 8404 3256 710
f 8404 710 3256
f 10900 10898 10608
f 10932 11721 5826
f 7967 5708 3650
f 2223 1953 1952
f 6401 8086 8097
f 10932 5826 12881
f 1041 5200 4185
f 1790 2068 1785
f 9139 9432 8852
f 6023 5747 2841
f 4533 3626 3625
f 23 10658 10378
f 10315 5429 3718
f 11571 8570 8558
f 6732 7002 2983
f 8347 7206 6381
f 8957 4854 9538
f 12881 5826 2858
f 13521 12173 12174
f 9513 9219 8938
f 11278 11156 11272
f 13271 13270 12184
f 1185 7877 10815
f 10917 12062 11689
f 10144 11195 9818
f 4015 3797 10396
f 13165 2836 13347
f 6873 6598 4785
f 11511 13245 7682
f 6036 5761 11701
f 744 170 450
f 968 7941 7507
f 4173 3869 4170
f 4320 4015 10512
f 2371 2641 2361
f 6667 4864 9622
f 12680 12437 12566
f 6235 6227 5951
f 91 645 11963
f 2691 2412 6442
f 4 12403 12631
f 7967 7524 7539
f 12965 9843 10148
f 4320 10512 4639
f 11161 11907 11158
f 11078 6334 11100
f 877 7436 7877
f 23 11924 10658
f 3324 6232 3029
f 11956 12530 12767
f 5235 4207 5519
f 7523 11986 10871
f 9109 8823 9674
f 7595 6666 4853
f 11284 11354 11834
f 12228 13433 6680
f 3105 6017 7384
f 11451 8771 11470
f 4310 1241 963
f 7512 7955 7954
f 2282 12379 2070
f 4343 3735 4038
f 7059 4963 7762
f 8156 8406 3266
f 413 140 3857
f 2557 12379 2282
f 2253 1434 1982
f 13107 13113 11544
f 2988 1611 5906
f 4445 3544 1300
f 8872 9441 7063
f 13092 13520 13258
f 3423 7941 3471
f 10796 5139 10081
f 3715 4104 10345
f 5102 4396 961
f 11052 11193 11816
f 881 5139 10796
f 5952 4948 7749
f 11106 11230 11743
f 8824 7730 7014
f 11924 603 10655
f 4609 12644 5673
f 2557 12394 12379
f 8010 11209 8283
f 6860 13179 13431
f 6420 8112 6144
f 7652 7648 6923
f 7581 13179 6860
f 12853 13298 11722
f 8293 7167 7140
f 10866 10083 5523
f 13432 12271 12227
f 12863 11822 13318
f 8283 11209 11839
f 1601 3251 6164
f 11804 11076 10925
f 10301 12489 12756
f 286 2552 1460
f 11687 8013 11182
f 8757 8770 9343
f 12299 13224 12132
f 9043 9046 8768
f 12480 12745 1493
f 6870 13028 13346
f 297 12480 1493
f 10996 6123 11760
f 6870 9294 13028
f 13214 10237 11512
f 281 2260 851
f 10163 9602 9035
f 13097 11532 9494
f 10598 10883 10098
f 2574 349 76
f 5183 6722 6987
f 348 1509 1543
f 7581 6862 13433
f 7449 10040 7884
f 2860 5777 2857
f 8692 9341 9275
f 9686 9116 9119
f 9290 8701 8717
f 7581 13433 13179
f 45 2023 352
f 4481 3581 4489
f 3311 6486 6216
f 5045 5065 5340
f 12258 9851 6607
f 9407 8182 9692
f 5299 5582 3984
f 5994 3079 6286
f 11390 11387 11388
f 9594 9309 8327
f 9286 9628 8715
f 921 1272 7938
f 9837 9042 10182
f 230 516 2213
f 12035 10748 12581
f 4174 5469 3870
f 7542 5721 4745
f 10491 10398 3791
f 4316 1287 3438
f 7989 10425 5721
f 5539 1399 5251
f 344 1506 12774
f 1221 923 922
f 12377 12650 11605
f 3412 1184 5687
f 9997 10317 10038
f 10936 12915 11712
f 6202 5914 2993
f 298 12481 12786
f 2550 1453 376
f 12542 10409 495
f 10809 10048 10078
f 4317 4637 7885
f 5316 3747 5031
f 7031 3031 3320
f 4317 7885 929
f 10874 10581 5278
f 8567 2318 2015
f 2113 3545 2389
f 829 548 256
f 3708 4010 3794
f 11283 12868 12892
f 6763 6761 9711
f 2090 1820 2636
f 11922 12735 12512
f 12840 12031 12706
f 63 667 628
f 7872 1257 1183
f 12628 5658 8584
f 12641 1506 12774
f 12641 12774 1506
f 11630 2242 1970
f 5193 4166 3870
f 8682 9570 11509
f 11433 8671 13017
f 3352 3053 3063
f 8671 9276 13017
f 12641 12774 1535
f 7012 9393 8819
f 12641 1535 12758
f 4403 1261 970
f 13003 9865 9270
f 7938 1272 2070
f 5394 5142 5143
f 4778 12256 4860
f 2029 2333 80
f 12731 580 11925
f 3248 5875 6162
f 13089 9933 9466
f 12487 10548 10322
f 3573 4486 4174
f 3187 2899 7180
f 13426 13192 13442
f 9937 9934 10258
f 7437 943 1230
f 2269 2593 4414
f 12038 10625 12846
f 4199 3907 3904
f 1533 12788 12537
f 3534 3841 4141
f 9762 8240 8505
f 3993 3986 5566
f 11196 10981 5816
f 9261 9296 8740
f 4789 7621 6686
f 2289 2561 1491
f 12842 12592 12838
f 12485 12609 12407
f 8576 7938 2070
f 8185 6481 6490
f 13140 13463 12058
f 130 2376 2663
f 4631 7488 948
f 9236 9235 9020
f 11648 12686 8625
f 4631 948 4323
f 11315 11212 9838
f 3532 5436 3838
f 8659 8982 9295
f 9623 8779 9350
f 4506 1652 4201
f 5094 10039 5411
f 4013 4375 3516
f 3248 2955 5875
f 12731 12490 1498
f 9575 10226 9048
f 4726 5707 4724
f 9319 8318 7174
f 4778 10325 12130
f 128 2090 2366
f 10027 10806 10354
f 7437 5113 10835
f 1475 626 1783
f 13003 9626 9910
f 1695 238 811
f 12550 12003 12809
f 8274 2896 7118
f 10157 12105 4796
f 4635 3500 4404
f 12425 6443 11126
f 13418 13454 13420
f 10703 8612 2239
f 9998 11475 13212
f 4778 12130 12256
f 8682 11509 9288
f 12849 12040 10750
f 4444 4449 3542
f 9882 9910 9626
f 10445 10613 10612
f 4796 12105 12269
f 1468 651 1740
f 4632 3495 5683
f 4632 5683 3495
f 12505 10514 12757
f 2191 1917 1923
f 4380 3485 2331
f 13434 9288 6956
f 2865 5792 3147
f 6541 8234 8503
f 8243 6540 5989
f 7758 6762 4955
f 3073 5972 6261
f 10921 11739 11712
f 7998 1448 10122
f 5914 6186 2985
f 6888 6690 7659
f 4632 880 5683
f 7545 7984 4741
f 1713 2800 2796
f 10308 12526 10513
f 10187 9060 11111
f 300 5346 12506
f 7426 4626 7436
f 8369 2933 7221
f 3021 3299 3302
f 1423 9503 1134
f 9813 12985 10221
f 11183 11228 11309
f 7429 880 4632
f 8687 6915 9313
f 4019 10508 4404
f 4549 4543 1115
f 13302 6062 3123
f 10794 7896 1271
f 931 4351 3464
f 7579 3713 5327
f 2100 8608 11626
f 7352 8230 8495
f 2530 2526 2797
f 2399 2392 2673
f 3061 5975 3346
f 4019 4357 10508
f 12341 12186 11023
f 10644 11958 36
f 10936 10930 12915
f 2741 2732 2458
f 2601 3493 964
f 7188 6393 6396
f 2271 2561 2555
f 5895 717 428
f 8796 9655 9363
f 11090 6333 6379
f 10018 5357 10339
f 5041 5325 5075
f 3414 5659 4357
f 12228 6680 13477
f 9418 8855 7326
f 10523 4104 3798
f 2004 2289 304
f 416 415 136
f 8292 11350 8352
f 12381 3495 2343
f 1580 701 1841
f 6332 8070 6379
f 12540 10698 193
f 10394 10573 10851
f 298 12786 1461
f 13003 9270 9626
f 10468 10853 4618
f 11451 8974 8731
f 10280 9798 9214
f 1421 7963 3659
f 36 11958 636
f 10708 833 262
f 8051 9601 2595
f 5114 10831 10049
f 5882 5880 2949
f 1716 1714 555
f 6606 9101 4917
f 13015 9870 10199
f 12731 10638 12478
f 5377 3800 4098
f 10287 12191 13276
f 7359 7358 6550
f 295 2007 64
f 4927 9678 9112
f 1925 2181 1909
f 6386 8358 8356
f 12212 12211 12053
f 5567 5283 3968
f 919 4098 979
f 11227 10238 11120
f 8695 11460 7633
f 7174 7190 8345
f 11886 12932 11013
f 13303 13316 12912
f 8031 6682 6112
f 889 902 1226
f 6738 4923 4917
f 8196 7306 6497
f 1292 993 5437
f 11434 13238 10332
f 3384 6297 3099
f 7455 5678 7921
f 9138 5953 6505
f 22 2041 1775
f 13304 13196 12864
f 5304 853 5579
f 1834 123 680
f 172 1614 452
f 10876 7978 10092
f 398 1567 1572
f 6884 7664 6936
f 10333 10356 10849
f 3423 1281 7941
f 10349 10842 10068
f 6113 5836 3213
f 602 2058 38
f 2 10675 8595
f 3480 1265 2337
f 1742 2009 1193
f 9990 7895 10793
f 5331 3721 3418
f 4809 7629 7625
f 9727 8859 9431
f 8161 7265 8409
f 1105 1393 1396
f 2732 1904 2458
f 4775 6682 8990
f 12484 10668 11927
f 32 2016 2309
f 2883 3163 3175
f 1380 3601 1086
f 9862 13076 11509
f 8386 8111 6416
f 12796 12548 12549
f 607 1751 600
f 2834 8298 3125
f 12867 11152 11038
f 12010 8631 11656
f 11462 11499 13077
f 8561 11604 12414
f 6333 6332 6379
f 7055 8881 9451
f 4635 4404 10508
f 7840 11609 7465
f 8514 7362 8513
f 579 20 672
f 7673 4879 6696
f 2442 459 2435
f 5037 5339 10842
f 7430 4697 7876
f 8159 9385 7262
f 9592 9026 9017
f 981 5134 1275
f 4124 3521 3824
f 5775 2875 3208
f 8508 7358 8236
f 10481 10064 10774
f 6209 8177 6493
f 2880 3180 2910
f 4776 6691 6603
f 11690 10930 10937
f 8805 9370 7701
f 3536 5159 1001
f 13456 13182 13482
f 13456 13482 13182
f 2566 2586 1792
f 9757 9465 9752
f 9757 9752 9465
f 11575 8578 12630
f 11159 11273 11274
f 4802 9558 8986
f 10937 11702 12281
f 4059 3803 3812
f 9699 9131 9695
f 1996 1797 1997
f 12486 12732 12508
f 11778 6292 1702
f 11188 10188 11098
f 2539 2256 2798
f 2943 3238 2950
f 7355 7369 7370
f 7109 9794 6835
f 8677 9253 8309
f 1922 1913 2184
f 12045 12266 12071
f 3897 4195 499
f 810 235 520
f 12068 12063 12294
f 7874 5622 5621
f 11905 11384 11663
f 12260 12098 12097
f 2531 1136 3671
f 11071 11352 11869
f 11071 11869 11352
f 13430 12131 13228
f 12227 12147 13240
f 8330 7198 6387
f 9566 8994 6613
f 49 618 1765
f 10786 10558 10382
f 610 1478 61
f 2624 1824 8075
f 2447 2166 2727
f 6859 6943 6673
f 8632 12690 11650
f 6664 4849 6087
f 396 139 1577
f 1898 2169 2452
f 9575 9048 6625
f 11829 11116 7162
f 7131 8333 7128
f 4072 5083 3768
f 10619 10449 10617
f 13379 12941 12940
f 465 1617 455
f 1480 333 1498
f 1480 1498 333
f 8843 9134 9408
f 4839 9024 8734
f 3877 3577 5479
f 11547 11552 11546
f 8237 8233 6538
f 6625 9048 4863
f 10324 10563 9985
f 2300 4388 3440
f 582 378 1481
f 10113 10902 10445
f 4016 4023 4024
f 11053 11814 10920
f 9499 11533 8920
f 9852 10217 13030
f 906 1243 945
f 12945 12946 13384
f 13025 9344 6956
f 11438 9889 13066
f 11136 11252 11133
f 11170 12410 11107
f 12988 9856 13020
f 6840 9507 9789
f 3387 8529 7376
f 5760 1532 296
f 8726 6340 7168
f 3073 3061 5972
f 6438 6150 8124
f 2298 2613 2307
f 9255 9574 8081
f 9507 7102 7822
f 12378 8567 11572
f 665 368 109
f 501 500 499
f 7117 7831 6846
f 1871 8134 8395
f 7081 8897 7797
f 6772 6765 4949
f 11437 13012 12989
f 12339 5003 6823
f 591 1513 96
f 12488 11978 12763
f 3751 320 1490
f 460 2701 2434
f 303 2284 79
f 4062 5098 4125
f 5924 2995 3275
f 4906 5899 3862
f 13103 9781 9491
f 4633 10359 5671
f 6083 6108 5830
f 1917 4490 2729
f 13023 10174 11487
f 13394 11389 12954
f 7284 3283 2996
f 12990 11436 9854
f 4824 6648 5786
f 6926 7651 5390
f 2648 2358 2638
f 8503 9473 8898
f 3197 8340 8088
f 875 1264 971
f 1204 5108 5341
f 2158 1887 754
f 9819 11197 13067
f 3813 4130 3829
f 11464 8987 13216
f 10791 10548 10080
f 3189 2916 8326
f 3121 8292 2905
f 5771 6054 6053
f 8659 6885 7576
f 3072 3363 3361
f 8974 8972 9604
f 4020 3815 3732
f 2569 2350 1762
f 876 1745 4379
f 8677 8720 9300
f 935 4410 4411
f 3417 3414 4362
f 10006 10803 10005
f 9255 8081 8284
f 12038 12842 12595
f 3619 1085 1385
f 12055 12302 13223
f 3760 5130 5409
f 2518 1969 2241
f 2407 7248 6437
f 6474 8164 6462
f 1635 461 1643
f 8669 9326 9249
f 6053 5826 6101
f 11890 11372 11377
f 5989 6279 5990
f 3417 1228 3414
f 3414 1228 968
f 6412 6132 5854
f 5328 3798 5126
f 462 180 739
f 7181 8327 8347
f 8428 7275 6465
f 5579 273 855
f 8688 8681 9293
f 8520 3077 8516
f 12038 10753 12842
f 8006 2291 6351
f 6602 9902 9620
f 7580 6956 7634
f 7580 7634 6914
f 7253 8389 6443
f 6654 4842 12283
f 5640 7480 4674
f 5931 6471 7279
f 4048 3749 3506
f 1913 2727 1050
f 8669 6942 9326
f 12885 13247 11490
f 9652 9075 9082
f 23 3732 4115
f 9156 9728 6793
f 7284 3010 8429
f 6053 3155 2858
f 9540 9242 9244
f 8968 9621 8997
f 4633 4652 5696
f 3702 4060 10377
f 6450 8140 6459
f 13308 13334 12890
f 8292 8352 7203
f 7961 1396 7517
f 2423 1902 2721
f 4377 3481 4370
f 4484 3877 4177
f 6579 8271 6577
f 4475 4474 3563
f 8768 9046 9339
f 7028 7758 7748
f 5506 2188 207
f 1298 1302 1002
f 4320 3754 3418
f 8274 8328 7143
f 8900 9519 9802
f 8021 6339 6373
f 6036 8016 6319
f 9250 8694 8968
f 421 5876 2954
f 11810 11872 11081
f 3432 3733 3494
f 9250 8968 9546
f 882 1260 1228
f 7586 6879 7585
f 3714 5057 5354
f 3726 3749 4048
f 297 309 635
f 2558 2070 1803
f 297 635 91
f 9250 9567 9015
f 12841 12591 12588
f 4025 4101 4104
f 9250 9015 8694
f 3798 4104 4101
f 11424 13061 13043
f 2543 2808 2807
f 9728 9440 6793
f 11289 11176 11108
f 7971 10088 7533
f 12759 12531 11596
f 880 3495 5683
f 752 11629 1894
f 12722 10475 12513
f 2436 2427 2700
f 877 7877 1185
f 12224 13455 10228
f 2306 2356 2059
f 8743 7163 8311
f 11362 8158 11247
f 7689 6968 7687
f 12728 10523 10348
f 9021 9620 9884
f 4394 9050 3510
f 2006 81 599
f 2000 1775 1776
f 6036 5762 6037
f 11293 13039 11410
f 6190 3272 2980
f 9836 12311 10162
f 6036 6037 5761
f 10033 10375 10553
f 4777 6675 4843
f 4791 6879 6604
f 3471 1260 4364
f 7057 9453 7056
f 2797 552 1713
f 13190 13495 13074
f 4320 3418 3721
f 17 3820 341
f 6327 8080 6334
f 11687 11182 10943
f 8633 12690 7984
f 8145 11245 2683
f 8205 6518 8211
f 6733 7001 4918
f 4571 3665 1422
f 1679 1721 1720
f 2334 357 2057
f 4293 5588 1159
f 298 4025 3715
f 10602 3983 4280
f 9867 12112 13239
f 8571 11610 79
f 3573 3874 5472
f 7795 7077 8896
f 6870 7667 9294
f 9271 8771 8778
f 6555 8245 7364
f 924 949 1218
f 4018 3791 4055
f 7132 8325 8287
f 3411 3716 5329
f 5629 5670 4685
f 3412 2283 2591
f 5942 7299 3017
f 6508 8203 8210
f 3134 3127 2842
f 11436 9857 9854
f 12996 8771 9271
f 7405 10855 1775
f 7587 3185 2831
f 11834 11592 8581
f 589 47 1477
f 6860 3185 7587
f 1742 2015 2318
f 6031 5763 5766
f 579 2021 2023
f 9805 9225 9801
f 3981 4268 3974
f 11628 753 11984
f 12360 7469 7845
f 10917 11689 11708
f 1002 1302 1296
f 5984 5982 3058
f 11714 12899 13339
f 5065 5064 5340
f 8984 6334 8067
f 8674 8764 8673
f 9956 12350 13120
f 12232 13510 12313
f 3741 10536 3433
f 518 2486 3619
f 6129 2932 3206
f 3949 5539 1107
f 20 577 1465
f 1183 7920 7478
f 12522 12788 355
f 11709 11707 10982
f 1742 2318 2566
f 7915 7925 7467
f 7885 5626 4696
f 12395 8569 12413
f 6780 7040 3332
f 1184 1270 948
f 6317 6364 7203
f 9547 9006 8969
f 2941 3225 8362
f 2566 2343 2586
f 3991 1719 560
f 9252 8670 9613
f 3807 5134 4131
f 5800 2878 3158
f 3824 1267 5417
f 4650 4686 5675
f 4017 4409 3758
f 6880 3203 2852
f 9768 9758 9193
f 6650 4840 5811
f 10521 10860 10075
f 12025 7554 11657
f 11191 11069 11850
f 12289 13338 13483
f 7014 9393 7012
f 1345 4487 1055
f 5153 3832 4132
f 5605 7875 7432
f 6141 6145 5871
f 1463 1498 333
f 1463 1480 326
f 4323 3413 4417
f 10934 6062 11734
f 7882 4714 7514
f 6502 8852 7313
f 7882 5634 4714
f 13529 13380 13379
f 3992 3990 4286
f 7865 10065 7468
f 11991 12795 12794
f 1635 480 471
f 4778 3804 10325
f 8326 2916 7188
f 3383 7106 6836
f 6585 4847 4766
f 13456 13182 13448
f 6584 6856 13459
f 13522 13260 13521
f 12694 8622 12444
f 2834 3125 3185
f 8810 9670 9096
f 4782 8971 9575
f 312 1501 1471
f 8644 11665 10735
f 5314 4039 3737
f 6897 6672 4860
f 4916 7721 6732
f 5827 10990 6115
f 12501 331 1493
f 9841 9921 10213
f 4782 9575 6625
f 11825 11094 11824
f 4778 6624 4108
f 8299 2850 7142
f 8196 6497 6503
f 6306 8263 3103
f 10711 12002 10719
f 123 108 680
f 9257 8671 4796
f 12796 12549 554
f 5547 4238 3943
f 11049 11198 11217
f 6893 6908 6644
f 11306 11815 11823
f 2608 2069 2345
f 4033 6605 5141
f 4886 4884 6697
f 12600 8654 10752
f 12600 10752 8654
f 6653 6698 6099
f 11794 12834 11032
f 7642 6921 6903
f 2645 2363 2633
f 8969 9006 9626
f 8314 8044 8058
f 8547 12637 12402
f 7872 1183 7427
f 3719 4019 4404
f 1110 1101 1391
f 4484 4177 3878
f 44 316 2067
f 4763 5753 6597
f 11443 9344 13025
f 4556 4723 4563
f 6037 5776 6062
f 12164 12162 13513
f 2233 2231 1961
f 2686 2417 1869
f 8526 2261 7375
f 2284 1492 2309
f 2937 2929 3214
f 7473 7925 7915
f 3360 5994 6271
f 11977 12779 12660
f 13305 6055 11753
f 12687 7534 12686
f 3048 3333 7342
f 924 3473 1254
f 4079 3773 4078
f 2568 2323 2600
f 2568 2600 2323
f 587 636 56
f 1663 501 789
f 6237 8193 6235
f 4348 3463 3455
f 5034 5400 5394
f 6186 2984 3270
f 8393 3249 2956
f 4784 6639 6681
f 11360 11876 11359
f 312 1471 636
f 6432 11124 6429
f 1724 847 562
f 179 738 2153
f 6114 8358 8076
f 3785 4092 5104
f 11455 13054 11836
f 562 277 276
f 877 1252 921
f 12412 12655 11625
f 11263 8252 6561
f 11048 11858 11490
f 3128 8287 2915
f 6877 9329 8781
f 5301 4287 3992
f 5049 3815 5429
f 4972 13259 7088
f 2763 3934 1687
f 8578 8588 12398
f 8578 12398 8588
f 5342 3760 5141
f 4034 5092 3797
f 9389 8815 9102
f 6231 5944 3300
f 4021 3760 5068
f 2743 2460 1921
f 4415 4113 5154
f 12873 5816 10981
f 13365 12925 13364
f 1475 344 72
f 9216 8940 6567
f 1186 967 4405
f 7032 8853 9419
f 8479 8468 6522
f 7360 6536 7351
f 8674 9004 9334
f 7258 3267 2971
f 3028 5939 3016
f 9045 9352 8783
f 6676 6967 7686
f 6990 6985 7704
f 583 4115 5048
f 12799 11997 10702
f 2351 2620 1820
f 5358 1219 5412
f 8936 7104 9510
f 10789 10040 10052
f 6276 3083 5987
f 12768 1522 12532
f 4721 12674 12441
f 2877 6937 3186
f 5053 988 5406
f 7147 8349 1758
f 5389 3781 4076
f 8529 8528 7376
f 1402 4538 3628
f 11314 13346 13028
f 8061 6382 8057
f 2057 656 2620
f 9460 8885 7070
f 2052 1796 2622
f 3173 3160 2882
f 1194 3421 4417
f 6095 6382 5836
f 10350 5667 10025
f 2598 4398 2322
f 3458 938 1268
f 309 37 635
f 4020 3718 3815
f 2853 7146 8300
f 9419 3327 8460
f 6099 5834 3180
f 2710 2425 2426
f 3222 2930 12916
f 11163 11101 10143
f 186 751 758
f 7994 7993 7542
f 8713 13062 6941
f 4979 6794 6799
f 10669 12766 12519
f 11451 13018 11458
f 3895 3893 5490
f 2489 3671 4575
f 4158 3858 6721
f 793 785 215
f 12607 12620 12417
f 4336 3520 3432
f 2702 1606 1877
f 5374 3803 5097
f 6996 7003 7713
f 4221 3923 3916
f 6541 7353 8500
f 6037 6062 5761
f 4381 9596 3485
f 4901 7696 7699
f 6047 5794 1491
f 209 5222 1360
f 6077 6076 5839
f 13089 11520 9933
f 4363 4076 3486
f 3554 4164 5463
f 9198 9197 9760
f 2382 1833 2659
f 12011 12696 11654
f 4869 6965 6674
f 10380 10371 10534
f 3922 3964 4259
f 12870 13310 12869
f 2346 2082 2069
f 3282 8156 3266
f 9278 8710 9277
f 12996 9271 9858
f 7570 4773 8685
f 7994 7551 7993
f 2877 7670 6937
f 6731 6999 9672
f 5779 2889 6080
f 3394 1258 871
f 9585 9600 9059
f 11696 11711 10951
f 752 185 193
f 6864 4811 7607
f 4086 4096 1517
f 890 1195 1803
f 9137 9147 9720
f 8201 6764 6236
f 9355 9068 8783
f 4580 9788 9212
f 4599 4749 7540
f 6703 6699 4887
f 6915 7659 9329
f 149 1576 411
f 10918 12899 11714
f 2470 2747 4498
f 305 1503 627
f 1380 1086 1379
f 9652 9082 9085
f 4323 948 3413
f 4496 1053 1913
f 1310 1303 3545
f 6859 7654 9339
f 8862 9716 9144
f 7762 4956 6774
f 8197 6504 9712
f 6329 9580 8032
f 6239 5941 6229
f 8788 7690 9078
f 960 1809 2054
f 7765 4957 9148
f 8110 6136 8096
f 11784 11024 12187
f 12212 10933 12211
f 2555 2632 1816
f 11547 10274 11146
f 3496 4401 3513
f 9598 8061 9036
f 13221 6940 7656
f 12515 10672 12762
f 10997 11879 11129
f 11135 11012 11883
f 4329 971 4118
f 4321 4638 906
f 11395 11898 11385
f 3683 4588 2536
f 4159 3859 4909
f 10052 5382 3798
f 2559 2630 2353
f 3931 5532 3616
f 6237 5945 6500
f 12237 12123 6631
f 8275 8310 7180
f 7455 10053 5678
f 1677 2766 2496
f 2094 2085 1826
f 3720 4024 4023
f 7462 11613 7952
f 10867 10085 10084
f 5161 5444 695
f 13172 13006 11474
f 3990 10609 10434
f 10917 13219 12062
f 11310 10178 9896
f 13210 13489 13055
f 12240 9918 12148
f 3450 3507 1226
f 11443 7634 8776
f 33 605 106
f 5854 6121 3217
f 6224 6214 3307
f 12131 13227 13228
f 6676 9637 6967
f 5976 6260 6257
f 5195 5468 5193
f 4579 4275 3980
f 6737 4916 6732
f 1930 783 215
f 5531 5236 5516
f 2962 5872 2949
f 11700 11173 13300
f 4086 3777 4074
f 5054 5345 5047
f 5757 1483 293
f 4248 6292 6824
f 3840 4138 5159
f 592 6054 1466
f 1196 889 4413
f 1739 2001 1259
f 7788 5252 5542
f 8681 9584 9293
f 7364 8245 8515
f 4033 5141 5059
f 2177 2730 2456
f 3133 6066 6053
f 5042 5402 867
f 9577 9574 8708
f 2211 1937 8475
f 6049 5818 2898
f 7431 7418 4655
f 5627 4701 4702
f 3132 6049 2898
f 601 1474 325
f 9253 9553 8039
f 6044 2898 5817
f 10709 11985 11639
f 10377 10408 10544
f 891 1209 4362
f 2133 2227 1953
f 11811 13064 11305
f 10505 10393 10406
f 11921 12762 12725
f 11935 11934 10664
f 8057 6382 6095
f 2974 3262 2981
f 9561 9033 8754
f 13447 12139 11463
f 9588 9306 9058
f 12864 13176 13480
f 13528 13530 13268
f 4959 7753 7040
f 5126 4101 5151
f 2328 3484 2619
f 7972 1129 7973
f 12049 12251 12153
f 13457 13231 12242
f 1759 339 2037
f 7714 3260 2983
f 7586 7585 4853
f 35 1534 317
f 7146 6373 8300
f 6153 5993 8237
f 10263 11530 9939
f 3417 1209 3442
f 11157 6578 11040
f 9642 8780 9068
f 8910 9198 9760
f 6319 7167 2886
f 3036 4939 6751
f 4889 4879 6701
f 3136 8293 2851
f 6643 4855 7667
f 10472 10346 10810
f 3729 5409 5424
f 3729 3736 5409
f 1682 4232 2768
f 1191 5331 3418
f 13125 13278 11555
f 13125 11555 13278
f 1035 4465 3558
f 3167 2919 6912
f 6001 11005 11014
f 5702 10412 10085
f 11021 6004 5003
f 1192 3749 4405
f 12455 8640 2546
f 5762 2886 3159
f 9159 4976 7783
f 2690 2419 12670
f 9023 2335 6370
f 3035 3316 8449
f 4214 5509 5226
f 13294 12901 12874
f 13294 12874 12901
f 6037 5762 3159
f 8631 12566 12437
f 4025 5151 4101
f 5320 3752 4042
f 10741 12833 12589
f 370 1528 112
f 8688 9035 11452
f 8534 9514 7382
f 5245 5523 5235
f 10605 12571 10888
f 7648 6907 9017
f 8810 9388 9670
f 10540 12530 12663
f 3127 5806 6085
f 9648 9083 8790
f 3442 4364 1228
f 5461 7707 6989
f 4781 6661 7654
f 10730 12564 10716
f 12174 11006 11005
f 7626 5819 4873
f 4346 2342 2626
f 1830 2359 2084
f 5666 7487 7957
f 8206 6508 8210
f 12889 7670 2877
f 6976 7697 5444
f 6583 4803 6610
f 2584 1769 933
f 3655 4604 3693
f 8978 8772 8676
f 8676 8772 8969
f 8806 1304 5459
f 27 1531 305
f 4791 6598 6873
f 4653 12417 5631
f 10915 10968 11685
f 7821 9504 8930
f 3785 5376 4083
f 2590 2312 1803
f 7587 2831 4797
f 7844 3459 1181
f 1252 1280 3520
f 7000 7047 7769
f 9842 9623 9350
f 4364 7512 4685
f 12072 13448 13181
f 6341 6390 8083
f 10502 10358 3728
f 12229 9864 12305
f 5634 7922 7478
f 6343 5796 7197
f 10321 10538 10402
f 11630 1970 2245
f 10012 10495 10819
f 9225 7832 5026
f 4456 1007 5163
f 8298 8070 8297
f 2277 4426 3398
f 8979 8674 9563
f 10750 12837 12029
f 9858 9271 9607
f 4788 8976 8677
f 7105 3985 6833
f 2576 1477 2313
f 8578 8572 11590
f 5863 8100 6403
f 4326 3506 3507
f 7443 4685 7512
f 9815 13020 10135
f 5897 8147 6445
f 5512 1067 5222
f 8972 8710 9604
f 9155 4520 9725
f 10913 10937 12075
f 1744 2565 2566
f 7341 8477 8218
f 9992 5650 10336
f 579 45 20
f 10087 3960 10414
f 3534 999 1300
f 10169 8684 9612
f 127 2089 5161
f 5332 4108 5395
f 3561 1031 1323
f 3149 6072 5832
f 5733 10431 10600
f 2290 2009 1742
f 11194 9915 13047
f 13359 12923 12921
f 5338 3730 5102
f 5712 7966 4745
f 6305 6303 6304
f 13175 11508 13505
f 2104 2096 1843
f 1248 2056 2050
f 5033 5359 5360
f 6040 5773 2831
f 11957 10682 8596
f 4598 1440 1130
f 4598 1130 1440
f 37 640 635
f 13331 12886 13329
f 6166 5883 1603
f 12626 4699 11620
f 2452 2169 2451
f 5265 1404 1127
f 5044 5323 930
f 10741 12025 11657
f 3297 6213 3016
f 11290 11178 9916
f 7178 6370 8075
f 8908 9469 8229
f 8498 8533 8264
f 12454 2545 2262
f 13522 13257 13095
f 7617 7625 4827
f 1059 3589 4495
f 12221 10953 11728
f 10169 11448 8684
f 1860 1851 2115
f 2911 5847 6121
f 4302 868 3410
f 9408 6752 9693
f 9301 8778 9604
f 9676 8816 9106
f 8232 7352 8495
f 5349 5083 5127
f 9301 9055 8778
f 515 506 1667
f 9249 8681 8688
f 2324 2590 1803
f 2459 2174 2731
f 13161 12146 10072
f 7881 7493 3508
f 11539 11145 6561
f 4599 3696 4603
f 7217 8358 3206
f 1759 2353 2630
f 3131 8289 8011
f 2444 2165 1906
f 1286 3523 2079
f 10169 13010 11448
f 9685 7009 6736
f 11172 11067 11738
f 9547 9341 9006
f 2901 5830 2926
f 8686 9006 9341
f 4782 6622 7623
f 7640 9331 8761
f 3087 3086 3076
f 3511 995 1291
f 3360 3080 5994
f 594 326 30
f 3340 8484 8491
f 8011 7167 6319
f 12636 11325 11206
f 3427 3779 4331
f 12012 10734 11663
f 12012 11663 10734
f 2840 3137 3156
f 9151 8858 9724
f 473 2437 1634
f 207 1911 761
f 12599 12598 12848
f 987 4417 975
f 9760 6808 7078
f 2200 793 219
f 3295 13359 11365
f 10759 11968 10067
f 8787 9359 7691
f 11443 4836 7634
f 8633 7984 7554
f 10279 13114 11542
f 312 12491 1535
f 10809 10403 10365
f 12379 12394 12627
f 956 1808 1785
f 956 1785 1808
f 11443 10205 4836
f 11812 12914 11871
f 1598 441 1613
f 7427 1183 927
f 8145 2683 2402
f 5520 10411 3906
f 5042 1213 5379
f 10334 7884 10040
f 6802 4974 7072
f 8001 10907 10124
f 5764 5779 2832
f 10799 10046 10834
f 6301 6017 3105
f 10642 11953 10820
f 8811 1315 9382
f 6409 6416 8111
f 5497 3898 5207
f 1454 363 615
f 2030 2350 2321
f 13008 13455 13232
f 9848 9584 13010
f 12262 13502 12136
f 7634 4836 6647
f 10876 10092 10886
f 3040 3327 8853
f 1190 3507 3450
f 6042 2864 5818
f 8121 7232 8375
f 7088 5004 6817
f 7260 8143 8409
f 1062 1348 1924
f 9479 4998 7800
f 591 1492 1513
f 768 480 1643
f 9587 9016 9598
f 11539 8915 13109
f 10494 10403 10073
f 5010 9209 9784
f 6461 6459 7266
f 12958 13393 11042
f 7588 7587 4825
f 889 1226 4413
f 1233 3474 3774
f 3457 375 2326
f 6041 6646 6897
f 1306 1009 3540
f 4543 3623 3627
f 433 5890 6166
f 9551 8681 9326
f 11391 11900 11275
f 5338 3754 3764
f 4555 3647 4252
f 4625 7486 7450
f 8232 8496 7352
f 2853 8293 7140
f 5336 3724 3421
f 6874 7632 6624
f 11634 11633 2235
f 9947 12185 13111
f 4336 3432 3812
f 11426 13015 10199
f 5336 1221 3724
f 9945 10276 11543
f 4663 7931 4704
f 4102 3814 5123
f 7799 9476 8504
f 3131 3127 6085
f 7566 7666 6849
f 2301 1753 619
f 3098 843 7823
f 3479 2320 4391
f 9257 9569 9027
f 8425 7274 7273
f 5519 3907 3915
f 2288 2010 2297
f 2382 1842 2103
f 5237 3914 5521
f 9770 4987 6822
f 1462 21 632
f 7105 5300 5581
f 11257 11372 11134
f 5086 10830 4083
f 12553 10703 10720
f 26 1549 659
f 4106 5135 5147
f 1868 5182 6986
f 1630 4179 2714
f 4846 8060 9597
f 3133 3144 2839
f 2646 1825 2081
f 398 2366 2647
f 11773 12928 11011
f 7724 7004 6728
f 1017 2116 1859
f 4819 7652 5804
f 7897 5686 7454
f 10011 7953 10853
f 10497 10787 10070
f 4343 4353 3444
f 8129 8383 7237
f 10059 12148 7935
f 12008 11782 12810
f 11470 11503 8748
f 10459 10305 10038
f 2087 673 1815
f 5018 6833 5015
f 7129 8317 6353
f 3488 4384 2603
f 2380 404 2666
f 4972 12170 13259
f 11383 13389 11898
f 1515 104 639
f 5801 11750 10995
f 3108 8333 2876
f 9283 7615 6951
f 88 1804 2051
f 577 45 352
f 518 1685 2759
f 4402 4422 3517
f 12691 11646 8623
f 8714 7683 7666
f 5333 7589 1220
f 2365 3530 4431
f 2471 3587 499
f 13534 9952 11545
f 12366 12766 12619
f 9417 8849 8455
f 9162 9745 8881
f 7191 6398 8769
f 8998 8711 9580
f 4340 5678 3477
f 4790 4854 6668
f 3634 4537 2767
f 10500 10840 10014
f 2589 2060 1794
f 183 753 1893
f 6450 429 2403
f 12642 12665 12410
f 5043 5406 1185
f 1179 4358 978
f 11538 13266 13533
f 11721 6101 5826
f 13403 13145 12286
f 8565 11594 11578
f 7626 6902 3157
f 9322 8330 8061
f 1976 2248 1975
f 343 629 1504
f 6604 12097 6607
f 6655 4838 9028
f 3173 3168 6660
f 5767 6039 10944
f 2539 1986 2256
f 5568 3968 4262
f 11163 10235 11118
f 11668 12698 8649
f 2965 8384 7246
f 5640 7922 7480
f 8204 6515 7328
f 2708 2146 1882
f 13290 12893 12907
f 2761 4524 2484
f 1235 979 1251
f 11583 7440 8602
f 6979 3233 7693
f 8037 6365 6375
f 1592 1582 417
f 8824 9398 8832
f 12125 12282 6642
f 10583 10870 10087
f 6832 7101 7822
f 5772 6067 5768
f 7287 6479 8183
f 10403 10074 10073
f 3423 3471 5670
f 9261 8763 9296
f 6632 7624 4814
f 9413 8837 9695
f 11375 8519 7369
f 9768 9459 9458
f 2159 11629 187
f 2526 261 552
f 9970 10832 10041
f 11317 13342 11348
f 7320 8468 6511
f 3091 5990 3376
f 2795 2248 1976
f 8701 9305 8717
f 5491 4190 5208
f 3443 1284 4352
f 4305 914 3441
f 1629 188 476
f 6938 3182 2913
f 9113 6747 4926
f 4611 4665 5595
f 2111 5571 1426
f 4077 5393 5101
f 749 2171 189
f 6328 8058 9582
f 2835 3186 3127
f 5862 6137 5867
f 1791 2606 2064
f 12358 11044 12200
f 5732 7981 7536
f 10800 13491 10541
f 3428 895 894
f 2911 2927 5847
f 8975 9548 4786
f 8637 11657 7554
f 13476 13037 11480
f 7479 11622 7513
f 5957 5956 6241
f 5641 10508 10342
f 8800 9367 8794
f 744 1624 2720
f 12951 13391 10746
f 10456 10748 10129
f 4530 3921 3608
f 4530 3608 3921
f 3066 7795 7354
f 6037 3159 2902
f 13171 12865 13487
f 121 1548 674
f 4849 6685 6953
f 8580 8597 12411
f 12726 12507 10664
f 245 814 826
f 9528 8083 9057
f 8707 8765 9335
f 8786 9352 7686
f 9568 9005 6687
f 2283 12394 2557
f 10997 10998 11761
f 2743 2179 2460
f 3842 4136 5155
f 5219 204 776
f 1028 1034 1320
f 957 1267 1796
f 121 11981 683
f 2489 2798 2803
f 439 1612 732
f 8417 8160 8413
f 2855 5791 6066
f 6757 9699 9130
f 3144 2850 3138
f 3132 2898 3196
f 2036 2053 1786
f 2247 832 261
f 1191 5103 897
f 11423 13053 9828
f 3374 3368 6285
f 60 1494 342
f 9540 8736 9242
f 6604 12260 12097
f 6603 6691 4825
f 196 2723 477
f 6066 5791 6643
f 2568 2312 2323
f 4908 5453 3861
f 11443 13025 11509
f 2160 1895 2170
f 11936 11965 10676
f 2840 13312 3137
f 4448 4149 3847
f 13412 13051 11497
f 11930 10649 10642
f 6637 6939 7646
f 2566 2318 2343
f 8857 9423 9421
f 13444 12238 9911
f 12973 11471 13242
f 2494 801 229
f 2101 1848 2665
f 3390 3105 7384
f 4613 10482 10810
f 4788 6665 6608
f 4092 1523 641
f 6637 7646 6647
f 11422 13241 13457
f 6585 4766 4787
f 8064 8087 6364
f 5923 8175 6200
f 10507 10357 10340
f 6856 13193 13459
f 8451 3322 9421
f 150 143 703
f 1476 316 1503
f 6603 4797 6613
f 6108 2930 3210
f 2501 2766 1685
f 12361 12617 12716
f 2754 2484 2199
f 6098 5809 5823
f 4482 3875 3572
f 7596 6901 6939
f 5629 4685 4696
f 3850 4146 3852
f 1476 1531 373
f 9704 8200 6244
f 9282 8774 9599
f 10261 13093 11524
f 7730 7006 9393
f 7569 4833 6957
f 7595 6900 6666
f 2018 2566 1792
f 8700 9555 9269
f 11670 12457 11668
f 7141 6326 8294
f 7537 4590 4738
f 4463 3559 1328
f 9549 8983 8978
f 5618 12400 4672
f 6799 6794 4973
f 1120 7521 1417
f 3425 2570 4372
f 907 1203 7955
f 2092 677 1821
f 12989 13012 11453
f 8440 7292 7300
f 12532 112 10695
f 6113 3213 8090
f 8037 8064 6365
f 11366 11133 7372
f 2299 1767 2020
f 4755 4751 5736
f 8978 9554 9275
f 1034 3557 1320
f 119 110 678
f 100 3836 382
f 13249 11002 12157
f 681 669 117
f 5643 4691 4666
f 9263 8713 8727
f 4872 9640 6702
f 5267 4237 4242
f 12378 2318 8567
f 8387 7238 8113
f 12728 10348 10635
f 2791 11635 11636
f 8934 9508 9792
f 2290 2293 2570
f 12442 12438 12559
f 1408 1118 1418
f 7032 7044 7755
f 7504 7954 7955
f 8717 9044 924
f 44 1503 316
f 7619 6892 7616
f 3436 4428 4429
f 12467 12637 11930
f 3921 5227 5513
f 4108 5117 5395
f 8015 6375 6365
f 9160 4977 4975
f 242 1963 2221
f 9384 7717 8813
f 7443 7504 7946
f 11940 12742 12539
f 7618 6936 4829
f 9565 6637 4793
f 13314 13329 12886
f 8676 9252 9613
f 8032 9320 8311
f 8284 7192 9634
f 5661 4671 4670
f 2973 3269 2983
f 11420 13026 13044
f 11515 8920 13108
f 903 4337 4109
f 1744 2022 2293
f 6601 3186 6937
f 3745 4066 3799
f 7319 9413 8463
f 97 110 371
f 2943 8374 3238
f 10693 12539 12538
f 5774 6046 4857
f 6607 9851 9575
f 8015 9027 9558
f 9272 9577 8708
f 1619 5188 728
f 4656 4684 7477
f 2098 682 118
f 6342 8324 8039
f 437 2407 6437
f 12597 12846 12596
f 1094 1380 4526
f 474 1638 2728
f 9301 8710 8721
f 288 4128 1451
f 4755 5736 3694
f 12341 11023 11779
f 9653 6715 9365
f 9917 13082 9916
f 4529 4229 3613
f 4993 7078 6808
f 589 1477 62
f 7110 5020 6838
f 1477 335 62
f 12985 10164 11483
f 1384 1087 1383
f 1896 744 2160
f 4194 5203 5204
f 4890 6700 6968
f 2704 1610 1874
f 7387 11385 8539
f 9260 9607 8691
f 12527 11970 12780
f 7593 7640 6873
f 599 81 1524
f 12512 12531 12759
f 3894 3889 5482
f 5800 5839 4852
f 3144 106 2850
f 4937 7735 7019
f 487 193 1646
f 9097 9667 9672
f 13108 8919 11535
f 1154 3694 1445
f 5343 5063 5395
f 1171 888 1234
f 10777 10018 10498
f 6654 6924 6944
f 11309 11072 11854
f 9629 9340 6946
f 11694 13313 10933
f 8684 13062 9264
f 5945 6224 3018
f 608 65 1800
f 8986 9558 9027
f 10144 9818 10156
f 4607 3698 5741
f 9272 6889 9577
f 2763 1687 522
f 9577 9054 9574
f 3877 3873 4177
f 5667 3508 4708
f 6829 9784 6827
f 1463 333 1480
f 1811 2360 1810
f 10168 9903 11505
f 8108 8116 6421
f 4199 5511 3907
f 7455 7922 5679
f 9301 8721 9055
f 8226 6526 8217
f 6874 6624 6672
f 9317 8749 8750
f 1194 987 901
f 13085 9492 11375
f 7621 7668 4865
f 3460 4425 3519
f 11082 10963 12151
f 10764 7870 7500
f 590 65 40
f 3261 1593 715
f 7149 8351 8087
f 12862 11706 10929
f 5112 82 646
f 6213 8422 8425
f 5290 1424 5572
f 4373 2332 3496
f 2224 1968 1404
f 2127 156 2976
f 10750 12594 12837
f 9730 9151 8863
f 9730 8863 9151
f 722 3253 159
f 1194 4417 987
f 12817 10722 12009
f 590 40 52
f 4662 4663 5644
f 9195 9194 8886
f 13052 11510 13056
f 3131 6085 5805
f 2016 600 30
f 4335 3450 3449
f 2284 2309 2578
f 9569 6876 8986
f 1167 7173 2055
f 3588 3584 4494
f 4666 4691 5679
f 7600 6911 7632
f 12629 11624 11591
f 8561 11581 11604
f 5983 6005 6290
f 12084 12250 12261
f 6973 7686 6967
f 4904 7699 6717
f 10176 9907 10205
f 1633 184 479
f 1630 1639 3886
f 7029 8854 9426
f 11187 9871 13039
f 1146 3678 3982
f 4968 9166 12167
f 11395 11151 11383
f 6888 4875 6690
f 11196 5816 8016
f 4864 7686 9352
f 5645 4666 4659
f 6343 7197 8301
f 4068 4065 3784
f 6143 5862 5867
f 11290 11121 11210
f 10706 11987 12547
f 6570 6016 8261
f 3224 2946 7229
f 4343 3444 3735
f 6875 7631 5117
f 4813 6692 6694
f 3920 5514 794
f 1339 1049 1043
f 8268 3388 8266
f 10952 12763 11757
f 3539 4450 3534
f 12554 12543 12800
f 2795 2528 2248
f 8008 6029 5770
f 13391 3385 8524
f 2154 2428 1883
f 6684 6969 4869
f 2258 279 848
f 3139 3159 2851
f 13438 13169 6863
f 11021 6291 6004
f 3409 4346 3778
f 9706 9696 9133
f 977 1801 2634
f 6703 4880 6699
f 7525 1125 7969
f 2751 1934 2194
f 1196 896 1206
f 6202 8178 5923
f 7016 7019 7735
f 9858 13056 10240
f 9694 1344 9405
f 5059 5363 5066
f 5840 3195 2909
f 9409 9118 8836
f 3285 3278 2994
f 3285 2994 3278
f 5551 5273 4253
f 9646 9075 6702
f 7068 7064 7783
f 10619 10617 10448
f 12026 11661 8640
f 8059 6384 2618
f 6606 9674 9101
f 5199 5476 5202
f 4033 4874 6605
f 1494 96 1513
f 9289 8697 8291
f 3147 5792 6070
f 7960 7959 7518
f 11397 11279 11394
f 11397 11394 11279
f 1494 1513 342
f 1338 1341 1048
f 8006 7186 8279
f 10757 10023 11918
f 4029 4421 988
f 1522 1528 370
f 6878 6936 7618
f 7446 4408 4705
f 1756 604 2065
f 8063 8343 6362
f 3383 6836 6302
f 10583 10098 10870
f 3751 2299 320
f 749 1896 2171
f 8554 7474 11600
f 8846 8454 7314
f 2992 5905 6180
f 1618 1609 730
f 593 64 53
f 8489 7349 3341
f 5172 4456 4152
f 8204 9706 9133
f 10335 10846 10552
f 6524 7324 6517
f 2134 1883 2428
f 13219 13214 13487
f 8254 6567 6572
f 11141 11135 11254
f 4373 2596 2332
f 3131 5805 2849
f 4037 3811 5079
f 9926 10253 10252
f 6167 413 1588
f 2435 459 2702
f 8473 8211 6518
f 3325 3026 3024
f 2965 3243 8384
f 7895 7448 10793
f 750 2156 1890
f 10457 10550 10349
f 4844 4835 6644
f 12811 12004 10717
f 1091 4525 1378
f 258 829 256
f 9648 8790 9358
f 7137 2295 6330
f 8365 1829 1817
f 9513 8938 9217
f 6096 5814 6111
f 5775 6324 7196
f 7596 6939 4857
f 7596 4857 6939
f 3643 4555 4250
f 7026 6756 7740
f 10644 36 10946
f 9764 8894 9179
f 8264 6572 6567
f 3939 4229 4536
f 7897 10020 5686
f 3684 1427 4588
f 3259 7715 2980
f 723 1865 8396
f 3529 2362 2640
f 12061 10953 12221
f 8680 9030 9573
f 9266 8697 9289
f 6209 8168 6205
f 1836 2098 1842
f 9937 10258 12179
f 5061 10794 1271
f 13377 12942 12002
f 10629 11947 10682
f 6547 6561 8252
f 13518 13255 13517
f 1150 4279 3695
f 6439 8128 6152
f 5703 1396 7961
f 4579 1138 4275
f 11668 11666 12825
f 3878 4177 1627
f 3405 2322 2573
f 7256 1859 150
f 3576 2729 4490
f 7379 8526 8531
f 12393 12658 11618
f 1199 894 895
f 3046 7346 3335
f 10422 12556 12808
f 1059 4495 1346
f 9945 13101 9489
f 13435 13183 13161
f 7879 8603 5669
f 3536 4140 3840
f 2933 3217 2927
f 11860 11338 12892
f 13317 12904 11344
f 4300 3420 4344
f 10999 12922 11762
f 7372 11133 6295
f 7597 7615 6898
f 13537 13276 12191
f 10315 10476 10843
f 704 696 1572
f 2875 7196 7197
f 13426 13442 13165
f 296 1532 12749
f 8455 7316 7301
f 7467 10547 10839
f 7726 6729 7725
f 9139 8194 9710
f 10796 10081 10863
f 7866 1184 7488
f 6425 6419 7232
f 9689 6741 6744
f 4616 7893 5647
f 11409 13040 7434
f 11292 11711 11200
f 3218 5845 2926
f 5713 2234 8617
f 11019 11025 11781
f 6528 8224 5970
f 13457 12242 13048
f 11944 10851 12784
f 10412 4220 10578
f 2680 2393 12424
f 4106 3810 3792
f 9078 4888 4892
f 11319 12905 11835
f 10588 10420 10097
f 1306 3540 2116
f 13181 13224 13448
f 13181 13448 13224
f 4792 8939 7834
f 2024 601 40
f 6109 6120 3211
f 8447 8183 6487
f 48 324 2293
f 10870 10098 10087
f 4007 3750 3758
f 11195 11114 10197
f 7299 8435 3017
f 7166 6072 8312
f 3642 1112 4554
f 6406 7215 8094
f 5774 5806 6046
f 4667 7499 10849
f 7122 8316 8303
f 246 826 540
f 2128 1866 2139
f 1894 1890 2156
f 8652 11669 8644
f 8652 8644 11669
f 4171 4170 3869
f 6882 6892 7629
f 11430 11839 11335
f 12220 13466 12247
f 8299 7148 3138
f 597 39 1748
f 1679 12829 2820
f 3847 1292 3533
f 7016 4927 7019
f 9683 9680 9676
f 6328 5793 6075
f 3167 8329 6929
f 9229 9523 9804
f 5353 1206 896
f 10487 10390 10014
f 13096 11533 10262
f 11653 8634 8630
f 9572 4793 6612
f 10934 11701 5761
f 9793 9221 9509
f 9668 9098 3551
f 561 274 844
f 12081 12151 12301
f 1363 1069 4508
f 10436 10109 10899
f 10436 10899 10109
f 3072 3373 3089
f 3733 4066 3494
f 11407 12122 13145
f 1229 3472 5368
f 11292 11200 11068
f 1896 2160 1903
f 1244 5378 3492
f 6091 8055 5812
f 3465 3763 3806
f 75 340 1505
f 78 2049 653
f 875 1741 1264
f 11462 13077 11334
f 4787 12082 5842
f 5947 3314 6225
f 3734 4393 10571
f 909 4037 5079
f 10263 13099 11530
f 56 52 325
f 4348 4037 909
f 7284 8420 3283
f 610 2020 1749
f 10877 10087 10098
f 7888 11840 8582
f 10363 10524 10073
f 6236 6762 6234
f 10893 7544 10599
f 3028 3016 5937
f 6990 5185 7705
f 3968 5283 4262
f 8347 8094 7206
f 12348 12192 10283
f 4665 4695 5654
f 7147 2846 8341
f 13002 11444 10199
f 5645 4659 7439
f 12194 10283 12192
f 1442 4596 3689
f 10090 10417 5559
f 613 68 598
f 7648 2893 6923
f 518 3619 3935
f 8477 8212 8467
f 3143 7157 7172
f 12618 11579 8557
f 5599 12606 4677
f 2855 8995 4845
f 11282 11161 11281
f 8996 6666 9591
f 9212 9501 1422
f 2500 2218 1946
f 1807 2063 2359
f 2406 6435 1597
f 2364 2354 2631
f 2025 1750 1792
f 5755 6068 5789
f 12367 8581 12660
f 3444 4061 3735
f 5264 5538 5256
f 1617 1879 727
f 11983 187 11629
f 9803 9517 9220
f 1475 72 627
f 9546 10159 9888
f 518 2759 2486
f 3951 4999 5542
f 6472 6189 8151
f 3444 4355 4061
f 8559 12420 11593
f 7896 7514 985
f 5803 9022 4851
f 9284 6939 6637
f 1420 1129 1419
f 1420 1419 1129
f 4050 3742 4342
f 8018 6336 5780
f 5555 1409 1126
f 3973 3667 4571
f 10669 11964 12766
f 617 1505 57
f 7415 4718 7927
f 910 896 5140
f 5745 5765 6027
f 2205 2475 2197
f 6266 5970 5975
f 1675 1674 226
f 10197 13045 9917
f 10115 10890 10114
f 10729 10716 12564
f 5072 5347 897
f 9948 9943 13103
f 10875 7526 11634
f 910 5140 980
f 2094 676 1822
f 8998 4857 8696
f 3713 4058 3762
f 7544 7533 4744
f 13131 11909 13401
f 12984 11484 10149
f 5470 3868 5194
f 12172 5995 11009
f 7256 2970 3266
f 562 3382 6303
f 2338 373 3811
f 6708 7695 4897
f 2674 2385 2107
f 12253 9895 10222
f 11900 11386 13124
f 6787 9738 9166
f 6614 6881 9555
f 157 163 725
f 4301 4126 899
f 9993 10778 9989
f 13203 10172 12093
f 3847 3533 1297
f 3415 4367 4327
f 5941 3015 3301
f 915 901 1279
f 9111 9682 9677
f 4106 3792 5396
f 1211 905 5103
f 9410 9121 6489
f 6143 5867 3241
f 5348 1203 903
f 2182 2457 2721
f 9000 4874 3439
f 8992 6693 4876
f 8242 6547 8241
f 13225 13491 13490
f 12182 12187 12339
f 4222 1100 5239
f 7522 10868 1126
f 8037 6100 8064
f 4797 5773 6050
f 762 1639 478
f 8042 6345 8048
f 10894 7989 7553
f 11655 12017 8636
f 12042 10391 12276
f 13218 13217 13486
f 9860 10187 11111
f 1935 2200 1930
f 5775 7196 2875
f 13130 9963 13546
f 4550 1108 3635
f 9545 9018 9019
f 1670 222 507
f 9562 6889 9272
f 8617 11646 4741
f 628 1800 2067
f 5925 6203 8174
f 8037 5802 6079
f 10653 11958 11978
f 9370 9656 6981
f 48 2293 2022
f 3813 4429 4130
f 10582 10431 3983
f 13206 13486 13052
f 3949 3636 5539
f 9152 8855 4958
f 6877 9331 9313
f 11288 11859 11208
f 2822 2547 6571
f 1502 2599 346
f 13550 13401 12963
f 4065 5079 3819
f 4040 4396 5102
f 4823 9040 6641
f 3435 937 3434
f 7247 8119 8386
f 8999 4871 6961
f 7224 6408 8118
f 9278 9277 6918
f 2849 5805 6373
f 8565 12665 12405
f 679 109 384
f 11424 13043 12978
f 2471 1927 1058
f 9696 9124 8830
f 2938 7211 8362
f 2016 326 2309
f 9265 6905 6641
f 3643 3956 5557
f 3903 1651 493
f 10912 10453 10134
f 4 12631 9
f 12780 11980 10696
f 7379 8531 8259
f 608 1800 628
f 5678 3826 3477
f 2653 1561 395
f 7354 7353 8501
f 8692 9275 6891
f 12962 11043 11045
f 3110 3157 2841
f 12832 12586 12828
f 926 4420 9327
f 8987 4861 13216
f 9290 7631 6911
f 5448 5167 4154
f 9290 8699 7631
f 7836 8954 7116
f 56 329 52
f 1108 1390 1098
f 272 10732 12020
f 515 1667 4216
f 9290 7600 8701
f 8234 9180 9759
f 1335 4472 3567
f 908 9308 4376
f 1171 1234 935
f 3510 1288 1818
f 1062 1070 1929
f 3753 3449 4345
f 12162 13252 13513
f 1312 4454 3550
f 6345 2603 8048
f 4616 4706 5682
f 9559 6678 8987
f 6653 6934 4829
f 8703 7599 9303
f 3981 5286 5575
f 12917 13354 2936
f 3263 5901 2986
f 9855 11203 11085
f 208 762 198
f 3728 10020 5359
f 9006 8710 4817
f 11669 11656 12024
f 11669 12024 11656
f 5209 5490 3893
f 11715 11106 11743
f 7608 6893 6918
f 7991 7550 10897
f 7991 10897 7550
f 9677 9108 9389
f 7384 8264 8533
f 8271 8269 8530
f 4806 6678 9559
f 3653 4582 3679
f 11567 11614 12411
f 11554 13541 13123
f 3606 4517 1077
f 8308 8067 8080
f 12463 10752 8654
f 915 1279 5430
f 11989 10704 11987
f 299 614 1507
f 299 1507 614
f 2895 3199 6115
f 10042 7919 10688
f 7147 1758 602
f 4550 3654 2515
f 2854 3143 7172
f 8563 8557 10661
f 13551 13550 13287
f 7773 6776 4971
f 9259 8709 9292
f 9384 8813 9388
f 4041 3739 3472
f 11029 11030 13382
f 4347 4041 3472
f 7176 6363 8073
f 13149 12272 13187
f 8214 6245 5959
f 13375 11015 11780
f 7435 7957 7935
f 9303 6898 7684
f 3002 3284 3281
f 12377 11605 7918
f 12340 12184 6824
f 8361 2923 7204
f 11262 6560 8253
f 10955 10976 11732
f 12498 12773 12742
f 8204 8466 9706
f 9362 6980 7694
f 5552 4237 5267
f 4527 3615 4521
f 2152 2703 2429
f 6619 7611 4799
f 259 548 1709
f 3439 3765 5371
f 12573 10719 12816
f 12683 11633 8618
f 8543 7391 7390
f 567 280 850
f 9985 7454 4695
f 13019 10179 9915
f 3609 4513 1073
f 4343 4043 1486
f 4343 1486 4043
f 9484 9742 8888
f 7221 5862 8378
f 4281 4290 4603
f 1116 1124 1415
f 9748 9171 9167
f 8999 9560 9286
f 8999 9286 9560
f 12281 13478 12115
f 1217 9000 3439
f 11893 11548 11380
f 11428 7916 10170
f 5352 5132 5096
f 5015 6833 4282
f 6061 2873 5796
f 493 199 1645
f 5472 5192 1332
f 3039 4941 5956
f 107 367 1538
f 2602 2316 1778
f 11715 11220 11106
f 9703 8465 8208
f 2690 8137 2412
f 623 66 1487
f 8925 9507 7822
f 4503 2743 1921
f 8756 9340 8770
f 7026 7740 7023
f 2864 6062 5776
f 7026 7023 7025
f 8026 6340 9041
f 13380 11779 12940
f 8864 4953 9145
f 13155 12101 12298
f 5657 4667 10050
f 5358 3787 3502
f 2491 1672 2481
f 4760 10608 7557
f 4275 4273 3980
f 9178 4986 9755
f 647 5397 5149
f 10687 12775 12528
f 2298 337 63
f 749 745 1896
f 5366 5092 5081
f 9998 10061 7939
f 2745 9709 4500
f 6328 4798 5793
f 4335 1216 886
f 10652 10651 11956
f 7764 4952 6772
f 9443 8874 7064
f 6892 4834 7629
f 5907 2985 6175
f 8501 6538 8233
f 2577 2028 2305
f 13162 12142 13497
f 6996 7713 5179
f 6740 4919 4920
f 527 4535 1683
f 7873 7505 7515
f 6109 3211 2927
f 155 2670 708
f 11090 11225 6333
f 10413 10589 10426
f 4800 6926 7644
f 1064 1926 1925
f 7813 6008 5007
f 13126 11556 9521
f 1560 386 1549
f 8691 7611 11491
f 9320 8743 8311
f 6149 3241 2955
f 6669 4858 4867
f 12100 13486 13217
f 2862 6955 7614
f 2446 2444 2454
f 3223 6138 2947
f 1316 1142 1140
f 7370 9492 8913
f 6326 6331 8019
f 12484 12747 10668
f 3909 3908 5508
f 3767 4071 3789
f 7910 4720 7466
f 12694 12450 5737
f 13357 13355 12917
f 12512 12759 11950
f 2472 1059 1928
f 4062 4125 3825
f 7443 7512 7954
f 11427 12995 9839
f 4989 7786 7074
f 4800 6610 6926
f 3963 1419 10094
f 6629 6907 4819
f 1646 755 484
f 105 5143 5142
f 6577 7374 7376
f 7032 7749 7044
f 12519 12765 12533
f 10955 12264 11746
f 1406 4541 1114
f 10758 10783 10071
f 3424 321 2285
f 4201 2466 3594
f 13316 13240 12912
f 10393 10079 10406
f 4091 1521 642
f 9665 9089 9375
f 7093 7803 9492
f 3224 8361 7224
f 2573 12644 4692
f 8879 9167 9738
f 908 1220 8732
f 4552 3646 3962
f 13133 10968 13311
f 1441 4605 3687
f 10496 10389 5658
f 7989 5721 7542
f 8768 9346 9614
f 3549 4453 4155
f 7889 7442 11584
f 2024 608 628
f 9282 9606 8774
f 3130 6867 6597
f 2400 6434 5884
f 5862 8098 6137
f 11841 11462 11334
f 5013 6830 6296
f 11326 11225 11842
f 12921 13362 6220
f 3878 1627 2448
f 1050 2727 2166
f 3715 4025 4104
f 3584 1342 1048
f 5621 4634 7429
f 9675 8817 9387
f 4727 4568 3685
f 10497 10026 10861
f 5257 5250 5532
f 1189 879 7437
f 690 139 396
f 9243 11323 8280
f 12633 11589 8575
f 5466 5187 5185
f 8016 6073 6319
f 6918 7663 7664
f 11474 10224 12153
f 10273 10272 9948
f 5521 3914 10083
f 8576 7501 7938
f 9337 9065 8766
f 5776 2902 5817
f 4672 7956 5698
f 607 2036 1751
f 607 1751 2036
f 9653 9365 9079
f 4030 5048 4115
f 6612 10205 9907
f 8612 12436 12675
f 705 147 1575
f 10348 10838 10054
f 5733 10600 4748
f 5355 3816 4109
f 5897 6445 2974
f 4556 4563 4727
f 6786 6781 4967
f 8024 8307 6337
f 4612 7464 4681
f 5072 5377 5082
f 8294 7173 8338
f 8504 8235 6542
f 4593 3686 3692
f 4550 2515 2777
f 6056 4812 5841
f 12218 12057 13461
f 2716 2448 468
f 6881 7617 6896
f 4690 10610 10439
f 4690 10439 10610
f 3259 2982 2969
f 9192 9779 9489
f 265 836 837
f 12281 12891 13478
f 1440 3662 4590
f 265 3378 836
f 5077 910 5358
f 8191 8182 8444
f 800 2213 1947
f 910 5127 5358
f 9708 4957 6764
f 10802 5081 10018
f 13150 13492 11495
f 7777 3054 6529
f 4775 7578 6857
f 5074 5425 5085
f 4338 3505 4423
f 1441 4594 1149
f 6614 7629 4809
f 8048 4384 9605
f 9283 8700 8712
f 2538 1723 2813
f 4852 9624 6684
f 6616 6626 6889
f 4646 5655 4684
f 11645 12686 12687
f 11645 12687 12686
f 9592 9017 6907
f 11391 11386 11900
f 5072 1261 5377
f 8996 9632 9005
f 2374 2384 2661
f 2298 2307 2582
f 2410 2696 2418
f 8025 8081 6389
f 4635 5619 3500
f 6650 6913 4834
f 11395 11277 11151
f 496 206 767
f 2032 2305 2028
f 13271 13530 13528
f 5083 5358 5127
f 2102 1847 2667
f 11260 11130 12678
f 9801 6842 8270
f 5361 4107 3803
f 12988 11500 13059
f 3480 2337 4386
f 854 567 283
f 11045 12958 11042
f 11136 11133 11255
f 8386 8119 8111
f 11947 12634 11602
f 7144 8296 7153
f 3740 5078 331
f 11267 11148 11788
f 2298 2582 337
f 3152 5804 2887
f 6026 6043 5753
f 7461 7906 10071
f 4531 2482 3611
f 3841 4436 3521
f 2299 2575 1767
f 10349 10550 10842
f 13015 13071 7510
f 9733 9725 8863
f 4767 4082 3788
f 1211 961 1262
f 3147 6947 2906
f 8990 6682 9557
f 11445 13069 13192
f 13159 4856 8679
f 7136 8348 8297
f 1245 955 1785
f 9591 8761 9314
f 2300 2584 4388
f 5351 5136 3762
f 8036 6086 3160
f 8967 10157 4796
f 10431 4756 4290
f 5459 1304 5172
f 9130 9695 9406
f 9187 6812 9763
f 4550 3635 4549
f 3366 3376 3091
f 13010 11464 11448
f 10677 11972 10692
f 5111 5098 5380
f 11729 10956 13340
f 12644 3459 5673
f 10270 9946 9951
f 4202 5510 3912
f 10025 10035 10813
f 6060 3148 6117
f 3875 4169 5473
f 6616 4876 6662
f 2672 2114 1850
f 10079 10569 10406
f 8130 8121 6424
f 1501 52 329
f 2226 2503 2771
f 2226 2771 2503
f 743 453 172
f 2554 8008 6330
f 8241 8252 6559
f 3360 3069 3358
f 6632 7671 6947
f 8725 9318 9593
f 7406 4716 7515
f 6269 6001 6002
f 1450 53 2564
f 9479 9765 4998
f 12843 12589 12591
f 11904 11155 11276
f 2131 2694 1607
f 7827 5018 7104
f 5663 7904 5662
f 8996 6608 4794
f 1584 698 2677
f 9513 8939 9219
f 6237 6224 5945
f 12740 11969 12782
f 49 628 667
f 8547 11611 8598
f 5796 2873 7197
f 11453 11315 12994
f 15 5341 615
f 5586 4284 3986
f 10350 4075 3771
f 13367 11769 13366
f 8739 8761 9331
f 7460 7459 4689
f 7460 4689 7459
f 12029 12826 12699
f 10180 12910 12140
f 854 1730 567
f 5281 5299 1438
f 4051 3751 4062
f 248 3370 820
f 5439 5156 994
f 6921 7638 7624
f 2300 2308 2584
f 11095 10184 9859
f 1914 2724 2179
f 9646 6702 6707
f 7587 4797 4825
f 7970 1126 1414
f 12598 10751 12039
f 2024 628 1765
f 949 1254 4396
f 254 825 1703
f 4802 6629 6617
f 12369 8579 11598
f 780 791 212
f 28 336 335
f 845 275 274
f 6202 6200 5914
f 10959 11756 11733
f 9285 6883 7605
f 2308 2313 2583
f 12216 13026 9825
f 154 705 423
f 8970 3519 9600
f 3606 1366 5512
f 553 1712 839
f 13536 12343 9951
f 8717 924 1218
f 11560 10291 11557
f 6056 5790 8040
f 7616 8713 6941
f 9492 9491 8913
f 6897 6646 6672
f 6619 7618 4818
f 2249 11261 11140
f 2853 8300 3149
f 579 2023 45
f 7396 7871 7889
f 3071 3362 5973
f 9093 9663 9090
f 1235 1251 954
f 10531 10392 10572
f 5024 6568 8943
f 12200 13544 12357
f 2744 4507 1069
f 8314 7194 8044
f 13186 13460 11465
f 4835 7663 6644
f 6008 3094 3378
f 2826 3110 5819
f 10803 10569 10532
f 31 602 38
f 11995 12003 10701
f 10708 11990 833
f 435 1603 5883
f 6869 5342 7602
f 11913 12754 10628
f 10937 10930 11702
f 3843 4142 4135
f 2178 2451 1911
f 249 1697 818
f 884 904 1200
f 10306 5694 10493
f 941 2058 1793
f 7382 9221 6573
f 6616 6889 9562
f 2229 2511 3648
f 13321 11756 11328
f 9437 8215 9430
f 11511 13504 13245
f 6063 6058 5784
f 5385 88 1251
f 10186 9919 9918
f 609 1484 1524
f 12213 11690 10937
f 11531 13099 10263
f 3753 4063 617
f 7566 4774 7598
f 533 1696 540
f 89 646 657
f 7743 7034 7038
f 12174 12335 11006
f 12168 4967 6786
f 12168 6786 4967
f 8999 4806 4871
f 8664 13193 7679
f 460 1614 2701
f 6865 6962 6596
f 3413 975 4417
f 13322 11728 12912
f 1886 2699 12672
f 10230 11232 12144
f 12964 11424 12978
f 8702 9298 9329
f 9572 6612 9907
f 7608 6891 6628
f 12085 13449 13201
f 11393 11905 11674
f 6887 7661 6642
f 3450 4345 3449
f 12207 13163 13450
f 11212 11845 11097
f 2224 1954 1968
f 13550 12963 13287
f 4348 4390 3463
f 385 1550 382
f 5811 6105 6108
f 12790 4206 10576
f 13218 12117 12284
f 1755 2577 2305
f 6785 5962 4960
f 2027 1812 1769
f 1506 1535 12774
f 8119 3238 8374
f 8773 9066 9639
f 3297 8422 6213
f 9004 8708 9574
f 8822 7729 9391
f 159 2131 726
f 4293 1158 4604
f 2209 806 1941
f 4054 4063 3753
f 13131 13286 11562
f 8903 8901 9765
f 400 2369 2379
f 3407 3822 4133
f 11267 11028 11785
f 9497 9496 9785
f 6606 4917 9674
f 5946 3014 7295
f 1626 743 1625
f 12051 10918 10206
f 8631 8635 11656
f 1510 4114 359
f 8645 10901 12020
f 10176 12310 9907
f 12968 9237 11414
f 7575 13442 6854
f 9280 9029 8742
f 5863 6403 5853
f 1460 2292 2310
f 5241 5517 5238
f 9000 9581 9007
f 12055 13223 13180
f 4584 2805 1143
f 3464 4351 3494
f 12087 10241 10203
f 8007 6068 5755
f 4821 12310 12110
f 5352 5091 5132
f 570 1731 12582
f 2854 3150 2865
f 2491 516 2756
f 10151 13068 9896
f 808 234 1947
f 8993 8763 9012
f 1757 1761 2065
f 9995 5081 10802
f 6409 8111 8374
f 1196 4413 3506
f 4054 5089 3833
f 1229 5082 919
f 12997 13445 13205
f 11176 11194 11108
f 10545 12521 10401
f 7421 7931 7508
f 9734 9452 9454
f 3364 8499 8230
f 1217 917 926
f 2068 2631 2354
f 4846 9597 9026
f 13188 12109 13447
f 2103 2098 1833
f 11803 11309 11854
f 7097 7815 7821
f 9399 6736 7007
f 4505 2468 3596
f 457 3872 3561
f 8521 3095 1972
f 3201 8344 6124
f 613 1485 6090
f 10270 9951 12343
f 3476 4386 3489
f 7228 5855 6407
f 3779 4121 4406
f 11299 12976 11817
f 13130 11560 13125
f 11099 11098 10188
f 11559 9965 10290
f 4597 3692 3686
f 9545 8961 9544
f 3941 5253 5538
f 3973 3668 3667
f 5865 7215 6406
f 9790 8926 8927
f 7143 6338 3184
f 12965 10148 11407
f 466 457 1621
f 5504 5225 5511
f 10540 10385 12777
f 7740 4934 6750
f 4674 7480 7921
f 6669 5825 4858
f 9134 9697 9408
f 181 2167 1899
f 12205 12077 13469
f 8955 9518 7115
f 6492 8184 6489
f 3513 3518 1290
f 3354 5978 3065
f 10258 12176 10264
f 4011 3755 4409
f 4471 3559 1032
f 13292 12857 12865
f 8186 8436 3303
f 6812 4995 9763
f 3126 7582 3121
f 3120 5823 6055
f 5256 5253 5533
f 414 1571 702
f 11096 11487 10174
f 4734 5726 12674
f 1579 697 138
f 3643 4250 3956
f 898 4429 3524
f 4348 3455 3497
f 3949 4256 3636
f 10090 5559 5274
f 10599 10879 10428
f 6849 6589 4774
f 747 1899 176
f 3453 1243 8706
f 9859 10212 10241
f 6622 4863 6959
f 8014 8295 7139
f 1960 2230 2229
f 7791 7075 6803
f 7791 6803 7075
f 9806 6845 9230
f 56 636 329
f 7085 7792 4984
f 9076 8790 9657
f 350 3483 2319
f 2062 383 95
f 3785 355 4092
f 10200 10230 9861
f 2326 375 2047
f 2656 3542 2386
f 9112 9105 9673
f 11593 8595 11610
f 750 2708 1629
f 8686 9341 9277
f 9288 13025 6956
f 8809 9097 6999
f 9556 6657 9633
f 1189 7437 7881
f 5171 4151 5450
f 3050 5970 7347
f 7850 5604 7464
f 186 2436 2155
f 13090 9467 9932
f 6107 8084 11238
f 6302 5016 6299
f 8101 8359 8099
f 13468 13222 13223
f 5041 5404 944
f 13409 11708 13298
f 184 1904 756
f 2026 1760 2080
f 2975 2985 3270
f 12800 10722 12815
f 1273 4415 976
f 1313 3552 4458
f 4578 9211 1132
f 11676 8648 11664
f 10928 10972 12896
f 9007 8716 9298
f 13424 13227 13199
f 3900 4192 3896
f 9587 9064 9298
f 12554 12815 12801
f 5418 3834 5133
f 8372 8370 11358
f 12331 9923 12325
f 10093 5276 5563
f 12394 4699 12626
f 10877 11992 5275
f 10710 12571 12003
f 6797 4975 4977
f 4942 4936 6752
f 9405 8826 8829
f 7915 7467 10839
f 2504 2219 1949
f 11675 12709 12462
f 1662 284 571
f 1501 65 52
f 3258 2977 5893
f 5330 879 1189
f 646 101 657
f 9768 9458 9758
f 693 687 134
f 3993 5566 4278
f 8999 9583 4806
f 2931 3210 2930
f 4753 5738 4752
f 11777 11025 11019
f 5896 5898 431
f 6548 8253 6560
f 11390 11389 13394
f 8108 6410 8116
f 9152 6525 8855
f 4062 1490 650
f 10013 10076 10843
f 5367 1227 5093
f 10278 10277 11544
f 2865 3150 6069
f 10062 10572 10392
f 9572 9049 9565
f 1331 3559 3565
f 1937 2752 8209
f 7060 8902 7800
f 9362 9660 6980
f 4392 1284 958
f 3131 8011 6073
f 3154 6955 2862
f 7146 7140 2849
f 4352 1244 3492
f 7395 4672 7909
f 2056 977 1256
f 8961 8679 4856
f 1766 2317 7150
f 4352 946 1244
f 9229 9804 9225
f 13115 13275 13536
f 4771 6671 6683
f 7154 7195 6337
f 9934 13258 12177
f 4676 10515 4711
f 7156 8036 8313
f 615 363 69
f 6499 8187 8447
f 6092 3197 5833
f 4354 3455 938
f 5011 9504 7815
f 4814 6891 6627
f 2554 6330 2295
f 13406 13176 12281
f 5060 5368 3739
f 7071 6801 4977
f 4813 6694 4058
f 1487 359 86
f 2149 2696 2422
f 5082 5377 4098
f 11569 8589 12406
f 1357 3602 4503
f 5781 2882 6086
f 11769 11008 12927
f 2585 1770 2078
f 7307 6491 6498
f 4072 5358 5083
f 6242 6520 5960
f 11330 11113 11229
f 11263 9205 6559
f 2870 6669 6906
f 4198 1659 498
f 6059 2867 5782
f 8726 9041 6340
f 8042 8048 6358
f 8758 9342 9624
f 9010 8744 9003
f 11060 11331 11852
f 6889 6626 9577
f 723 729 164
f 3007 7280 11880
f 2076 983 1277
f 5783 6119 3158
f 11931 11608 11603
f 4484 3878 2448
f 2339 2607 2333
f 6628 4814 6908
f 3325 5954 6240
f 12470 10952 12751
f 1753 1494 619
f 9529 9897 6590
f 328 92 327
f 10755 10760 9974
f 3766 3768 5083
f 5059 5141 3760
f 8463 7324 8467
f 10812 5085 4074
f 579 77 2021
f 10280 8932 11545
f 1489 624 67
f 7426 921 7938
f 12159 7748 6767
f 7850 7465 11594
f 2307 2074 1768
f 9710 8194 9702
f 3674 3670 4574
f 8992 4876 9562
f 3051 5969 7339
f 3147 6070 6903
f 519 2214 2770
f 437 1600 1608
f 9580 9003 8744
f 9580 8744 9320
f 7224 8361 2934
f 1565 408 397
f 1150 3695 4595
f 10266 10274 9949
f 13029 13471 11469
f 5451 5172 4152
f 9146 9713 9423
f 13472 6642 12282
f 11630 11990 10705
f 4241 4240 5259
f 592 33 106
f 5956 6754 6241
f 7471 4698 5695
f 8714 7666 6905
f 1741 2037 1264
f 6074 6119 3208
f 4852 5839 9034
f 6498 7298 8191
f 7379 8259 6566
f 8724 7664 7663
f 3152 2867 6059
f 3730 5332 5395
f 7865 7468 7877
f 10470 4709 10560
f 12776 1526 12521
f 870 1232 5064
f 10979 11759 10988
f 13090 11522 9757
f 8032 7158 6339
f 8687 7623 6915
f 6632 6903 7624
f 1129 1123 4561
f 8906 9174 9746
f 7620 4828 4816
f 9773 9198 8910
f 6340 5783 2866
f 13368 13366 12927
f 3021 3009 3299
f 2027 1769 2584
f 1256 2605 2050
f 5397 3830 3829
f 2027 2584 1812
f 12797 12551 1704
f 6896 7617 6645
f 10035 10370 10533
f 6529 8223 8215
f 6380 6397 7190
f 57 1505 338
f 3400 4309 892
f 1085 3603 1377
f 11993 823 1703
f 5599 4678 7463
f 6171 1590 5894
f 12351 12193 9957
f 10583 10414 4255
f 8221 6525 9152
f 2704 1874 2142
f 8546 7924 7475
f 3945 3670 3681
f 3705 4011 4409
f 7636 4831 9314
f 2765 1676 515
f 4520 1372 1075
f 7678 4879 4866
f 9199 8890 8911
f 7357 8502 6538
f 9139 9715 9432
f 4819 6907 7652
f 7129 5770 2827
f 10467 10347 10532
f 8032 9580 9320
f 11166 11337 11091
f 9013 9583 8715
f 6901 7646 6939
f 9013 9345 9583
f 5362 1222 5087
f 86 359 5397
f 9077 9084 9655
f 12164 13513 12321
f 7560 10441 5741
f 11238 8084 6391
f 8632 12444 8622
f 2817 1985 2255
f 9194 9202 9776
f 10805 10519 10518
f 8035 6072 8033
f 10645 11928 10658
f 1908 757 188
f 9215 1430 3989
f 9622 4864 9352
f 2599 1786 346
f 7620 6662 6904
f 2759 1677 2485
f 1598 6163 718
f 8136 6440 8126
f 4615 10146 5607
f 11515 13108 8932
f 3048 7342 7347
f 693 1585 2666
f 6825 5007 4259
f 9275 6627 6891
f 1467 664 25
f 8547 12619 11611
f 5384 5099 3833
f 10645 10658 11924
f 4063 3833 5099
f 6061 2870 3169
f 2165 179 1897
f 13379 3375 8520
f 6320 8081 8025
f 9191 9186 9466
f 8980 9292 8709
f 12110 13481 7656
f 12193 10284 9957
f 6942 6686 9326
f 7086 7792 7802
f 13174 13022 11494
f 8482 8480 7331
f 4993 6808 6807
f 1540 1529 653
f 11639 10713 8623
f 12888 12887 13330
f 44 626 1503
f 530 1703 243
f 7525 7979 5724
f 8724 4850 7664
f 3181 7677 6933
f 9150 9721 8860
f 1788 2051 1804
f 9179 9465 9757
f 11909 11397 11908
f 11070 11827 11198
f 11070 11198 11827
f 7049 7760 6768
f 2314 8349 8085
f 7026 7025 3327
f 9469 9487 8915
f 769 761 196
f 685 120 675
f 5771 11721 10946
f 13090 9757 9467
f 12036 10739 11673
f 9438 9143 9717
f 13035 13501 13034
f 11014 11005 11006
f 515 1676 506
f 8038 6389 5825
f 8249 5998 5997
f 8040 6342 8039
f 1140 4581 4271
f 10634 11942 10680
f 4821 7656 9049
f 10249 12166 12326
f 2035 1768 2074
f 6200 5911 5914
f 8726 8320 9316
f 12430 12561 12557
f 1677 510 2485
f 13184 12080 4820
f 12521 3817 10401
f 13522 9937 12334
f 11450 12992 10215
f 8762 9049 7656
f 5483 4185 5200
f 11235 11119 10237
f 928 4356 1235
f 10710 11999 10888
f 1224 965 3491
f 3731 4067 4129
f 12976 9846 11505
f 1193 5424 5139
f 13010 9584 8987
f 11382 11896 11149
f 1911 2451 2723
f 890 4428 3426
f 5000 5005 7094
f 3029 3019 3020
f 9515 8527 8534
f 6635 6910 4862
f 1935 1930 2196
f 430 2126 1856
f 8236 7358 6542
f 4600 3693 3997
f 7043 7754 7042
f 7043 7042 7754
f 6074 3208 3183
f 12724 12504 11971
f 9582 8058 8044
f 2043 2350 2627
f 2777 1955 2774
f 2032 2316 1766
f 1766 2316 2592
f 12738 12500 12756
f 6522 8468 7323
f 13399 11398 11799
f 5649 7940 10061
f 7108 7825 7826
f 1495 658 5090
f 4599 4756 5733
f 530 243 528
f 12860 13205 10991
f 2992 8153 8418
f 2440 2706 2424
f 10183 9875 9874
f 6069 3150 3161
f 8547 12390 12619
f 3464 4370 1238
f 8319 7158 7163
f 5650 4662 12246
f 12198 13280 12196
f 621 1496 59
f 2617 2081 1815
f 8719 9631 9056
f 5607 10332 4654
f 6345 2592 2317
f 6345 2317 2592
f 2610 2351 2628
f 10519 10549 10361
f 10519 10361 10549
f 10458 10312 9974
f 7622 2919 8728
f 7184 7171 8322
f 10960 11736 10986
f 7127 8290 8295
f 5599 7841 8564
f 6094 8089 6383
f 5306 5586 5305
f 7802 7792 7085
f 1109 1103 1395
f 8138 6428 6441
f 2671 1843 694
f 778 220 5224
f 11730 12114 12278
f 12641 12758 12404
f 8489 3341 8480
f 12229 12305 12143
f 3730 5395 5063
f 4099 3792 3810
f 5765 6038 3192
f 7076 9745 6797
f 11362 11128 11246
f 7916 7472 4681
f 12265 12137 13233
f 10961 11216 11727
f 3029 5940 3019
f 1245 1268 938
f 361 1536 87
f 11149 8258 11789
f 11104 6456 11245
f 3927 4216 5526
f 1957 1690 2770
f 4093 3502 3787
f 1145 5285 1433
f 10168 13037 9903
f 6494 7294 6483
f 665 109 112
f 3392 4322 984
f 11375 9492 7370
f 2381 2102 2667
f 3991 5289 3988
f 5366 3797 5092
f 3951 5542 239
f 2885 8758 7169
f 6371 6358 9032
f 13036 11335 9899
f 13436 13189 13458
f 3666 4569 9787
f 11814 13033 11465
f 8997 6639 12269
f 10418 3957 4253
f 637 1514 5121
f 13429 12259 13463
f 3653 3679 4583
f 11700 13300 13349
f 107 2085 2341
f 12710 8655 11671
f 517 509 1674
f 7908 7932 5697
f 11927 10662 11625
f 13331 10978 11745
f 10762 9992 13482
f 6464 5909 2978
f 10670 10673 10687
f 1884 1607 2694
f 1217 5371 5066
f 8562 12383 11612
f 2861 2900 3153
f 10931 12891 12281
f 8723 9302 6945
f 8557 12536 12640
f 4528 3613 4228
f 2852 3203 2904
f 3295 3008 12923
f 5370 4069 5095
f 1484 1483 323
f 5801 2880 3198
f 5824 5815 6089
f 7091 7090 7806
f 5021 3989 6838
f 10606 4762 10441
f 4561 1413 3648
f 11725 12289 10973
f 4791 6604 4785
f 9196 9778 9488
f 2329 2603 2317
f 11797 12950 11035
f 8051 2595 2314
f 2995 8416 3275
f 6576 8259 7385
f 13261 11010 12929
f 11702 10930 10931
f 8675 8768 9339
f 13291 13353 11690
f 641 97 371
f 9888 10217 9887
f 2863 3154 2862
f 1410 4558 1128
f 6371 8077 7170
f 6344 2033 7155
f 1179 985 3402
f 9179 9467 9757
f 9179 9757 9467
f 10821 10041 10374
f 7598 6894 4822
f 1231 929 1230
f 10200 9871 10230
f 5330 5429 5113
f 3804 4108 5411
f 10822 10043 10863
f 3667 3665 4571
f 7142 106 2073
f 2618 2082 2346
f 7247 6433 8119
f 10367 10366 10528
f 5214 775 201
f 1502 2319 2599
f 1836 682 2098
f 1451 4128 4129
f 7839 7412 7854
f 3174 2870 7637
f 10654 12519 11971
f 5078 3773 4079
f 7416 11620 4699
f 9593 9318 8342
f 12033 10741 12589
f 3846 4153 3855
f 1722 5301 845
f 7622 9349 6912
f 11994 10719 11993
f 4801 7671 6632
f 12486 12517 12732
f 10965 10964 11731
f 7819 7101 12342
f 11192 11324 11325
f 5290 5288 5570
f 623 86 647
f 1192 973 1202
f 8315 7195 6385
f 4363 4383 3474
f 831 546 1706
f 7580 13170 6956
f 4673 10549 10571
f 12466 3802 10340
f 12280 12279 12124
f 1 9 12631
f 2375 2662 2388
f 3640 1402 1407
f 8137 11124 6432
f 8677 9553 9253
f 12109 12132 13224
f 7398 10032 7936
f 4456 5163 4152
f 1249 1265 940
f 5097 1274 5387
f 9227 9801 8270
f 7309 6485 8189
f 3231 5162 692
f 12890 13334 13333
f 4346 4120 3778
f 11561 13129 11560
f 346 1786 80
f 10816 10827 10535
f 158 3250 2965
f 4085 4098 3800
f 3641 4252 4559
f 11996 1704 827
f 2221 2234 1115
f 2102 387 115
f 8310 3187 7180
f 12159 12158 11004
f 638 1782 67
f 11279 9964 11394
f 804 2208 234
f 8992 9556 6693
f 8318 7190 7174
f 11064 11842 11225
f 3587 1055 4493
f 7747 7027 7754
f 4288 1729 853
f 10530 10529 10374
f 1556 119 678
f 2764 1949 1675
f 13129 9966 13127
f 13129 13127 9966
f 5374 5387 3770
f 1557 3527 380
f 7548 5718 4747
f 3120 13305 12866
f 4946 7039 6768
f 2685 8132 2400
f 4085 3800 4403
f 12978 11481 10220
f 8921 9496 9495
f 462 2711 2437
f 8744 9593 9319
f 4585 3676 1435
f 10394 10570 10407
f 5887 6151 5879
f 4401 1784 4397
f 13258 12333 12175
f 4088 3768 5104
f 605 325 1474
f 12691 12447 8637
f 2328 1277 3487
f 4086 4074 3769
f 9846 11105 10227
f 8702 7659 6690
f 9320 9319 8743
f 13396 11790 11791
f 1634 2711 4478
f 781 222 214
f 6913 7625 4834
f 578 105 24
f 6197 5910 2989
f 9629 9062 9340
f 8032 8311 7158
f 656 1550 2636
f 8404 2979 3256
f 389 1547 1555
f 5799 6903 6070
f 8061 8069 6382
f 4090 4074 3777
f 2446 463 2444
f 4850 9636 6698
f 638 5119 1782
f 9664 9092 9088
f 1811 1810 2076
f 2880 7645 6934
f 956 5118 1808
f 6327 6334 11078
f 10884 10880 10100
f 6057 4873 5819
f 2649 2637 2368
f 2146 2415 1882
f 4458 3551 3546
f 2218 2495 1946
f 4614 4678 7401
f 9732 6795 4976
f 589 62 47
f 5110 5398 3770
f 637 650 92
f 6922 6904 7643
f 5197 4174 4486
f 10545 10370 4074
f 7176 3201 2897
f 3785 5104 5376
f 6658 9636 9037
f 12711 11677 12036
f 3638 5703 4723
f 8320 7168 2866
f 12435 4741 5713
f 8651 11668 8649
f 4728 1128 4558
f 12820 11664 12576
f 13090 13089 11522
f 74 650 637
f 10203 13244 11480
f 2438 2429 2703
f 627 1503 626
f 3725 4052 5394
f 430 1589 5900
f 10824 10406 10047
f 12842 12459 12592
f 5312 3705 3422
f 4762 10615 4607
f 630 1504 629
f 12042 10007 10391
f 1024 9665 4462
f 13522 13095 9937
f 8064 6364 6365
f 13152 13479 12871
f 8866 9147 8861
f 5158 5155 5156
f 5096 922 923
f 8098 8088 6392
f 12950 13390 12949
f 3166 6080 6919
f 10048 10862 10078
f 12036 11673 8653
f 2334 2057 2620
f 7462 10804 8591
f 4378 3498 3473
f 4044 5151 3734
f 12273 12155 9920
f 2967 3255 3246
f 10798 10021 10051
f 11555 13123 13541
f 3201 6126 3199
f 10414 3960 4255
f 7906 10379 10071
f 11800 13547 12356
f 3126 2905 5829
f 7922 7921 7480
f 1310 3545 2113
f 9791 6300 8260
f 7166 6346 6072
f 4306 9296 9579
f 6874 6646 7600
f 11154 6575 7389
f 647 86 5397
f 13200 6890 7633
f 4665 5654 7934
f 9249 11452 13080
f 5926 8164 6474
f 2204 2752 1937
f 9775 8236 6543
f 13178 13483 12252
f 8872 7063 7782
f 5112 5422 5427
f 7628 4833 4832
f 13162 12143 12142
f 6658 4835 4844
f 3063 3348 5976
f 9415 8840 9409
f 8052 7160 6347
f 10041 10832 7513
f 4844 6644 7638
f 9535 9321 8722
f 7546 4746 10595
f 5389 4076 5100
f 7287 3002 6479
f 5961 6248 6243
f 1248 2050 1770
f 7314 8451 9421
f 11298 11848 13330
f 10867 7518 7959
f 10826 10825 10858
f 8432 3000 3288
f 4381 9044 9596
f 6649 4827 7625
f 3036 5948 4939
f 1248 1235 954
f 8485 6524 7335
f 6658 9037 4835
f 12127 12143 12305
f 4890 7689 6972
f 1250 5422 5112
f 10625 10455 10624
f 7081 4993 6807
f 9597 9017 9026
f 11680 10940 12083
f 12128 13221 13481
f 11050 11849 11179
f 9050 9351 8782
f 2601 1778 2315
f 2681 2674 2394
f 3487 1277 4365
f 947 1808 2074
f 1778 2038 2315
f 3708 3794 4028
f 1751 80 2053
f 9215 9505 1430
f 939 4365 1277
f 9837 9602 10163
f 10013 3822 5367
f 2146 2140 2415
f 11879 11247 11129
f 8894 9754 9177
f 9349 9348 8777
f 4764 7564 6630
f 9596 9044 9616
f 13335 11733 12913
f 2956 7698 5866
f 5171 4155 5165
f 5531 5240 1392
f 10865 5232 10082
f 5399 5421 5116
f 8705 9291 9573
f 4029 5406 3799
f 12991 7939 7916
f 5216 5215 4196
f 11723 12287 9892
f 8363 7207 6399
f 3227 6142 8363
f 3659 4592 1148
f 911 5087 1222
f 939 983 1238
f 2240 2517 8611
f 4755 7976 5731
f 7157 8729 9338
f 12714 11933 10665
f 10723 12815 12005
f 2955 5867 5875
f 9762 9185 8240
f 6814 3360 6271
f 12763 11978 11757
f 10321 4704 10520
f 13294 11093 10961
f 9183 9182 6543
f 5407 5120 99
f 12392 12387 12622
f 4784 6951 7597
f 4752 7541 7978
f 7591 7605 6883
f 2329 2317 2592
f 7632 6911 7631
f 2059 1784 2604
f 12878 10950 13336
f 1092 5525 5238
f 6273 6264 3347
f 5311 5038 4013
f 337 2582 1488
f 5800 6077 5839
f 2489 2803 4582
f 2731 2174 1901
f 9024 9590 8734
f 3178 3194 2909
f 941 4365 939
f 4159 4909 6726
f 5779 2868 5808
f 12285 9875 13484
f 225 786 1929
f 2182 2733 2457
f 3680 4584 3676
f 11179 11331 11060
f 9470 9750 9741
f 12816 10719 12002
f 10781 10547 7467
f 4946 6759 9708
f 6352 8047 8084
f 4844 7638 6921
f 10974 12290 12121
f 8450 9411 8838
f 5835 10990 12916
f 6759 9148 9708
f 13291 13422 12315
f 4802 6617 9558
f 10179 13047 9915
f 347 73 3792
f 8700 9014 9555
f 8540 8271 6579
f 3033 3314 5947
f 8344 8091 6124
f 5712 10415 3959
f 7710 6727 6998
f 9392 9670 9388
f 4338 4423 3462
f 1095 3632 1103
f 4251 5270 5556
f 4878 7683 6964
f 5193 5468 4166
f 3496 2604 4401
f 5893 425 712
f 4805 8988 9595
f 5230 5226 5509
f 5971 6256 5969
f 6707 6702 9640
f 5878 2946 8380
f 2943 7219 8374
f 11394 11384 11905
f 638 624 70
f 5385 360 88
f 7286 8435 3013
f 8458 8198 7310
f 5487 5281 1438
f 10907 10903 7556
f 5111 5380 644
f 3537 3543 4443
f 4091 345 1521
f 10292 13127 11558
f 5911 6186 6187
f 5032 4042 4121
f 6652 12290 11740
f 10581 10103 10102
f 2601 2352 3493
f 4024 4328 3416
f 3044 3332 3335
f 158 2965 2128
f 11189 11861 11086
f 10866 5523 5245
f 3709 3516 5700
f 3072 3089 3363
f 7443 7954 7504
f 549 2521 1708
f 5583 10604 10112
f 4482 5475 4175
f 6201 5915 6191
f 3605 1077 4517
f 6449 8149 6457
f 9376 9664 8796
f 4183 4474 4182
f 5930 3006 2998
f 1835 681 2097
f 11909 11562 11397
f 8067 9338 9613
f 2208 1947 234
f 8399 2403 1863
f 10643 12491 636
f 11992 1964 5275
f 6063 8038 5825
f 10115 10887 10595
f 10115 10595 10887
f 5386 3828 5107
f 5215 784 216
f 9862 10240 13076
f 11730 10994 12114
f 5112 646 5383
f 2973 2983 3260
f 12101 10229 9902
f 9483 8907 9743
f 7485 11607 12651
f 11441 10196 10181
f 5328 5126 10789
f 2600 4416 1510
f 4755 1154 4590
f 12128 12902 13221
f 2554 2295 2304
f 7928 5680 5700
f 4769 6611 4804
f 2041 1776 1775
f 9976 10781 10860
f 11057 10230 9871
f 10830 10542 4083
f 1408 1117 4544
f 464 1619 1623
f 11366 7372 7373
f 3726 4048 10341
f 7930 5681 7929
f 12083 12076 12871
f 8400 7255 7267
f 4373 1512 2596
f 347 1543 73
f 3463 1237 1236
f 8726 7168 8320
f 7100 13265 13525
f 5418 5433 3834
f 1347 3580 2455
f 9076 4889 9645
f 2042 2597 1777
f 1020 1313 1310
f 5825 9054 4858
f 4777 12263 6675
f 8458 7311 8457
f 547 1979 838
f 13414 11442 13195
f 2165 463 179
f 4084 4387 3790
f 132 1826 2086
f 346 2333 1512
f 5343 1218 5063
f 4342 3429 4400
f 2554 1483 6029
f 9731 4958 6789
f 7047 6772 9719
f 13271 13528 13270
f 8901 9189 6813
f 3486 3781 2334
f 548 1707 256
f 4439 3526 3531
f 3782 4085 1519
f 2843 3166 7591
f 2612 955 4385
f 8433 8174 3289
f 8919 9490 8917
f 11564 7911 8558
f 12854 10967 13304
f 3222 12916 13356
f 690 396 1562
f 11735 11749 10989
f 3642 1398 1112
f 4592 3662 1130
f 11795 11034 12952
f 4753 4752 5735
f 690 1562 1830
f 7426 7938 7501
f 11574 11614 12659
f 298 3715 12481
f 4222 5239 5519
f 876 4379 965
f 1779 2052 1265
f 9050 9619 9351
f 3071 4981 7803
f 4093 4088 1516
f 402 1576 2668
f 9480 8902 13093
f 9318 9332 8326
f 12945 11025 13383
f 1411 1122 1123
f 8756 7662 6946
f 9477 9764 9936
f 4754 4601 5736
f 8320 8321 9316
f 6742 9681 9682
f 4521 2202 1081
f 11983 752 193
f 10456 10624 12035
f 9318 8326 8342
f 6884 6918 7664
f 12554 11778 12801
f 2598 2322 2045
f 915 5096 923
f 12518 12779 11969
f 3173 6931 7662
f 6354 9025 9601
f 7458 10801 10525
f 4010 3420 3794
f 11867 10994 11122
f 6755 9125 4936
f 6083 6089 6650
f 2324 2600 2323
f 2854 6342 5790
f 4363 3474 1233
f 466 2450 2719
f 2716 2452 2724
f 6448 8148 6455
f 4397 2605 1256
f 892 9552 9267
f 3168 6932 6660
f 7999 10121 10902
f 574 1472 2615
f 9194 6822 4987
f 2885 7169 3169
f 12791 1703 825
f 10696 675 12537
f 7047 9719 9436
f 8172 9691 6737
f 2628 2351 1821
f 6181 3266 5898
f 11988 10700 12794
f 8507 8238 7355
f 6083 6650 5811
f 1631 748 1892
f 4844 6921 3178
f 6317 7175 6364
f 11830 11111 7192
f 4844 3178 5814
f 6667 9039 6356
f 12385 12666 12382
f 9322 8741 9327
f 7879 7513 8603
f 775 5224 5507
f 11896 11381 7379
f 11893 11380 13121
f 828 1962 3367
f 6922 2903 3170
f 3457 940 4353
f 7991 10106 7989
f 6094 6698 8089
f 10741 12018 12833
f 13254 13514 12160
f 12068 9849 12063
f 10351 10677 10055
f 638 5388 5119
f 12124 10973 12289
f 5120 5149 668
f 1155 7985 7547
f 347 3792 5396
f 347 5396 3792
f 8524 3385 3101
f 647 5120 959
f 7283 8156 8414
f 2880 6934 3180
f 12290 5813 11740
f 9468 7809 8918
f 9690 9687 9118
f 11365 11881 8417
f 9414 9408 8839
f 6923 3181 3172
f 348 4099 3793
f 348 3793 4099
f 10974 4842 5813
f 8651 11670 11668
f 4531 3932 4232
f 12040 12840 12594
f 5529 1393 3924
f 10254 13087 9929
f 4600 4759 3691
f 6923 2893 3181
f 5763 6378 2925
f 7319 8467 8212
f 28 580 336
f 2075 2633 2355
f 10144 11099 11195
f 10546 12522 10380
f 8743 7174 8755
f 3115 6081 2857
f 10703 1962 828
f 437 6437 5887
f 1318 1031 1025
f 12128 12291 10979
f 11433 13049 10157
f 5714 7525 5724
f 8723 7647 7654
f 336 62 335
f 12519 12766 12765
f 1309 145 408
f 12413 12416 12667
f 11405 10197 8678
f 1436 4583 3679
f 2257 1986 846
f 1249 2326 2047
f 2048 3483 1253
f 2543 2252 2542
f 12393 12493 10407
f 6917 9313 9331
f 1197 7433 878
f 8618 8621 12443
f 6201 6191 5922
f 5389 644 83
f 6322 8068 6377
f 2209 1939 2483
f 5161 2089 996
f 4227 4527 5249
f 6655 8057 6095
f 6320 8025 8285
f 278 274 561
f 11020 12810 11782
f 6925 3182 6938
f 6994 7711 7716
f 4093 3787 3786
f 10437 10103 10885
f 7648 6367 2893
f 1720 844 10727
f 8808 1017 9379
f 5976 3348 6260
f 2580 1494 1753
f 12588 12576 10739
f 12921 12923 13362
f 8073 7206 8353
f 13403 12250 13175
f 7567 6909 7633
f 8715 9002 8733
f 75 85 5403
f 11044 13281 12957
f 3941 5254 4231
f 2765 2500 1946
f 1517 4096 639
f 5553 5266 4239
f 9730 9158 4973
f 8405 7261 7268
f 12128 10979 12902
f 4070 5086 4083
f 13182 12909 13482
f 11741 11355 11222
f 10085 10412 10864
f 7403 7958 7856
f 2885 6938 8758
f 2471 499 1664
f 4838 6095 5821
f 2212 1951 2769
f 773 1653 486
f 5876 5875 6148
f 6658 5814 6096
f 6084 5803 4851
f 6084 4851 6667
f 8011 6319 6073
f 5115 87 85
f 11916 11960 10679
f 12010 12812 10718
f 4548 4725 5704
f 13474 12283 12118
f 6783 7043 7754
f 4265 839 5286
f 7360 6545 8239
f 2329 4399 3488
f 434 1613 442
f 12007 12577 8635
f 4731 5723 5709
f 8848 6773 4950
f 10361 10383 10518
f 2742 2464 2462
f 1675 226 511
f 9927 10248 9176
f 6529 9437 7338
f 12748 11971 12519
f 4102 3796 5138
f 9478 7086 7802
f 8980 9561 9292
f 6355 8757 9038
f 1998 1759 2037
f 9567 9042 9015
f 1636 3885 483
f 11991 12794 12544
f 2329 3488 2603
f 2049 1274 2076
f 1082 5233 4210
f 11292 11861 11189
f 4117 5155 5137
f 6435 8121 8130
f 1950 2213 809
f 8748 11503 10211
f 11205 8325 11322
f 2958 2947 5877
f 7095 5564 5288
f 7176 2897 7653
f 8546 11605 12415
f 9553 9627 8040
f 9931 9929 10251
f 9610 8749 9063
f 11886 11013 11136
f 3619 1385 5535
f 7075 3351 6804
f 9551 9326 6686
f 9726 9427 8854
f 8610 2418 2150
f 9114 9691 4930
f 2612 4385 1799
f 10430 10426 10600
f 11951 12775 10687
f 7402 7934 7876
f 6371 8750 6358
f 3791 10398 4116
f 1195 3426 2324
f 7252 2138 2414
f 6639 9621 6681
f 8051 8085 6354
f 8757 7194 8346
f 2395 8608 2110
f 4401 2604 1784
f 3897 3587 4493
f 11722 11754 10957
f 5405 102 959
f 7287 7292 3002
f 4397 1784 2605
f 171 733 170
f 2100 2110 8608
f 5814 3178 2892
f 6084 6667 6356
f 1298 1002 5439
f 1921 2178 2188
f 5494 5485 5206
f 12228 12067 13433
f 13517 13255 12322
f 1442 3689 4602
f 1633 2707 184
f 10661 10666 11949
f 16 11971 12533
f 12746 12632 12647
f 6655 9028 4831
f 2447 467 2166
f 10730 10716 12565
f 5808 5807 6088
f 8329 7191 8769
f 1386 5530 1384
f 4241 3947 3961
f 9599 8774 9047
f 9524 9805 8542
f 1515 364 104
f 4397 1256 3503
f 13146 13496 11492
f 1771 2060 2593
f 2895 3201 3199
f 13223 13222 13488
f 5771 314 6054
f 13116 11893 9950
f 6431 6421 7242
f 343 1504 1544
f 5988 6277 6276
f 4928 6742 4933
f 5824 6114 5815
f 8185 7291 6481
f 12627 11612 12643
f 4834 7625 7629
f 4896 7698 8795
f 2248 11637 1975
f 6172 1592 6723
f 5115 85 5391
f 3049 8223 3344
f 10213 9921 11488
f 7658 3194 2890
f 13108 8917 9490
f 10153 11493 11489
f 8528 6565 7376
f 11873 11240 11357
f 4619 3419 4330
f 4524 3919 3610
f 2127 1849 1857
f 7449 7884 7439
f 5496 5490 5209
f 3554 9092 4461
f 11421 11844 9844
f 1443 3664 1151
f 1520 1538 1516
f 7087 7076 6797
f 1516 1538 367
f 10895 10898 10438
f 10699 753 191
f 7239 6417 8114
f 5115 5393 87
f 716 148 153
f 12183 10265 5006
f 2968 3245 2963
f 1520 371 1538
f 11263 11146 10274
f 2541 3982 3678
f 9600 3519 4425
f 1159 3693 4604
f 957 1796 2052
f 419 141 701
f 5882 2951 140
f 10789 4044 10040
f 5405 5134 3807
f 10270 12343 12338
f 11765 12923 3305
f 5247 7518 10867
f 504 784 1660
f 2368 2637 2089
f 7878 7478 7920
f 9500 9782 9499
f 9500 9499 9782
f 352 351 1518
f 10168 9846 10227
f 9667 9100 9672
f 11241 11876 11125
f 612 51 321
f 8066 6360 6103
f 13097 7100 13525
f 12739 12534 12510
f 9536 4773 4780
f 3384 6306 6298
f 7211 8091 8353
f 9601 9619 9050
f 9976 10330 10781
f 8774 8780 9047
f 4969 6785 6782
f 891 4362 1221
f 7119 8328 8274
f 6336 8087 8064
f 9408 9693 9121
f 1428 1136 1135
f 6090 365 5810
f 11421 7145 11844
f 718 6162 1604
f 3413 948 1270
f 5000 7804 7789
f 8160 8157 6460
f 4697 7934 4695
f 3359 3085 3355
f 11663 10734 8641
f 9884 13082 9917
f 1522 354 1528
f 10798 10343 10021
f 5110 4091 642
f 1183 950 927
f 8075 1824 8355
f 7090 5263 5547
f 10262 11533 13102
f 83 656 357
f 7610 2856 6902
f 12102 12309 13229
f 10822 10081 5414
f 231 1668 797
f 1521 98 642
f 5119 1267 957
f 11724 12775 11951
f 4725 5704 4724
f 4725 4724 5704
f 5121 4097 3807
f 2119 2663 2388
f 12435 8617 4741
f 4105 3491 4391
f 11559 13128 9965
f 1027 1317 1324
f 3359 3066 8501
f 7136 6332 8028
f 864 984 1182
f 126 2087 2646
f 6278 8232 3364
f 1523 372 97
f 1466 6054 314
f 3776 4105 4369
f 13299 12873 10981
f 4354 2613 2338
f 9730 4973 6794
f 7157 7671 8729
f 2840 3156 6067
f 747 176 734
f 4845 6657 4855
f 6660 7674 4866
f 12177 12175 13262
f 13379 13531 13272
f 960 1269 1809
f 2892 2909 3195
f 5314 5057 4039
f 5123 5420 5417
f 740 732 1612
f 11223 11111 11343
f 10321 10477 4662
f 985 7514 4714
f 5492 5208 4190
f 11396 12708 11278
f 2339 2332 2607
f 5399 5133 5421
f 7609 6899 8705
f 9443 7064 8871
f 9337 8766 8755
f 8766 9328 8755
f 497 3896 5499
f 9439 9143 9438
f 5123 3814 5420
f 3793 3810 4113
f 8894 9177 9179
f 280 2257 279
f 11908 11158 11906
f 2608 2346 2069
f 5401 5137 974
f 4580 1139 9788
f 13216 13499 13062
f 8618 11634 8626
f 13408 13173 10030
f 12952 11034 6019
f 9479 7800 8902
f 3620 3612 4532
f 1250 89 2066
f 1246 2040 1773
f 3251 2958 5877
f 5813 10990 11740
f 6982 4897 7695
f 9987 10804 10693
f 6094 5831 5834
f 1786 2053 80
f 5184 1034 1028
f 7818 6012 3096
f 8825 8822 7731
f 5580 4291 3984
f 12168 4967 6781
f 197 757 760
f 492 1649 2465
f 1693 808 2215
f 2183 1906 2737
f 9828 13023 10186
f 6363 8056 8073
f 3466 4403 3800
f 2469 2739 2463
f 4963 7038 7759
f 12527 12780 12770
f 12910 13236 12140
f 1410 4548 1109
f 1993 8640 11661
f 10268 9786 10267
f 11618 12658 11617
f 12041 13178 13476
f 11040 6310 6020
f 11040 6020 6310
f 5346 1541 5148
f 12007 11649 12809
f 6426 7241 6416
f 3181 2893 2912
f 1601 6164 3250
f 7021 6221 6748
f 2894 2913 3182
f 1115 2234 1412
f 12266 13469 13215
f 9092 9659 9088
f 1983 2253 1982
f 1178 4376 3431
f 12337 12176 12177
f 804 1681 2757
f 9791 6573 9221
f 1860 2115 2674
f 6104 6012 6010
f 1034 4464 3557
f 12649 12785 12422
f 1589 1585 414
f 12641 12404 12507
f 8460 3327 7025
f 3364 8232 8499
f 2056 1801 977
f 836 2250 263
f 2161 3003 7292
f 7937 7936 7494
f 5114 10049 5378
f 5304 5580 3987
f 691 131 140
f 85 5138 5403
f 7437 10835 943
f 3457 1249 940
f 1440 1130 3662
f 1788 1801 2056
f 2899 2896 7180
f 175 2720 1624
f 12703 12580 12827
f 4999 7788 5542
f 84 1524 358
f 497 1661 1659
f 7856 7927 7503
f 2894 2911 2913
f 12230 9914 13440
f 11857 6391 7182
f 7366 6551 3086
f 3973 4571 4264
f 4485 3890 4184
f 85 663 659
f 7457 7484 7900
f 3162 5794 6078
f 2715 460 2441
f 4274 3673 3977
f 778 216 220
f 11964 8598 11611
f 8903 9478 8901
f 3132 31 374
f 9360 8788 9364
f 12251 13484 9875
f 648 95 661
f 9 12 13
f 9845 10189 10175
f 4031 3735 3736
f 11083 11235 11754
f 12902 13350 2916
f 9999 10367 10844
f 11100 10214 9877
f 10537 10372 10536
f 8785 8357 8093
f 11941 11606 11957
f 9038 9630 8082
f 8767 9336 9617
f 9851 10226 9575
f 12526 12772 12538
f 7636 8781 9064
f 10180 12140 9853
f 2347 1799 1805
f 10091 11995 5560
f 6545 8238 8239
f 8320 9325 8321
f 2216 2770 2214
f 7240 6420 8115
f 7590 6869 6959
f 7072 7782 7063
f 9856 12103 10218
f 4700 5688 10385
f 9038 9343 9630
f 12010 12566 8631
f 13524 13373 12934
f 12247 13466 12093
f 1525 507 799
f 3572 3875 1336
f 7176 8344 3201
f 10877 10715 11992
f 6664 6954 4870
f 3256 710 1861
f 1488 2582 1768
f 9141 6504 6509
f 1873 7252 8398
f 8325 6369 7177
f 3032 3313 7021
f 3354 5980 3064
f 13206 13052 11491
f 2612 1799 2347
f 7422 10034 10784
f 3795 4117 5137
f 4401 3503 3513
f 8769 6398 9061
f 5891 6175 424
f 10675 11963 8595
f 362 2610 1537
f 2093 2083 1823
f 361 2611 2341
f 9077 9073 9649
f 12270 13504 13072
f 11967 10844 12773
f 4892 6710 4898
f 6203 5912 6199
f 10198 9914 10190
f 7730 6731 7006
f 969 985 4714
f 6250 5961 3330
f 10390 10389 10388
f 1060 5496 1349
f 1790 2063 1807
f 3363 3089 254
f 789 501 217
f 3087 6002 6288
f 9885 12134 13231
f 6664 4870 6685
f 10387 10691 10069
f 1421 1148 7535
f 1018 1306 1017
f 13263 13523 13098
f 8062 6380 7190
f 471 1640 2442
f 6329 8032 6339
f 1001 1295 1008
f 6667 6676 4864
f 7310 6494 6483
f 13105 8914 9781
f 89 657 1805
f 10237 13081 11512
f 11207 11729 11329
f 5835 6108 6105
f 4103 4418 3818
f 866 4419 3454
f 2164 1904 2162
f 6273 3347 3056
f 3497 2613 2338
f 3497 2338 2613
f 5388 5417 5119
f 6044 3139 8307
f 10545 10533 10370
f 6588 9614 6957
f 3711 5318 343
f 7182 6391 8331
f 13134 12078 13184
f 2439 458 2704
f 10630 11966 11941
f 8586 11620 7953
f 5336 1194 901
f 6587 4786 9548
f 13234 13233 12137
f 2408 2685 2694
f 12048 12311 12222
f 1724 562 6303
f 2159 1886 11629
f 9416 8466 9705
f 10983 12905 11862
f 9190 9756 9755
f 276 3098 3382
f 13499 6941 13062
f 12924 10998 5938
f 6848 8693 7565
f 11226 13345 11744
f 2913 2911 6121
f 2736 1907 2735
f 5129 5417 5420
f 8366 7229 8375
f 5018 5015 6834
f 4120 3820 4111
f 2615 2340 2614
f 4499 3583 1058
f 8803 8796 9363
f 9807 9231 9527
f 11904 11901 11389
f 4668 4700 10567
f 5452 4155 5171
f 3437 4389 5667
f 3898 3897 4191
f 6376 6374 8065
f 6847 2841 3157
f 1944 2754 1940
f 8224 6254 5970
f 6096 5838 8089
f 861 1215 1781
f 12574 12824 12816
f 11713 10955 10985
f 6708 6975 7695
f 3998 5107 3828
f 3334 6247 6246
f 7712 5899 4906
f 12169 7782 4974
f 243 242 527
f 9968 7492 10797
f 3803 4107 3812
f 7260 8409 7265
f 219 215 783
f 8935 9790 8927
f 6190 2980 4915
f 951 936 1250
f 11667 8641 10734
f 2286 2070 2558
f 2278 2579 2567
f 5792 3161 2888
f 6652 11740 6105
f 8620 11638 11644
f 9383 1314 1021
f 10985 11746 11230
f 2380 2371 404
f 12967 4615 7489
f 3848 5163 5441
f 8642 12024 8635
f 1868 6986 3249
f 2160 2170 1903
f 12770 12537 12522
f 7310 7301 6494
f 11863 11115 11346
f 12454 2262 8639
f 3091 6549 5990
f 2853 3141 8293
f 9237 8689 8661
f 13544 13542 13279
f 2894 3179 2911
f 11401 13058 13488
f 1151 4262 4281
f 12329 13254 12162
f 5713 4741 5719
f 6376 8337 7186
f 11183 11309 11084
f 10394 10851 10065
f 2623 2341 2085
f 7431 5697 7932
f 3145 6948 6065
f 6620 12310 4821
f 7306 8185 6490
f 5088 4125 4076
f 4523 5230 4215
f 9896 13068 11240
f 13500 12138 12137
f 2624 2083 1824
f 4553 1110 3640
f 3605 1365 1077
f 2818 1988 2821
f 12432 11647 7536
f 11029 13389 11787
f 5194 4167 5464
f 3512 3511 4407
f 3512 4407 3511
f 12143 13237 12142
f 3339 3043 3048
f 2601 964 1778
f 6953 6125 3194
f 7030 7752 8855
f 7079 3066 3355
f 10622 12595 10450
f 11244 11246 11128
f 11244 11128 11246
f 1374 4511 1076
f 10131 7561 10907
f 7393 4641 13075
f 6947 7671 2906
f 82 655 101
f 5213 5207 5489
f 7860 11621 8602
f 9500 8925 13100
f 11211 11096 11719
f 5591 3696 1447
f 9156 9723 9154
f 12073 12288 12133
f 7354 8500 7353
f 9618 9339 9046
f 5998 5992 5997
f 5634 7920 4714
f 8026 6050 5775
f 9564 4376 9308
f 1001 1008 1299
f 7885 4696 7493
f 10399 10853 10556
f 4590 3662 3661
f 5467 5286 266
f 4795 6670 6682
f 368 384 109
f 11931 11956 10651
f 13404 12977 12249
f 6638 4829 6936
f 928 1248 1770
f 11375 7369 13374
f 10770 10007 10784
f 5779 6080 2868
f 13544 13279 12352
f 11896 6566 11149
f 5576 3976 4276
f 366 108 671
f 11290 11301 11178
f 9944 10277 13106
f 7638 6908 7624
f 3807 4131 5152
f 3740 10339 5357
f 5541 5537 5536
f 11365 8417 11878
f 9200 6821 9197
f 11748 6107 11238
f 13163 12116 12248
f 11696 10948 11711
f 721 160 2966
f 4543 1106 3623
f 2068 2354 1266
f 11539 6561 8915
f 1095 5241 5525
f 4872 6695 6954
f 4617 5697 4655
f 5840 6116 3195
f 8079 8350 6395
f 12476 10666 12510
f 6811 7798 7082
f 7678 7674 4880
f 1634 482 1641
f 6978 7697 6976
f 13140 4768 6890
f 1146 1141 3678
f 1267 4424 972
f 8757 9343 9038
f 5767 8023 5785
f 6529 3054 5966
f 11425 10210 10150
f 833 11990 1973
f 6949 6965 6697
f 4110 3809 3808
f 10769 10768 10008
f 10007 13441 10784
f 8046 6361 8315
f 2832 5779 5808
f 74 637 5399
f 8677 6863 7586
f 1805 1799 2066
f 7319 8212 6509
f 11502 13070 11501
f 4413 3507 3506
f 3113 2904 7137
f 2075 1809 2633
f 5835 2930 6108
f 12468 12781 12533
f 7509 4707 10559
f 4470 1036 4466
f 5840 3194 6125
f 6950 6680 4865
f 5924 6481 2995
f 13322 10992 11728
f 6209 5938 10998
f 8345 8095 9635
f 7286 3001 8435
f 7131 7128 2907
f 3279 6178 5908
f 7950 7510 13071
f 4825 7621 4865
f 4902 5444 7697
f 7741 7022 6753
f 4112 5136 4111
f 9523 7832 8948
f 9523 8948 7832
f 8972 6636 4817
f 3198 2910 3212
f 1160 944 2002
f 2810 2546 2263
f 9470 9751 8231
f 8718 9592 9297
f 2432 2140 2146
f 8002 10902 10120
f 9325 7189 8321
f 1275 380 3527
f 2121 2114 1849
f 10229 9620 9902
f 997 1291 1293
f 10232 9904 10231
f 10232 10231 9904
f 5800 4848 7657
f 459 1615 2702
f 13061 11488 11514
f 7814 7813 7096
f 8073 8353 8344
f 2120 1854 2666
f 5074 903 4109
f 4598 7535 1148
f 7019 6746 7018
f 11577 7470 10847
f 6994 5458 5457
f 8072 6391 8084
f 2202 1931 1071
f 11000 13362 12923
f 5627 4702 7459
f 1757 2039 1761
f 4115 3815 5423
f 4598 4592 1130
f 9545 9544 9018
f 7994 7544 7992
f 2777 2774 1108
f 3859 4157 5448
f 7677 2912 5849
f 974 3525 1269
f 11267 13381 11265
f 12661 12660 12418
f 8744 9319 9320
f 7621 4871 6686
f 2913 6121 5848
f 99 1547 380
f 8687 7593 4785
f 1533 12537 675
f 9821 11425 10150
f 11090 6379 11116
f 2551 12386 2270
f 835 260 551
f 12100 13217 13473
f 2445 473 1641
f 6381 7206 8073
f 7061 8868 9442
f 681 111 669
f 7540 4739 4591
f 9737 10248 9927
f 12798 541 12546
f 11234 11118 10235
f 8861 9147 9714
f 2718 2717 2453
f 11167 11053 11727
f 2985 3265 6175
f 306 339 1546
f 655 1548 1551
f 5622 7925 5621
f 5838 3205 2914
f 10757 11918 11621
f 6211 5935 6217
f 101 655 1551
f 12814 12567 12568
f 5137 4430 974
f 369 1529 111
f 13127 13124 11556
f 6269 6002 3068
f 4970 6779 4958
f 4970 4958 6779
f 635 79 645
f 10551 10069 10856
f 13326 11758 11737
f 5137 4136 4430
f 645 79 11610
f 13299 12859 13320
f 7623 6622 6888
f 6760 6828 7097
f 1463 336 1498
f 334 66 61
f 7662 7673 6946
f 12780 10696 12537
f 3133 6053 3144
f 8063 6362 5821
f 13522 13521 13257
f 391 1551 1559
f 4003 3711 4128
f 1273 976 3526
f 11628 11984 1891
f 6383 7204 2923
f 7700 6984 4899
f 417 5444 3858
f 4160 5464 4167
f 9050 8782 1288
f 7844 7895 7459
f 3510 9050 1288
f 7725 6729 4912
f 5138 1549 4135
f 8669 7682 6942
f 4064 5101 3833
f 13376 11027 12938
f 7029 7751 8854
f 1093 1380 1379
f 11415 13055 13035
f 12490 12647 333
f 10791 10033 10553
f 247 2501 524
f 7971 7523 10871
f 1802 656 2636
f 723 8396 3255
f 6252 9731 6792
f 4032 3827 4422
f 3819 5423 3815
f 11830 11343 11111
f 8977 9563 8673
f 1272 1803 2070
f 2071 2638 2358
f 11813 11294 11352
f 10610 10898 10900
f 3510 1818 2619
f 8773 7675 9066
f 7190 6397 8095
f 7793 4979 7077
f 10562 10857 4116
f 5636 4651 7887
f 13416 12248 12116
f 12145 12309 12308
f 13002 13027 11444
f 1478 1510 1487
f 8106 6132 6412
f 5974 3058 6253
f 4793 6647 4836
f 13091 9946 9945
f 11945 10666 10656
f 13384 11786 12345
f 5431 5155 3818
f 231 797 228
f 663 1552 381
f 7565 8693 7601
f 2815 2255 2811
f 8018 8053 6075
f 5042 5379 5402
f 7819 12182 13267
f 11578 12651 11607
f 9179 8892 9465
f 1602 439 6167
f 8995 8302 9610
f 8077 9615 9052
f 3549 4155 3860
f 11716 11758 10950
f 6852 3137 13312
f 3501 3825 1279
f 1978 3092 7371
f 8911 8890 9175
f 2347 1805 2635
f 5133 3834 3836
f 5431 3818 5156
f 5049 4119 3819
f 8728 2919 5841
f 2347 2635 2084
f 4418 5156 3818
f 2606 2075 2344
f 9184 9475 9183
f 4775 4859 6682
f 9960 12349 12191
f 11963 645 11610
f 1827 2361 2355
f 13 12 10
f 2972 3268 6184
f 8105 8368 7232
f 2944 3228 8365
f 4607 4294 3994
f 8076 8358 6386
f 2628 1821 677
f 10645 10655 12741
f 551 2523 2789
f 12533 12781 376
f 2370 388 2639
f 5942 3017 6227
f 5428 980 5140
f 8347 6394 8094
f 9420 9429 8847
f 1807 2359 2631
f 6684 9624 6969
f 4612 4681 7472
f 8348 7197 7196
f 6366 8053 6086
f 9737 4967 12168
f 8774 8783 9068
f 12369 11598 12634
f 10332 13238 13502
f 3259 6993 7715
f 3585 6496 7297
f 10155 9860 13054
f 10334 4044 10571
f 12731 1498 580
f 2623 1822 1536
f 2622 2640 1823
f 6002 6001 6288
f 2624 2348 2083
f 22 55 584
f 7909 8592 7479
f 11167 10925 11076
f 7381 8524 8525
f 2644 1827 2355
f 7849 7509 10834
f 12146 10402 10072
f 107 1538 670
f 463 1616 179
f 4033 3765 4874
f 13097 9494 7100
f 7677 5849 6699
f 7022 4937 6753
f 6387 6399 7207
f 4216 5229 5228
f 8526 1992 2261
f 2482 2201 3611
f 11630 10705 2242
f 896 5428 5140
f 8463 8206 7324
f 11365 11878 7276
f 5272 819 1960
f 11508 13074 13505
f 6156 3246 6146
f 5951 6233 3321
f 5951 3321 6233
f 7359 8244 3358
f 4144 408 1565
f 10992 12912 12147
f 8272 6577 6578
f 2959 5870 7239
f 4724 7520 4722
f 12099 13485 12286
f 7528 11642 7978
f 6388 7199 2921
f 7426 7501 7859
f 8133 8128 6439
f 5576 4268 3981
f 4607 3994 3698
f 2834 12903 7162
f 4203 3908 4208
f 7185 8777 8759
f 10705 12544 544
f 7972 10881 10094
f 7679 6958 9347
f 8620 2787 2236
f 8384 8112 7240
f 986 1278 3515
f 11764 13361 10999
f 4529 3606 3917
f 3845 4143 4436
f 11753 5842 10993
f 782 214 788
f 4125 5430 3825
f 9394 8822 9391
f 9288 11509 13025
f 1087 5234 4209
f 11975 10078 10862
f 6512 8208 8464
f 10089 10871 11986
f 6492 6489 8175
f 12218 13461 12987
f 130 391 2376
f 6718 4900 5874
f 6960 7680 6959
f 9047 8780 9619
f 7061 1088 5252
f 8081 9054 6389
f 4459 1307 1018
f 9737 9927 9176
f 2471 1664 2749
f 8535 8265 7380
f 5792 6087 6070
f 988 4421 1280
f 9990 10563 10400
f 267 5287 5571
f 1569 2370 2649
f 470 2714 2433
f 1558 385 382
f 569 2819 1991
f 11756 11755 12913
f 8977 9556 8992
f 4102 5138 3814
f 12719 12516 12534
f 799 1946 2495
f 3516 4715 5700
f 7211 8353 7206
f 8461 7322 8470
f 10466 10354 10792
f 5555 4235 3939
f 7814 7096 5008
f 3039 6247 3329
f 1233 5373 5096
f 10960 10191 12108
f 7380 3387 3104
f 5112 5427 82
f 9229 8953 9523
f 9734 7059 9452
f 4600 3997 4759
f 7888 8582 12400
f 4076 4125 5100
f 3979 5574 3978
f 3634 2767 2502
f 1543 377 667
f 7866 4699 5687
f 5751 8068 6322
f 130 2663 698
f 6036 6319 5762
f 4129 4128 1544
f 11826 11356 11102
f 13373 11531 11888
f 11016 11889 3093
f 460 452 1614
f 4877 9059 6694
f 751 11984 10699
f 8451 8841 7024
f 12678 11130 6553
f 9847 13449 12254
f 11018 11783 11262
f 586 105 1508
f 11757 11978 13351
f 4886 6965 7688
f 12535 12783 12421
f 6856 7577 6958
f 3278 6183 5902
f 8384 6144 8112
f 5290 3971 4270
f 8774 9045 8783
f 7599 6876 6898
f 3798 4101 5126
f 5584 5302 4285
f 6616 6662 4816
f 7427 1186 7917
f 6053 6066 3155
f 13509 13352 13508
f 9793 9792 9791
f 8095 9065 9635
f 1857 2114 2667
f 8871 7338 9437
f 9352 7686 6963
f 9352 6963 7686
f 4304 871 4056
f 11371 12931 11884
f 3993 4278 4277
f 12785 12536 12422
f 6472 5917 6189
f 6140 6138 3223
f 34 2017 311
f 54 2304 53
f 1923 2744 1069
f 3475 3504 4406
f 3524 3520 1282
f 8393 2956 7238
f 6135 6401 8097
f 9195 9771 9194
f 9114 4925 9691
f 2443 1642 472
f 8242 8493 8494
f 11021 11784 11776
f 5852 3205 6116
f 308 1507 1468
f 5891 424 2122
f 8326 7188 8342
f 4532 4233 3936
f 1554 679 384
f 4579 1432 1138
f 9920 12155 10244
f 7652 6907 7648
f 10478 10364 10845
f 1531 3811 373
f 4155 1008 5165
f 2192 2186 1918
f 10184 10212 9859
f 5090 658 5415
f 10150 10210 12978
f 12878 13342 11832
f 8099 8359 7202
f 8096 6394 9067
f 7210 6395 8350
f 8877 9163 7767
f 6756 7737 4938
f 119 2086 1826
f 4728 3644 5709
f 123 671 108
f 672 1546 1813
f 13543 13121 11380
f 12907 10989 11749
f 98 111 379
f 4885 6695 6702
f 1556 110 113
f 1555 111 681
f 9057 8083 6390
f 12126 12292 13220
f 8405 2125 1864
f 11910 10042 10688
f 7074 7066 7779
f 3111 2908 2857
f 5501 211 5223
f 1555 379 111
f 8100 6398 8090
f 1153 1447 3696
f 4051 3825 4338
f 1431 3675 4578
f 3990 3686 4761
f 11981 112 682
f 4987 9457 7785
f 268 559 840
f 3531 3526 4432
f 13376 12938 11775
f 11270 11150 11030
f 1720 10727 12584
f 2491 522 2488
f 684 1556 113
f 969 1257 963
f 3216 2924 2923
f 5361 5398 3829
f 2920 6129 3206
f 7203 8087 8351
f 9926 12331 12325
f 244 1691 526
f 1885 2697 2148
f 8922 8522 9495
f 6817 6816 7073
f 5159 4138 3834
f 3694 4605 1445
f 1247 1246 1773
f 436 1610 1597
f 8223 7340 8478
f 6402 6120 8088
f 565 1719 843
f 1091 1381 5532
f 12029 12026 12826
f 6402 5851 6120
f 8089 6698 9636
f 2936 5846 6131
f 9922 10245 12156
f 6972 7689 7687
f 5160 5435 3839
f 10077 10853 10399
f 7366 8247 6551
f 6131 5846 3216
f 6917 9331 7640
f 2931 2926 3210
f 13527 13273 13533
f 996 8782 9357
f 9643 9637 9065
f 11982 114 10696
f 5474 5195 5193
f 1782 957 2052
f 3149 8033 6072
f 10485 10355 10772
f 7812 7820 9502
f 12662 12415 12419
f 5373 3774 5091
f 8391 8380 8118
f 2939 3235 7227
f 2933 3211 6120
f 2733 1903 2457
f 1090 4527 3604
f 8242 6561 6547
f 390 1548 121
f 1829 2088 1817
f 5930 6218 3006
f 181 2439 2167
f 3222 2931 2930
f 10477 12146 12245
f 5800 6663 4848
f 6901 6656 7646
f 149 1573 1582
f 3840 3834 4138
f 13407 12215 12115
f 5589 10122 1448
f 3361 3055 5971
f 389 380 1547
f 1557 380 389
f 5072 905 1261
f 1558 382 4140
f 8797 9363 9655
f 73 625 1768
f 5374 3770 5361
f 3220 12916 2929
f 8171 5920 6478
f 5160 5154 5435
f 10111 10604 10433
f 5858 6123 10996
f 3217 5847 2927
f 3293 3012 3015
f 8362 7206 6400
f 2323 2312 2590
f 12180 12179 10264
f 12918 13355 13357
f 13107 11544 9944
f 4895 6712 6709
f 1466 56 307
f 7112 8942 6843
f 8343 8090 6398
f 3849 4143 4154
f 6063 6061 5796
f 2300 3440 1283
f 11125 8127 6428
f 1828 2082 2088
f 2689 8138 2410
f 12831 12829 12584
f 10697 10696 11980
f 2608 2617 2330
f 5517 3909 4211
f 9197 9181 4990
f 3100 6298 3103
f 5894 1590 427
f 10247 10246 9727
f 5438 3842 5155
f 8363 8354 7207
f 5365 10033 5080
f 12616 12396 12650
f 4733 7530 7980
f 10430 10600 10608
f 1497 649 363
f 12671 8138 2689
f 1811 1818 2637
f 8131 8121 6435
f 8364 8363 6399
f 5580 5589 4291
f 9795 9509 8940
f 13204 13330 11848
f 4518 4509 1080
f 6370 2335 8075
f 12004 8623 10713
f 2337 2335 4386
f 2336 2812 2542
f 2367 2635 391
f 9173 9739 9168
f 4767 6618 4082
f 2916 5850 7188
f 6778 7035 7036
f 8144 2682 6448
f 9212 4569 3666
f 11725 11736 13338
f 6405 5856 8092
f 10822 5414 5130
f 5856 6122 8092
f 122 11980 1553
f 122 10697 11980
f 12586 10612 12828
f 6705 7687 4883
f 6230 5943 3302
f 1635 471 2435
f 4584 1432 3676
f 6134 5850 5858
f 5530 4538 4222
f 2507 2772 2218
f 144 409 136
f 5305 5586 4289
f 16 664 11971
f 6304 6301 3389
f 7214 8092 8356
f 12061 10968 10953
f 11521 10254 11520
f 12185 13268 13530
f 2182 2721 1910
f 7214 6405 8092
f 4755 5731 4751
f 4443 4438 3842
f 11074 11748 11238
f 7213 7208 8355
f 9115 8829 9401
f 5170 5445 5169
f 2092 1821 1820
f 6502 8189 6495
f 5565 10100 5282
f 5857 6133 6124
f 2828 3207 68
f 11803 11854 11285
f 11672 12023 8646
f 1831 2083 2093
f 7617 4809 7625
f 4135 3835 5434
f 2094 1822 2085
f 10191 13064 9903
f 1934 2199 1367
f 6608 6687 9627
f 1293 995 1289
f 5046 3780 5365
f 6927 8745 9321
f 4980 6796 4979
f 433 2967 5890
f 2650 2359 1830
f 11676 11673 8648
f 7885 4637 5626
f 11586 11206 11324
f 11631 8637 7988
f 7734 9403 7017
f 11777 6290 6005
f 7144 7153 8306
f 1294 5439 994
f 393 2369 2638
f 9007 9016 8716
f 7254 2124 2404
f 6651 6092 6916
f 2307 4354 3458
f 3134 2835 3127
f 420 700 139
f 9072 8785 9638
f 924 9044 4381
f 11022 11780 11023
f 2370 2639 2649
f 2381 387 2102
f 1984 838 1979
f 12930 13366 13368
f 3026 5934 3308
f 3261 715 152
f 7258 7263 8408
f 5859 6700 4890
f 9437 9720 9147
f 2306 2078 2356
f 6061 3183 2873
f 10970 11757 10969
f 11046 11233 10991
f 11046 10991 11233
f 803 1942 2757
f 9420 9707 9716
f 1316 2804 1142
f 5077 5358 5412
f 9642 9068 9355
f 9071 9066 9644
f 4326 4670 4048
f 5502 5232 5222
f 2648 2634 2358
f 8841 9120 7739
f 12349 9959 12191
f 2895 6115 5813
f 1209 922 3442
f 4921 4915 6731
f 13440 9914 13078
f 1294 1290 998
f 8579 11616 11598
f 2371 2361 2642
f 4142 5157 4141
f 11283 11338 12868
f 132 701 699
f 11810 11832 11317
f 2477 2475 2748
f 7728 7009 9401
f 2494 1948 801
f 3842 4438 3528
f 1051 4577 1431
f 1635 1643 480
f 5864 6418 8107
f 751 10699 192
f 8061 9603 9036
f 8026 6613 6050
f 4050 4070 3766
f 3913 10410 10575
f 2093 2362 3529
f 5727 10427 7983
f 1790 1807 2068
f 10019 10796 10863
f 1982 1434 1143
f 2489 3653 3671
f 7712 5458 6994
f 9687 6739 6198
f 3161 6071 2919
f 6447 8139 6456
f 3922 264 5298
f 9028 6362 8759
f 5471 740 1612
f 11559 11557 10291
f 9378 8397 7244
f 4139 2643 4434
f 4139 4434 2643
f 2161 175 3003
f 3466 5377 1261
f 5958 7742 6756
f 8066 6359 6360
f 3374 6285 3077
f 4484 3579 4491
f 8430 8179 6483
f 8796 9083 9655
f 8133 8125 6427
f 9375 8793 9366
f 10749 10904 12025
f 7031 3032 7745
f 11135 11771 11012
f 8985 8691 9607
f 1662 571 1728
f 2645 2644 2363
f 8342 7188 7193
f 5311 4013 3710
f 7257 2121 8400
f 638 666 5388
f 3653 4583 2531
f 2501 1685 524
f 8421 8148 6454
f 2933 5851 6402
f 6421 7237 8383
f 10876 7528 7978
f 6251 6250 5962
f 11012 11007 11768
f 1647 759 489
f 8431 9396 8833
f 1677 512 510
f 7289 3286 2999
f 11973 12532 10695
f 9748 8879 9457
f 10118 10897 10892
f 2374 2651 2384
f 9667 3549 9095
f 10744 10743 8651
f 2860 6093 3151
f 2440 475 1637
f 11635 8612 12675
f 9208 8921 7814
f 12035 10129 10748
f 5895 6172 5904
f 7768 9164 7779
f 3068 3067 3356
f 12789 489 12540
f 6776 7037 9428
f 11057 11187 11232
f 8970 9600 9585
f 12167 9166 10250
f 8297 8348 7196
f 3873 1034 5465
f 6217 8180 6482
f 2718 2443 2717
f 4674 5678 4340
f 2672 2106 1842
f 1864 2125 2120
f 532 1704 531
f 2464 2737 2462
f 10451 10450 10616
f 10924 11754 11722
f 7552 4757 7549
f 4288 5304 3987
f 3393 4369 311
f 7875 10066 7445
f 13464 13200 11460
f 3407 3475 1231
f 13286 12197 10289
f 2101 2665 2379
f 7690 9070 4888
f 2880 2910 3198
f 12246 12245 12139
f 4672 8592 7909
f 6229 3301 8441
f 11141 11254 11376
f 10056 10684 12527
f 6430 7234 6419
f 11797 12949 11035
f 11797 11035 12949
f 5600 4678 4707
f 3410 12415 12662
f 12934 11772 11006
f 7871 9991 10818
f 8215 8470 9430
f 11171 10952 11089
f 4157 140 5166
f 5541 5536 5258
f 13308 13439 12910
f 6448 8142 8148
f 9513 7114 8939
f 2337 2052 2622
f 7883 7497 7485
f 4611 10564 10324
f 997 8360 9354
f 4922 6190 4915
f 9071 7691 8784
f 9652 9085 9651
f 4986 6802 4985
f 5933 6475 3009
f 10546 12770 12522
f 4472 3873 4172
f 3529 2640 4424
f 2393 2108 2392
f 8162 8155 8419
f 12704 12824 11788
f 3488 3512 4384
f 3895 5483 3893
f 8220 7328 6521
f 5369 5111 5100
f 10304 4623 5611
f 1890 2149 2432
f 2519 1705 2783
f 9649 9073 4887
f 8404 3256 1861
f 864 4341 904
f 2874 8313 3160
f 6932 7674 6660
f 12345 12348 12188
f 313 302 1511
f 517 3626 3929
f 8564 11577 11589
f 5704 7519 7960
f 912 1224 5354
f 886 1216 2025
f 12944 13386 13385
f 9668 9096 9670
f 3231 7210 8360
f 7026 6243 6756
f 12441 12686 4742
f 9360 7692 6973
f 3231 8360 5162
f 5865 8096 6136
f 5705 8002 10120
f 133 404 2371
f 9304 6904 9063
f 8938 8933 9213
f 6408 2934 5852
f 5024 7112 6844
f 1189 7881 3508
f 6139 9640 8100
f 10010 7901 7452
f 4171 5189 5188
f 4842 12121 12283
f 6139 6707 9640
f 11410 11456 13019
f 258 830 269
f 5884 6149 2955
f 132 686 1826
f 12590 12579 12834
f 8500 9470 8231
f 687 2371 1827
f 2549 12662 4382
f 1226 3507 4413
f 8106 8114 6417
f 5097 3803 4059
f 1891 1885 2148
f 2818 2821 2547
f 4872 6954 7672
f 9307 8771 8731
f 586 1508 306
f 1357 5230 1078
f 3618 3611 4513
f 6426 6416 7230
f 8739 7636 9314
f 2025 50 1750
f 6135 8097 6134
f 10203 10241 13244
f 8802 9366 8795
f 4894 9641 6709
f 5783 3158 2866
f 11912 10626 10648
f 2101 123 1834
f 2008 1748 39
f 8538 8259 8531
f 10872 10095 10088
f 2095 2086 119
f 5864 2940 6146
f 12761 8593 12530
f 7077 9471 8896
f 745 2145 171
f 7768 4965 9164
f 3585 7297 1343
f 9304 8749 9317
f 2659 1833 1554
f 2373 117 388
f 12056 10185 8753
f 3595 3599 4504
f 5207 5202 4189
f 1833 679 1554
f 2096 680 116
f 6787 8879 9738
f 9651 6705 9075
f 11800 12959 13398
f 12984 9855 10232
f 2943 7217 7219
f 2097 681 117
f 6383 8089 5838
f 773 200 204
f 1294 994 1290
f 3224 8366 3215
f 6604 6607 4785
f 4472 1038 4464
f 9647 8791 9081
f 2339 2059 2604
f 3334 3329 6247
f 1146 4586 1437
f 9199 8910 9759
f 2654 4139 2643
f 5769 6060 5810
f 28 335 1495
f 4894 9072 9641
f 5493 5486 762
f 1583 1575 699
f 5308 1445 4605
f 2098 118 1833
f 4891 9641 4889
f 3690 4283 4572
f 4442 4139 2654
f 6197 5919 5910
f 1001 5159 5436
f 5749 8022 6316
f 4447 3540 1009
f 4374 2606 1791
f 8201 6236 5946
f 6708 6974 9642
f 3795 5137 5401
f 863 4299 4302
f 11292 11189 11711
f 1835 2651 681
f 2655 2095 119
f 3514 3831 1266
f 5268 247 4240
f 6539 3353 8496
f 2763 2481 3615
f 3914 4212 3905
f 3922 4266 3964
f 8104 2932 6129
f 1253 974 1269
f 1566 126 2646
f 3352 7790 7063
f 9130 9406 8832
f 1840 2391 2105
f 6884 6936 7603
f 1836 11981 682
f 8592 11617 8603
f 10902 10444 10613
f 1595 5899 6176
f 3536 3840 5159
f 6974 9357 9356
f 7962 7556 7546
f 7962 7546 7556
f 7390 8269 8540
f 5862 2933 6402
f 547 1708 2521
f 2657 4437 1557
f 12598 12597 10751
f 4824 5786 6360
f 11627 683 11981
f 1336 5473 1334
f 9211 8928 1132
f 1565 397 2645
f 1357 2188 5506
f 8367 8104 3218
f 1374 3599 4511
f 1837 1556 684
f 12378 12614 12376
f 3511 1273 1289
f 11588 8605 8600
f 1636 483 1638
f 7777 6529 8871
f 5702 10085 7959
f 8665 7605 4826
f 13015 11506 13071
f 1837 2655 1556
f 1356 8851 1075
f 1000 5160 4440
f 11821 13041 9300
f 3390 7384 8537
f 532 1693 541
f 7531 7983 10881
f 9185 4995 5979
f 4994 7082 13521
f 10623 10454 10452
f 4141 3841 3837
f 3573 4487 4486
f 4144 2645 4438
f 2938 6410 7211
f 7367 8512 8518
f 8370 7222 3222
f 5589 5307 10122
f 851 271 1985
f 13091 11543 9946
f 2374 1557 389
f 1000 5437 5160
f 2656 1558 4140
f 13412 13297 13051
f 9457 9450 8882
f 3980 4570 3667
f 4016 3416 4646
f 2280 2079 3523
f 10241 12152 13244
f 689 2646 1828
f 8371 6131 8105
f 8150 8412 7261
f 8371 3219 6131
f 9094 9662 9370
f 5861 6144 5868
f 3333 6245 8214
f 7184 8322 8339
f 9004 9609 9334
f 3703 5370 5316
f 6990 7703 6985
f 6754 6751 4939
f 9756 9178 9755
f 2099 390 121
f 11401 9913 13058
f 12453 12579 12830
f 8825 7731 7017
f 5728 7979 7977
f 9648 6703 9073
f 10422 12808 10591
f 8925 7822 7100
f 5281 3987 5582
f 8528 8256 6565
f 4445 4441 4141
f 11897 11662 11381
f 4851 9617 6676
f 4623 5637 5611
f 11527 13100 11532
f 13536 13275 13541
f 2375 2652 390
f 1742 2566 2565
f 8848 9425 9428
f 4254 1719 3991
f 11937 10681 11959
f 6893 6644 7663
f 2973 3260 153
f 12363 8604 8605
f 7225 3219 8371
f 2939 8363 3226
f 3343 8227 6257
f 16 634 664
f 11260 11140 11130
f 2652 391 1559
f 6619 9274 6878
f 1954 2507 2506
f 8580 8574 11585
f 5958 6248 3038
f 1593 1579 418
f 3537 4443 3842
f 3432 4421 3733
f 11679 10968 10939
f 9867 12113 12112
f 399 3846 3530
f 611 50 57
f 7227 3221 7212
f 4445 4142 3843
f 7834 9223 9219
f 7030 7750 7045
f 4892 9643 6710
f 4436 3529 3521
f 4969 6782 7763
f 11359 13357 12917
f 11434 13437 13238
f 400 1568 2369
f 7126 6349 7161
f 9188 9757 11522
f 816 1692 525
f 12589 8637 12833
f 647 5149 5120
f 9948 9491 9780
f 3537 3842 1296
f 2571 2030 2321
f 10794 10052 10040
f 2014 2042 1777
f 1296 3842 5438
f 401 2089 127
f 1475 1783 2325
f 2091 1819 2367
f 11892 11147 11266
f 6592 4837 6591
f 4894 6709 6712
f 3841 4436 4137
f 3841 4137 4436
f 10709 11639 822
f 5864 8107 5856
f 8675 9339 7654
f 399 2648 1568
f 9576 9041 9312
f 8108 6407 5855
f 4318 895 3428
f 2489 4582 3653
f 11127 11246 11128
f 7097 5011 7815
f 7013 7736 4933
f 10169 9837 9848
f 2658 3538 3843
f 6821 7070 4989
f 2100 122 392
f 9361 6705 9651
f 1298 5163 1007
f 11764 3304 13361
f 6783 7042 6781
f 2371 2642 1827
f 10588 10419 10420
f 4046 3743 3747
f 5000 7789 7788
f 2658 3843 1560
f 2942 8364 7213
f 75 3796 340
f 10516 5105 4075
f 4145 3844 1293
f 9135 9129 9698
f 7571 6880 2852
f 2690 11242 8137
f 11875 11123 12918
f 12250 13485 12079
f 3818 5155 4117
f 5864 6405 2940
f 7361 3367 8510
f 1569 2649 2368
f 6413 5858 10996
f 8431 7296 8437
f 130 1830 2091
f 690 1830 130
f 8268 8266 8536
f 12856 13348 12896
f 8804 9369 9373
f 4475 3562 3568
f 12818 12577 12007
f 2364 2631 2359
f 7746 7027 3321
f 8290 2918 5785
f 2509 1951 2219
f 6320 7134 8081
f 1794 2055 7173
f 2403 1853 2119
f 12472 10665 8568
f 8556 12413 12667
f 2379 393 123
f 6445 2679 2398
f 3496 3513 4418
f 7991 7550 7990
f 9079 8787 4893
f 8446 8184 6492
f 1739 1740 2001
f 3229 7214 7217
f 790 218 786
f 2756 1936 2202
f 8110 6706 9650
f 12817 10726 12570
f 10309 10555 10817
f 9025 9599 9619
f 3592 2744 2464
f 3131 2849 8289
f 2327 2595 4394
f 12478 12512 11950
f 2157 176 2168
f 7552 4758 4757
f 5803 6072 6346
f 12047 13239 12203
f 8789 7692 9360
f 11630 2245 2243
f 4893 7691 9071
f 4972 7088 6798
f 8332 8331 8072
f 2290 1742 2565
f 11939 10677 10692
f 4843 6914 6647
f 5865 2941 7215
f 7693 2944 8785
f 10805 10518 10037
f 7694 8786 7692
f 1312 1015 1011
f 11105 10983 11752
f 5838 6111 3205
f 12122 12287 12286
f 396 2650 1562
f 1341 1045 4486
f 6414 4890 9080
f 9443 8866 9726
f 403 394 2372
f 2380 395 2371
f 1596 1611 440
f 2008 315 2320
f 4479 3566 1331
f 4894 7693 9072
f 124 2372 2094
f 403 2372 124
f 5441 1294 998
f 7768 7051 4965
f 8482 3337 8480
f 10759 10067 10073
f 1356 2186 2192
f 7778 3349 7071
f 895 5362 5087
f 9230 12349 9960
f 8867 9434 7332
f 5293 1131 1427
f 4215 5230 3916
f 774 5222 209
f 15 2012 5341
f 3550 3549 4457
f 1569 2368 401
f 232 1947 2208
f 5587 854 282
f 12159 4944 7748
f 1353 1054 4492
f 3850 5440 1295
f 12832 12022 10737
f 1630 470 1639
f 5734 4751 10601
f 638 70 666
f 10285 12192 12348
f 5097 4351 931
f 5265 4234 3942
f 9379 1017 8401
f 10139 13019 9915
f 5197 5469 4174
f 13524 11531 13373
f 9216 6567 9796
f 3930 4530 4230
f 2819 2259 1991
f 12158 13248 12926
f 8869 3053 7063
f 7520 5707 7963
f 6974 9356 9642
f 1790 2347 2063
f 3128 6883 8287
f 10428 10095 10101
f 8368 8366 7220
f 2519 544 1705
f 3729 4372 4038
f 12470 12751 12763
f 1119 1409 3631
f 6310 6015 6019
f 12971 13424 11513
f 11135 11883 11370
f 11557 10287 11554
f 7799 8504 3069
f 11688 12062 10987
f 5977 6267 3352
f 3342 3337 8482
f 8008 5770 6353
f 9654 9647 9081
f 2938 7218 6410
f 8488 8884 9449
f 2470 3588 2746
f 10744 8651 8649
f 3779 4118 4121
f 9956 10283 12194
f 4395 4394 3510
f 3922 557 264
f 11125 11876 8127
f 572 606 3129
f 4445 999 4441
f 5056 5070 5350
f 8000 8645 7559
f 10001 10842 5339
f 12973 13032 11471
f 1804 652 2638
f 10451 10444 5743
f 12067 13160 12106
f 7531 7972 7983
f 1971 2239 11635
f 2606 2344 2064
f 9217 8931 9506
f 12977 10173 11457
f 12328 12165 12162
f 9420 9716 8856
f 12541 1648 485
f 6011 6294 3380
f 8108 7228 6407
f 9217 9218 9799
f 4551 3638 3652
f 6557 11139 8251
f 1644 1637 475
f 8860 9428 9425
f 13374 3376 3075
f 9000 9007 9571
f 9572 9907 12310
f 12856 11813 11351
f 10508 4664 10342
f 10455 10134 10130
f 12434 5719 4740
f 8868 9435 8862
f 9850 12278 10171
f 7905 11591 12652
f 5612 5607 4654
f 5467 1131 5293
f 5168 4148 1010
f 6174 6180 5905
f 10133 10621 10910
f 4793 6637 6647
f 10708 262 12549
f 12038 12846 10753
f 1386 1111 4538
f 8276 2837 3190
f 10866 5521 10083
f 7024 8841 7739
f 78 653 1529
f 719 157 166
f 4589 2807 1147
f 63 337 1488
f 4845 6643 5791
f 592 3144 6054
f 425 2671 1581
f 890 3524 4428
f 8441 3012 7291
f 752 1894 2156
f 4306 9579 914
f 958 1283 4388
f 9662 9364 9656
f 2380 2377 2653
f 3940 4232 4237
f 13542 13122 11551
f 7860 4689 7460
f 519 2770 1690
f 7031 7745 7753
f 8389 7240 8115
f 7028 7748 3324
f 13085 11375 13526
f 2549 3523 4312
f 9596 6368 8059
f 9522 9803 9223
f 8686 9277 8710
f 9187 9475 9184
f 693 133 687
f 12718 11938 10649
f 4546 4243 3957
f 9318 8762 9332
f 8106 6412 8114
f 126 1843 2096
f 5009 9207 9783
f 4332 2343 3495
f 609 84 71
f 1837 2107 2655
f 11403 9867 12965
f 4203 5220 3908
f 6804 3351 6268
f 11561 11560 13130
f 10976 10975 12900
f 6800 4978 4980
f 1926 1071 1931
f 5348 10812 10036
f 6840 5023 5022
f 13023 13053 9879
f 5442 3844 4145
f 394 1560 1552
f 8977 6657 9556
f 11893 13121 11547
f 11824 11867 11122
f 5972 5967 6259
f 6333 8028 6332
f 8389 8115 11241
f 2016 604 600
f 206 769 196
f 8549 11918 10637
f 5865 6136 5873
f 4734 12673 2788
f 3421 3469 3719
f 12569 10720 12806
f 6194 8408 8157
f 6855 7583 7607
f 9269 7684 8712
f 5502 3899 10409
f 3850 4151 5440
f 9948 13103 9491
f 5298 5285 5569
f 8188 8440 7300
f 132 2095 701
f 6063 5796 6343
f 2307 3458 1268
f 11572 8567 7419
f 4547 1417 3651
f 7833 5025 6844
f 402 2668 2373
f 3732 3815 4115
f 8110 6422 6136
f 4894 6712 7693
f 309 1469 60
f 1658 4197 212
f 6619 6887 7611
f 5115 5391 5384
f 6826 5008 7096
f 9814 10161 10170
f 407 1564 396
f 11560 9966 13127
f 3319 3310 3030
f 1596 5906 1611
f 5231 1361 5507
f 7694 6980 6975
f 6414 8117 8103
f 6975 6980 7695
f 8096 8094 6394
f 8103 8117 8118
f 2945 3239 5867
f 5530 3915 4213
f 4896 9646 6707
f 687 1563 134
f 1088 806 5252
f 4945 6769 6246
f 4065 4119 3784
f 1840 2105 2097
f 11067 10949 11738
f 7144 3139 2851
f 5887 6437 8123
f 10688 8600 11615
f 765 1638 483
f 1873 8398 7251
f 1835 2097 2105
f 11448 11464 13062
f 3876 3571 4171
f 1857 1849 2114
f 2654 1564 2383
f 1060 1930 5496
f 4072 3768 4088
f 3845 4148 4143
f 12608 12531 12735
f 9646 9082 9075
f 10633 11964 10669
f 546 558 559
f 9652 9651 9075
f 873 1174 3451
f 9110 9103 9675
f 3371 3086 3087
f 9654 9086 9650
f 4606 1156 4602
f 4342 3477 3826
f 10351 10511 10344
f 2059 2605 1784
f 3845 4450 4148
f 3065 5976 6265
f 5441 5439 1294
f 3224 7229 8366
f 7131 2907 2908
f 1835 2105 2384
f 6035 3202 2876
f 11186 11716 11832
f 2267 2616 310
f 10029 10799 10834
f 1566 694 126
f 4467 3557 4464
f 4109 3816 5425
f 5862 3234 8378
f 306 1546 672
f 7581 6868 7588
f 2655 2107 2385
f 3285 2996 3283
f 3333 8214 8474
f 2043 2615 2614
f 7241 8386 6416
f 3536 1001 4449
f 7154 8307 8306
f 4674 4340 7478
f 6296 6010 6012
f 10836 4688 7482
f 12125 5801 10995
f 703 1577 700
f 9359 8791 9647
f 6138 5868 2947
f 12472 12769 12523
f 4447 3535 4442
f 8695 9051 9623
f 162 723 2967
f 1751 2053 2036
f 7630 4862 6910
f 7220 8375 7232
f 7289 8169 3286
f 11267 11265 11379
f 721 2966 3254
f 8494 8493 7346
f 1178 908 4376
f 9720 9430 8849
f 1196 1206 889
f 12852 10956 13325
f 4669 7451 4686
f 8978 9613 9338
f 8398 8391 7245
f 547 2534 1979
f 6320 8285 7134
f 3052 7343 3340
f 10767 7491 7876
f 11666 12458 8645
f 4147 5441 998
f 8369 7221 7231
f 8788 9656 9364
f 3252 2960 2958
f 8607 2108 11627
f 4144 3543 3853
f 9382 9666 9380
f 6223 8186 3303
f 508 787 1670
f 4071 5091 3774
f 1856 2666 1585
f 7156 8313 8346
f 818 252 819
f 1837 2109 2107
f 7357 6538 7353
f 4267 4261 3969
f 10604 10434 10433
f 7058 7766 7053
f 8059 6368 8082
f 4238 4233 3943
f 689 136 1566
f 11830 8336 11326
f 2656 4444 3542
f 5876 3239 2954
f 7226 8381 6411
f 12229 9891 9864
f 6411 8381 8113
f 2442 178 459
f 1440 1445 1159
f 508 1670 223
f 508 223 1670
f 8373 8371 7234
f 4634 4324 880
f 12159 6767 12322
f 8372 7236 8370
f 8370 7236 7233
f 3169 5839 6076
f 3000 5913 3280
f 8371 8105 6419
f 5451 4152 3855
f 5502 10409 10082
f 4825 6691 7621
f 2375 2099 1845
f 8314 8346 7194
f 1514 4097 5121
f 3224 7224 8380
f 1165 857 3409
f 3117 5809 6098
f 3224 8380 2946
f 10579 3974 10593
f 13382 11030 12948
f 1889 2145 745
f 12844 10749 12033
f 9649 8107 9084
f 491 195 490
f 968 1260 7941
f 5213 5497 5207
f 13299 10981 11726
f 1567 410 1572
f 3840 3836 3834
f 8106 6417 5870
f 4476 3570 4470
f 7608 9277 8692
f 13297 12871 13479
f 11915 12516 10662
f 4732 3645 5714
f 3537 1296 1006
f 2373 388 2370
f 816 245 246
f 4446 3544 3538
f 5089 4064 3833
f 2527 2791 11636
f 12843 12591 12841
f 6141 5871 4898
f 3352 3060 3348
f 3352 3348 3060
f 7227 8382 8381
f 6995 5178 711
f 2008 39 315
f 3069 8504 7359
f 1570 4153 399
f 8569 12625 12413
f 9007 8741 9016
f 7227 8381 7226
f 12852 10975 10956
f 399 4153 3846
f 8968 9283 9621
f 10478 10845 10846
f 5287 3969 5568
f 2376 2388 2663
f 7547 5720 5724
f 11359 11876 11361
f 1491 358 1524
f 11202 11339 11220
f 11633 2785 1967
f 11487 11486 13079
f 398 1572 696
f 11875 11359 11361
f 156 707 422
f 11800 13545 11044
f 2212 1949 1951
f 10437 10597 10435
f 6470 6464 8161
f 9158 9149 9729
f 9676 9386 8816
f 4145 4149 3854
f 1717 5007 6008
f 12801 11778 12558
f 12982 11489 11493
f 12982 11493 11489
f 13457 13498 13231
f 128 696 138
f 12097 12258 6607
f 10271 9948 9780
f 11875 11361 11123
f 3751 1490 4062
f 11723 10977 10991
f 2690 2412 2698
f 3988 3975 3985
f 12683 2238 2785
f 9078 4892 6713
f 2818 2547 2822
f 1634 4180 3891
f 3227 2949 6142
f 6977 9495 3380
f 10451 10612 10444
f 9418 9412 8449
f 129 128 138
f 1367 1068 2194
f 10709 12004 10713
f 6300 6013 6569
f 3390 8537 7385
f 3701 3772 3783
f 10035 4074 10370
f 10411 10576 3906
f 400 2379 2665
f 4296 5106 4045
f 127 5161 695
f 401 1573 411
f 839 838 266
f 424 419 1580
f 9375 9089 8793
f 12819 12578 12821
f 3046 3335 3336
f 3417 4362 1209
f 6852 13465 13184
f 2335 2624 8075
f 4102 666 1542
f 8109 6413 8115
f 3319 3025 3310
f 1066 1064 4502
f 3228 2952 135
f 8516 8250 6550
f 8110 9086 6422
f 2544 1147 2808
f 6866 4779 7610
f 8788 9078 9656
f 8795 8793 9085
f 3655 1130 1440
f 8110 9650 9086
f 2024 1765 2028
f 11810 11317 11872
f 5471 3866 4911
f 3848 4152 5163
f 11809 13203 12868
f 8606 12023 11672
f 5437 5154 5160
f 3865 5454 5185
f 9361 9651 8792
f 5501 5513 5227
f 10011 10691 11955
f 1566 409 694
f 3232 3227 2942
f 6045 3188 6067
f 4546 1125 1407
f 6896 9026 8718
f 3562 1324 4468
f 10067 11968 10690
f 3230 2951 2942
f 11104 6457 7276
f 4908 9671 6727
f 12104 10245 9894
f 6722 4901 7699
f 9333 8749 9610
f 5015 5284 8926
f 1682 1680 2762
f 3232 2942 2951
f 10182 10217 9852
f 6833 3985 4282
f 9736 9750 4973
f 5502 10082 5232
f 8532 3386 8529
f 5527 5235 5519
f 2944 2952 3228
f 4819 6059 5802
f 12208 12154 9823
f 3229 2943 2950
f 457 3561 164
f 9690 6739 9687
f 9362 8789 9360
f 2529 12678 2528
f 13187 11449 13046
f 7221 8378 7231
f 3233 2944 7693
f 3965 5294 3978
f 276 843 3098
f 3230 140 2951
f 5162 5442 5164
f 519 2758 2487
f 9080 9361 9658
f 12474 11952 12760
f 10585 10869 3962
f 11443 8776 9344
f 12358 12201 13285
f 3230 691 140
f 6619 6878 7618
f 5162 5164 5446
f 10460 10521 10338
f 12586 10445 10612
f 4925 6737 9691
f 11156 12707 11272
f 3851 4154 4148
f 3851 4148 4154
f 3295 12923 13359
f 1770 2050 2356
f 812 240 807
f 6468 5918 8157
f 7588 4865 6862
f 2945 6137 8098
f 9946 11543 10275
f 2385 2660 1841
f 7774 7760 7049
f 11320 11862 11868
f 7984 12690 5719
f 4924 6192 6733
f 4895 6714 6712
f 6033 5763 2925
f 6083 5830 6089
f 11303 11852 11331
f 2562 1511 1814
f 1354 2194 2184
f 12709 12707 12461
f 6443 11241 11243
f 2112 2661 2384
f 10679 11960 12520
f 2691 8134 1871
f 10273 9947 13111
f 4534 3924 3621
f 1927 2749 2197
f 4182 3568 3881
f 4936 9125 9696
f 3704 5145 4004
f 735 449 1611
f 3255 8396 7243
f 9196 9488 8909
f 6719 7696 4901
f 11796 12956 13397
f 11721 12883 10969
f 10017 10044 10795
f 2656 4140 4444
f 6529 8215 9437
f 2506 2784 2237
f 2758 1684 235
f 13118 13540 9957
f 160 727 1879
f 2019 1776 2041
f 4679 10374 5669
f 9179 9177 8892
f 10091 11999 11995
f 12290 4830 12118
f 7992 10893 10116
f 8373 11876 11360
f 149 411 1573
f 7090 5547 7806
f 5800 7657 2878
f 12815 10722 12005
f 5929 6206 5926
f 3730 5063 4040
f 12182 7810 13267
f 11637 11636 8615
f 6759 4940 9148
f 12198 13544 12352
f 6238 6228 5943
f 9092 9371 9659
f 4314 3407 4427
f 6058 5825 6669
f 210 209 764
f 7776 7062 9440
f 3090 3367 3368
f 779 217 5213
f 3981 4265 5286
f 7006 9672 9390
f 12614 12628 11582
f 11823 11478 10184
f 6506 1910 8188
f 11683 12053 12239
f 1019 2117 1309
f 5162 8360 997
f 1832 2801 2251
f 4174 3870 4168
f 1027 1325 1024
f 7591 3166 6919
f 9238 9536 8666
f 9238 8666 9536
f 13105 13111 13104
f 3037 3327 3326
f 3037 3326 3327
f 3387 3102 8530
f 2280 4426 2079
f 5833 3197 6109
f 9178 12171 4986
f 1159 5588 3693
f 5110 3770 4091
f 431 1587 429
f 5458 5175 5457
f 4648 5680 7516
f 3232 2951 2949
f 6862 4865 6680
f 7221 2933 5862
f 5026 7832 7113
f 6426 7230 8377
f 5930 2998 6472
f 9466 9933 9756
f 7367 8518 11373
f 11296 11204 13318
f 1225 4420 926
f 2848 8305 7159
f 4500 3585 4495
f 10037 10371 10830
f 11588 7919 7476
f 13248 3319 12926
f 9661 9090 9365
f 12383 12643 11612
f 1924 1920 1070
f 10455 10130 10132
f 4893 9071 6711
f 11526 13257 7797
f 407 703 143
f 693 134 414
f 5092 3773 5356
f 693 414 1585
f 4896 8795 9082
f 4915 2980 7715
f 6742 9110 9681
f 8285 8028 7134
f 9795 8934 9793
f 7122 9268 8662
f 10280 9214 8932
f 3420 5402 3794
f 340 1542 338
f 8391 8117 8390
f 736 1606 1615
f 6415 8117 8391
f 2382 2114 1842
f 2672 1842 2114
f 10639 10851 11944
f 2104 2671 2390
f 11407 13505 13057
f 5198 182 740
f 763 481 1642
f 3035 3311 5941
f 10749 10129 10904
f 7880 10235 7489
f 2649 2639 2360
f 7711 5457 8811
f 1189 3508 3784
f 4453 1299 1008
f 11776 13376 6291
f 6717 6982 7695
f 5266 244 5545
f 7188 5850 6393
f 11928 12764 10565
f 11928 10565 12764
f 4162 4158 6721
f 13169 13162 13497
f 1851 1841 2660
f 8119 8374 8111
f 12090 13069 9886
f 2101 2379 123
f 177 1883 737
f 2112 2384 2105
f 3394 920 1178
f 1581 2671 694
f 5176 5448 5168
f 2264 2821 1994
f 434 1598 1613
f 2957 6144 3243
f 1166 859 861
f 8794 9367 9081
f 1010 4148 4450
f 1633 479 754
f 1632 1639 470
f 10926 11716 11737
f 2680 12424 12668
f 4300 894 3420
f 1851 2660 2385
f 6040 2831 3125
f 6424 7229 2946
f 8010 8352 11209
f 4086 3769 4096
f 11127 2399 6446
f 12670 2419 12426
f 3167 9349 8329
f 6741 4918 9680
f 145 702 408
f 11281 11394 11905
f 348 2594 1509
f 2222 1982 2535
f 4122 5144 3823
f 9158 9724 9149
f 5012 7816 5294
f 7147 7151 8349
f 8121 8375 6424
f 12476 10656 10666
f 1350 1349 1052
f 9088 9659 8790
f 763 200 481
f 11911 10659 12738
f 8483 8224 7334
f 8197 9712 8850
f 6857 6623 4810
f 4913 7719 7718
f 1010 1005 4452
f 7943 7498 5692
f 13547 12355 12356
f 2956 5866 7238
f 3035 5941 6239
f 2744 2737 2464
f 6424 8375 7229
f 12846 10456 12596
f 10326 5657 10050
f 5758 6047 6348
f 8531 6564 8257
f 8120 7231 8378
f 233 805 1945
f 2958 3242 6145
f 8313 7187 8346
f 11366 11374 11255
f 2347 2359 2063
f 10280 11545 12346
f 6971 4886 7688
f 8122 7231 8120
f 7886 4718 7958
f 759 187 10698
f 3448 3750 1210
f 11141 11256 11135
f 6752 7020 9693
f 592 307 325
f 2674 2115 2385
f 8599 11612 11620
f 2286 1803 2312
f 6139 8113 5866
f 3619 2753 4519
f 2955 3241 5867
f 8126 6426 8377
f 11434 11425 12986
f 3546 4452 1300
f 2957 2947 5868
f 13303 12912 12893
f 5319 5146 3806
f 909 4065 4390
f 9946 9489 13101
f 1307 1301 3541
f 5214 5491 5498
f 3547 1301 1307
f 4150 3854 5445
f 2541 3678 1141
f 3067 7794 7080
f 6382 8069 8354
f 8796 9088 9083
f 47 600 2036
f 11792 11268 11148
f 416 136 135
f 9781 8914 9201
f 3546 1300 3544
f 2393 1845 2108
f 7776 7067 7062
f 5585 5302 5584
f 8277 2925 7123
f 9844 11190 11316
f 5036 5061 5321
f 12787 11625 12667
f 11717 11728 10953
f 1057 4490 1917
f 3039 5956 6247
f 8225 6785 9739
f 747 741 181
f 1018 1017 1311
f 8388 8114 8122
f 1319 8804 1024
f 10273 13103 13110
f 1519 353 1530
f 3535 4440 3839
f 786 218 1929
f 489 194 12540
f 186 461 2436
f 8506 8242 8494
f 7816 7821 5294
f 490 479 199
f 1354 1053 4496
f 11522 9466 8893
f 147 2113 2389
f 6149 8120 8378
f 7015 7017 7731
f 12183 13112 11535
f 7091 7805 7090
f 1013 1309 4451
f 2029 2065 1761
f 4521 1368 3604
f 8207 2477 6519
f 6432 7233 7236
f 3555 9094 3557
f 2754 2199 1934
f 6432 6429 7233
f 5705 10449 8002
f 3167 7655 2888
f 5028 4081 3756
f 1014 1301 3547
f 6619 9608 9274
f 2119 2662 2675
f 9248 9281 8704
f 4226 4217 3920
f 11806 11073 11313
f 10378 12764 10565
f 2379 2369 393
f 9159 8874 9726
f 10673 8590 11865
f 2029 1761 2039
f 5263 5262 5547
f 7243 9084 6418
f 3051 7339 8480
f 1582 695 137
f 2005 349 2310
f 8456 7302 7307
f 3242 5871 6145
f 4379 4391 3491
f 3900 4492 4192
f 12406 12403 12639
f 2135 1878 2141
f 10512 10396 10555
f 6427 7235 8382
f 2064 1795 2641
f 2064 2641 1795
f 12455 12452 12699
f 4216 1667 792
f 457 164 729
f 7702 4898 2960
f 4303 4069 3397
f 2962 6152 5872
f 8010 7175 6317
f 6013 8532 6569
f 7700 5870 2959
f 12714 11911 11933
f 3332 3328 6248
f 6152 3235 5872
f 13477 6950 7682
f 233 1945 2210
f 2216 2214 1948
f 7087 7811 7076
f 6892 4830 6640
f 8797 9655 9084
f 8804 7251 8390
f 8296 2851 8293
f 2658 4446 3538
f 12032 12028 10740
f 782 788 223
f 297 91 12480
f 6882 9273 7616
f 104 677 384
f 5910 6188 2977
f 4050 3766 5083
f 8129 7237 6431
f 10003 5641 10342
f 9000 926 9581
f 7904 7483 5662
f 2960 4898 5871
f 8026 9566 6613
f 6411 8113 5863
f 13384 12190 11786
f 6152 8382 3235
f 2336 1316 3991
f 7702 6981 6713
f 4168 3870 5466
f 12340 6292 11778
f 935 1234 4410
f 12842 12838 12595
f 12694 5737 12446
f 2765 1946 1676
f 6154 5879 2948
f 5631 12417 12423
f 418 138 696
f 3391 1326 4469
f 9316 7179 8751
f 1035 4164 4465
f 5441 5163 1298
f 4179 4473 2714
f 148 4153 412
f 8848 4950 7312
f 10004 10772 10355
f 9232 8667 6885
f 6432 7236 8129
f 1509 377 1543
f 5170 4150 5445
f 4734 2788 2518
f 12938 11026 11775
f 4031 4038 3735
f 2436 2700 1885
f 8642 8635 10733
f 706 148 412
f 7567 7633 6890
f 1040 1035 1330
f 5361 3829 4130
f 3902 3594 4210
f 6414 9658 8117
f 4811 6661 6673
f 6151 3236 5879
f 418 1579 138
f 9089 9085 8793
f 7471 5695 7911
f 5170 5164 4150
f 11730 11218 10994
f 6156 6146 3237
f 11241 8115 11361
f 3883 1333 3570
f 7339 8473 7331
f 6984 6715 4899
f 395 1561 383
f 6431 7237 6421
f 1855 706 1574
f 11468 9876 11467
f 9371 6985 9657
f 5346 5148 5406
f 12952 3101 3385
f 10582 10438 10608
f 3586 1344 9694
f 9090 8791 9365
f 4520 1075 9725
f 6576 6018 8258
f 1383 1087 1084
f 13261 12929 13523
f 4156 3856 5164
f 8427 8418 7282
f 11167 11707 10925
f 8757 9324 8770
f 4840 6640 4830
f 9089 9369 8792
f 7972 1419 1129
f 6622 6959 4875
f 35 658 1534
f 4494 1048 3583
f 6602 12303 9902
f 2625 2342 1797
f 10126 10617 10614
f 5620 12387 12657
f 13350 11760 2916
f 6658 6096 8089
f 3106 7383 3388
f 9137 9720 8849
f 7728 9401 8826
f 6157 2950 3238
f 11177 11752 11075
f 4029 988 5053
f 10526 10404 4701
f 473 1634 1641
f 1857 2667 1847
f 13096 10262 9930
f 8291 1774 944
f 12350 13539 13120
f 9185 6534 8240
f 5882 140 413
f 8591 12409 12656
f 10262 11518 9930
f 8390 8117 9369
f 4989 7070 7786
f 6733 3274 7001
f 6104 3096 6012
f 9662 9660 9364
f 9077 9648 9073
f 4579 3980 3668
f 9661 9365 6984
f 8202 9705 8466
f 8798 6422 9086
f 8899 9761 9476
f 10827 10371 10535
f 10827 10535 10371
f 11040 6310 6019
f 7244 6422 8798
f 3223 2947 5869
f 1980 841 267
f 11696 11695 10948
f 708 2668 1576
f 6148 2953 3239
f 6853 6851 7635
f 7874 5616 7868
f 3660 4590 4567
f 5556 3955 3954
f 7609 8988 4805
f 1107 5539 5255
f 360 1527 88
f 1593 422 1579
f 3245 3240 6147
f 10091 5560 5277
f 7534 7973 4742
f 6154 3240 3245
f 3767 3769 5426
f 2963 5873 7244
f 6173 1593 3261
f 7227 3235 8382
f 406 1575 2389
f 406 2389 1575
f 3921 5513 508
f 7606 13216 4861
f 7620 6651 4828
f 8394 7241 6426
f 1310 1012 1303
f 4447 3541 3535
f 5 11 12762
f 2868 2915 5808
f 6444 2404 2397
f 9661 6984 9368
f 4157 5167 5448
f 6815 4996 12333
f 11559 10290 11557
f 8655 12462 12709
f 5120 1275 959
f 12211 10933 12888
f 6323 5765 2833
f 2523 2520 2789
f 8320 2866 3165
f 561 844 1720
f 11011 11367 11251
f 12939 13377 10711
f 4659 4666 5679
f 3121 13508 13352
f 9139 6502 8194
f 9664 9088 8796
f 1462 632 2560
f 5915 6732 2983
f 10703 2239 1962
f 8006 8055 6315
f 4044 3734 10571
f 10115 10114 10896
f 12553 12436 8612
f 5806 5805 6085
f 13171 11455 12865
f 13094 11525 11526
f 11586 11324 11865
f 1307 1009 1306
f 4748 7539 7974
f 9398 7733 8832
f 10466 10792 10027
f 8329 8343 7191
f 2256 2803 2798
f 11562 9964 11397
f 2509 1967 2785
f 1938 2476 2749
f 11261 11376 11370
f 3291 5918 6196
f 1309 2117 5447
f 5997 6283 8244
f 146 1308 5449
f 146 5449 1308
f 3103 8529 3386
f 8994 9041 9576
f 1696 810 1692
f 2959 7239 8388
f 10135 9889 11438
f 6209 11129 8168
f 5797 6107 10978
f 9889 10218 12145
f 11168 11177 11075
f 8202 6513 9705
f 2240 2780 2517
f 12694 8624 8622
f 9668 3551 4458
f 9107 9675 8814
f 1109 1395 3632
f 12011 12814 12560
f 3032 3317 3031
f 10126 10448 10617
f 3677 4581 1435
f 9998 7939 11475
f 552 831 1710
f 2542 2806 2804
f 12460 12822 12824
f 9150 8860 9722
f 5504 205 3901
f 13306 10980 11741
f 3263 6173 5901
f 5365 3780 10033
f 6978 7696 7697
f 3044 6780 3332
f 1345 1341 3582
f 12043 9906 10479
f 9695 9119 9406
f 9522 7834 7116
f 11076 13067 11197
f 10777 10498 10499
f 8104 7230 6416
f 6204 6193 5913
f 9919 10242 9918
f 7169 6357 5839
f 2989 5903 6178
f 484 755 190
f 7400 4330 866
f 9591 6666 8761
f 13374 7369 12936
f 9498 9497 8924
f 2885 3169 3174
f 3669 3967 3664
f 9257 6876 9569
f 10626 12538 12772
f 7011 9400 7727
f 9483 9780 9491
f 6710 6141 4898
f 421 3856 4156
f 6916 6092 3179
f 10122 5307 10901
f 3036 3325 7034
f 13291 11690 13422
f 3343 3063 3053
f 1857 1579 707
f 212 4197 5494
f 11603 8593 12761
f 6474 6462 8156
f 10333 8579 12511
f 10723 12806 12815
f 7699 6982 6717
f 5018 7105 6833
f 8425 7273 8421
f 1018 1307 1306
f 5882 6155 5880
f 4028 5124 4027
f 6619 4799 8985
f 9793 9791 9221
f 9643 9069 8102
f 6724 4912 6729
f 2513 538 2231
f 12360 5695 4698
f 2157 734 176
f 9463 8492 7350
f 243 823 242
f 768 1643 758
f 3860 4155 5452
f 2974 155 3262
f 10189 12309 12145
f 13319 11721 12881
f 13551 13287 13285
f 4354 2338 3497
f 6720 6161 5874
f 4730 3657 4565
f 5503 4212 5226
f 9091 9660 9662
f 61 327 1490
f 5176 3859 5448
f 9784 5008 6827
f 3035 6765 7750
f 13221 7656 13481
f 9699 9695 9130
f 3166 2868 6080
f 12532 370 112
f 6023 3112 6659
f 3134 2877 3186
f 10169 9612 9837
f 8800 8798 9367
f 947 2074 1268
f 11902 13395 11390
f 5552 5561 5275
f 7713 8806 5459
f 7777 7784 7073
f 2127 2121 1849
f 4556 4727 3652
f 9392 9671 9670
f 6576 8258 6566
f 430 1585 1589
f 10263 9939 11138
f 11699 10946 10969
f 1021 1314 1013
f 6110 3198 3212
f 3249 7698 2956
f 5885 6159 5878
f 9229 9524 8951
f 1654 1646 494
f 4219 5522 3918
f 519 2487 2207
f 1119 7520 7963
f 6783 7754 7042
f 9188 10259 9936
f 6986 9372 8795
f 2679 2670 2398
f 8474 8214 8469
f 8110 8096 6128
f 4106 5435 3810
f 2404 2678 2397
f 1754 601 2024
f 1679 2820 1721
f 11183 13344 11345
f 8040 5790 6342
f 8139 2681 12669
f 8560 12423 7889
f 3025 5935 6220
f 150 709 143
f 6547 8252 8241
f 426 1589 414
f 3913 4204 4207
f 5477 5481 5201
f 9644 4882 6132
f 12606 12402 12389
f 848 278 561
f 7253 7240 8389
f 7411 4710 7951
f 5921 6192 4924
f 6159 8130 6424
f 6814 5995 4996
f 12573 12015 10724
f 12573 10724 12015
f 1594 424 6175
f 6250 3040 5962
f 2301 318 3452
f 5943 3021 3302
f 6433 6157 8119
f 6204 6481 5924
f 11982 685 114
f 6434 8120 6149
f 5883 6157 6433
f 13136 13458 12054
f 2763 3615 2492
f 10010 10858 11932
f 5453 5168 1305
f 10545 12768 12521
f 5884 2955 3248
f 7705 6718 6983
f 6984 9365 6715
f 8562 11612 11599
f 11399 13049 11433
f 12211 12239 12053
f 8515 8246 7363
f 2490 2754 1940
f 2490 1940 2754
f 2123 1852 1858
f 11983 10698 187
f 9475 8505 6546
f 3467 4361 3490
f 13170 13434 6956
f 361 87 3790
f 2273 2014 2279
f 5074 4109 5425
f 977 4431 3503
f 6990 6983 7705
f 6990 7705 6983
f 11675 8652 12032
f 854 283 282
f 11936 10676 12517
f 10951 11711 12895
f 4106 5147 5435
f 2399 2673 2672
f 12593 12835 11036
f 11913 12510 12754
f 4546 1407 3628
f 2752 2474 8209
f 6437 7242 8385
f 11581 7942 8573
f 3593 3597 4516
f 3364 8230 6266
f 8395 7242 6437
f 6437 8385 8123
f 3711 5107 5318
f 12832 12023 12831
f 8394 7247 8386
f 11236 11352 11869
f 12693 7543 4750
f 7590 4863 13183
f 11127 6446 11246
f 427 1590 415
f 9127 8834 8840
f 8485 7335 7343
f 8993 9012 8722
f 6722 7699 6987
f 12973 11468 13032
f 7593 6917 7640
f 5178 5450 711
f 7967 7539 10589
f 3281 6185 3274
f 7905 7466 11591
f 710 145 2117
f 9533 9261 8065
f 10623 12836 12035
f 3703 5316 5037
f 6565 8256 6307
f 6792 4970 9169
f 9818 11195 10197
f 13293 11347 11333
f 12643 5693 4713
f 6605 4874 4875
f 711 5450 2118
f 8552 8577 11618
f 4905 6721 4902
f 12509 12778 10561
f 3554 4461 3558
f 13464 13220 13200
f 4251 3952 535
f 8451 8447 7308
f 2710 2433 2425
f 7249 8387 8125
f 6024 2871 5795
f 6441 6430 8135
f 7991 10425 10106
f 7031 7744 3031
f 5889 5879 6154
f 9936 10259 9935
f 12339 12187 11024
f 5426 5425 3816
f 10488 10408 10768
f 13159 12298 12135
f 5896 6180 6174
f 3253 8388 7250
f 3253 2959 8388
f 3903 4211 3909
f 3325 3024 5954
f 7486 5682 7931
f 9580 8711 9003
f 1517 639 104
f 309 60 342
f 5065 4127 5064
f 3365 6281 6282
f 11719 11217 11077
f 5689 4702 4701
f 1592 417 3858
f 11109 9913 10209
f 8108 6133 6410
f 594 600 47
f 8133 6427 8128
f 12546 12566 12812
f 13229 12300 12133
f 5496 1930 215
f 932 1779 1265
f 1385 1094 5535
f 6441 6428 8127
f 2882 3160 6086
f 2683 2394 2395
f 1382 1389 5534
f 9157 7782 12169
f 4280 5567 4261
f 1315 3547 4459
f 8660 9266 9289
f 152 704 146
f 9689 6479 4924
f 12770 12780 12537
f 8138 11125 6428
f 8395 8134 6431
f 8975 4786 7601
f 5506 5503 5230
f 11242 8136 6429
f 5634 7878 7920
f 9848 9837 10163
f 12981 11316 11490
f 5955 4950 6766
f 3254 2962 5880
f 9742 9173 9168
f 1116 3630 1406
f 1250 936 5422
f 9290 8717 1218
f 3291 6194 5918
f 4460 1021 4455
f 637 92 1514
f 8550 11594 7404
f 6771 4951 6761
f 4892 9070 9643
f 9579 9321 8745
f 11248 11139 11374
f 7551 7992 7993
f 4544 1107 3625
f 4925 4916 6737
f 10746 11661 12026
f 1593 418 715
f 7746 3321 3033
f 5457 5169 1315
f 4460 3548 4456
f 6250 3336 3042
f 6442 8137 6432
f 185 750 190
f 8805 7702 6988
f 11843 12896 13348
f 2403 2677 1853
f 7552 7549 5728
f 2125 1854 2120
f 4238 3936 4233
f 11243 11241 11125
f 9378 7244 8798
f 10190 12156 12104
f 3774 4383 4080
f 429 1584 2677
f 153 706 1855
f 4026 4358 3763
f 9665 9373 9089
f 860 1170 9296
f 2968 5889 3245
f 6586 6861 6854
f 8479 8213 8468
f 5458 5170 5175
f 9025 9619 9601
f 12306 9901 10227
f 594 47 62
f 5890 2967 6156
f 5477 1332 1040
f 1335 1334 1039
f 5890 5881 6166
f 5983 6007 6274
f 7030 3035 7750
f 1029 9374 1022
f 9034 5839 6357
f 2404 2124 2678
f 5897 2974 3271
f 5218 4218 5510
f 9093 9661 8801
f 3339 7347 8491
f 5398 5397 3829
f 3839 3831 4139
f 2911 5833 2927
f 11701 10928 11079
f 348 2352 2594
f 1594 423 1583
f 6212 5930 8166
f 429 420 1584
f 429 1587 420
f 6039 11720 10944
f 5587 282 7829
f 6166 6157 5883
f 8398 7245 8390
f 7252 8391 8398
f 1839 120 685
f 8542 7386 7390
f 430 1856 1585
f 2680 2675 2393
f 11535 8919 9206
f 431 1586 420
f 6910 9345 7653
f 1064 1368 1364
f 6404 8102 9069
f 294 310 1539
f 9458 8880 7781
f 12381 12615 12653
f 7704 6985 8799
f 7657 6949 6930
f 9186 11522 8893
f 7136 8028 8301
f 1421 7535 7970
f 3903 3595 4211
f 8805 7701 7702
f 6168 5900 1589
f 1859 709 150
f 2374 389 1555
f 6170 427 1591
f 11634 2235 1965
f 4777 6656 6937
f 6018 8268 8267
f 12815 12806 12558
f 1805 657 1551
f 3252 2964 3251
f 3252 3251 2964
f 9546 8968 8997
f 10969 11757 13351
f 11550 13275 13115
f 4553 1401 1110
f 8701 7600 4798
f 1442 4602 1156
f 3132 2846 602
f 2209 2203 1939
f 12443 8621 11645
f 5247 10084 5520
f 7592 4807 4868
f 592 1466 307
f 3365 3074 6281
f 8308 8080 8324
f 3554 5463 9092
f 1354 2184 1913
f 12782 11969 11977
f 1123 1122 1413
f 8360 7201 9354
f 174 1621 729
f 9092 7704 8799
f 10770 10548 10553
f 6632 4814 6627
f 7030 8449 3316
f 3955 5548 3954
f 12695 12445 12449
f 3688 5565 5295
f 11557 13123 13125
f 10286 9961 12190
f 12254 12095 10225
f 9611 9040 6372
f 284 569 281
f 10974 12121 4842
f 9813 9922 10160
f 6435 8130 6159
f 7445 888 7891
f 10470 10560 4719
f 9181 9177 9754
f 2123 1858 2679
f 11628 1891 2148
f 11412 11474 13230
f 435 5883 6433
f 8132 6434 2400
f 3858 5444 4902
f 436 5885 6438
f 12979 13231 11418
f 5130 5414 5139
f 3590 2194 1354
f 3003 3276 3284
f 9500 13100 9941
f 13538 13386 12944
f 4480 1041 1331
f 11189 11086 11089
f 8005 6106 6374
f 1245 1236 955
f 10025 5667 7946
f 7855 5652 4671
f 12051 12285 13208
f 1971 2232 1962
f 8373 7234 6430
f 8254 6572 6299
f 5622 7868 7408
f 8838 4935 9122
f 9362 9364 9660
f 1882 2692 1605
f 2232 8510 1962
f 8395 6437 7248
f 5184 5465 1034
f 1198 5080 893
f 7014 7730 9393
f 12832 12585 12023
f 13551 13285 13548
f 8139 2401 2681
f 11920 10635 10640
f 3972 3971 5570
f 6993 1015 5455
f 6993 5177 1015
f 12552 2516 12433
f 13256 10250 11517
f 11245 8139 12669
f 12469 12742 12773
f 3167 2888 2919
f 9264 8713 9263
f 3052 8491 7348
f 12184 5005 6824
f 9194 7785 8886
f 3300 3010 8434
f 3863 6721 4905
f 2682 2680 2396
f 2682 2396 2680
f 9775 9781 9201
f 10623 10452 10618
f 5343 5117 7631
f 4679 10407 10570
f 6807 9181 9754
f 6064 7649 2884
f 6758 6240 4947
f 7471 7911 7944
f 12997 13198 13445
f 10454 10132 10133
f 10454 10133 10132
f 12658 8603 11617
f 456 5465 166
f 12799 12562 10720
f 9382 4459 9666
f 7413 4684 4656
f 3049 7340 8223
f 5247 5236 5531
f 11020 12551 12810
f 553 839 4265
f 8203 6516 8210
f 12299 12132 13494
f 9314 4831 9588
f 1017 1306 2116
f 10711 10719 11994
f 9784 9209 9208
f 3704 5360 3823
f 10437 10441 10607
f 12346 11545 9952
f 1062 1924 1070
f 3665 1134 4569
f 4617 3433 5656
f 5715 7965 7524
f 5181 6989 3253
f 12425 11126 11243
f 1024 9373 9665
f 4018 4320 4639
f 156 422 1593
f 8539 11385 9516
f 1827 2642 2361
f 11435 13069 13047
f 1594 6175 423
f 1594 423 6175
f 4984 7075 6804
f 11016 11133 11252
f 5579 855 5307
f 7381 2264 1993
f 1993 12021 8524
f 7597 6951 7615
f 6570 7380 6016
f 4500 8195 3585
f 5849 4881 6699
f 6881 6896 7684
f 2548 1759 2630
f 1028 1320 8805
f 9775 9182 9774
f 6028 5764 6038
f 4140 3836 3840
f 4461 9092 9664
f 12047 13147 12150
f 5476 1040 1333
f 12621 12633 12386
f 10182 9852 9602
f 8404 1861 1019
f 9176 9749 9164
f 11155 11269 11154
f 9668 4458 3552
f 5860 8102 6404
f 350 2048 2319
f 350 2319 2048
f 5180 3860 5452
f 967 4400 973
f 1596 6160 1595
f 5182 8802 6986
f 7968 7521 1418
f 13476 11480 13244
f 13290 10920 12893
f 436 1597 6159
f 1596 1595 6176
f 5176 4909 3859
f 3146 2856 2884
f 2162 2154 177
f 7546 10115 7556
f 1029 9378 9374
f 511 504 221
f 3828 4126 3827
f 8401 1859 7256
f 7566 4822 6905
f 657 101 1551
f 1596 440 6160
f 4463 9374 9663
f 11518 13086 13088
f 11288 11809 11338
f 9092 5463 7704
f 11824 11094 11327
f 6603 4825 4797
f 3951 1696 533
f 8143 2679 6445
f 1338 1045 1341
f 4493 1055 1046
f 6527 6256 8219
f 6300 6298 6013
f 4907 9095 3860
f 7967 1124 7524
f 6444 6451 2404
f 7368 8264 6567
f 7342 8474 8216
f 11771 11249 11132
f 10620 10447 10618
f 7253 2137 8392
f 8417 8413 8152
f 7422 13046 7910
f 3942 3634 4234
f 3942 4234 3634
f 10945 10962 12911
f 2103 1842 2098
f 12055 12267 12096
f 2409 6439 5886
f 6992 5176 5453
f 435 444 1603
f 8674 9334 8764
f 555 1714 2796
f 4053 3761 3467
f 5892 1589 426
f 718 3248 6162
f 9075 6705 4885
f 5389 5100 5111
f 5892 6168 1589
f 5711 10418 10595
f 4040 5063 949
f 7710 6992 5453
f 3782 1519 360
f 7009 7726 7725
f 119 670 110
f 3865 4161 6720
f 4453 1008 4155
f 10742 8636 10125
f 10742 10125 8636
f 1106 1098 3623
f 2684 6435 2406
f 554 835 1712
f 3366 3071 7803
f 8215 6522 8470
f 8401 1017 1859
f 592 325 33
f 26 381 1549
f 5209 4489 1052
f 906 945 1240
f 259 6010 548
f 2762 2482 4531
f 2443 467 2717
f 3794 5402 5124
f 2005 76 349
f 2158 1888 1887
f 13438 13158 13425
f 355 1533 372
f 13163 13496 13146
f 8021 6373 5805
f 13394 12953 13392
f 1557 4437 3527
f 395 2641 2371
f 1027 9665 9375
f 2972 5892 151
f 12975 13022 11463
f 1461 28 1495
f 2827 3148 2844
f 3928 5528 4217
f 5892 426 151
f 12769 4719 12523
f 5715 4739 7540
f 4463 9093 3556
f 1027 9375 8802
f 13279 13542 11551
f 3882 4477 3569
f 9195 8906 9777
f 511 226 504
f 7357 6541 8503
f 12800 11997 12799
f 10580 10594 10595
f 11158 11902 11388
f 7710 7720 6992
f 12125 4841 5801
f 4753 5737 5735
f 4753 5735 5737
f 5933 8172 6473
f 12960 13398 11041
f 1870 2129 8394
f 777 5212 5223
f 11643 8622 8624
f 1153 1157 1447
f 13358 11364 11879
f 9696 8830 9403
f 10501 10395 10852
f 10503 10386 10059
f 9709 8195 4500
f 2967 3246 6156
f 2685 2400 434
f 10484 12743 12722
f 8758 9624 9034
f 3574 4481 4489
f 4726 4725 5706
f 9641 9062 6696
f 3639 3636 4558
f 6491 6480 8174
f 13475 13035 13034
f 9087 5011 9783
f 1867 8131 2684
f 434 6163 1598
f 10053 3826 5678
f 6442 8129 6431
f 2528 12678 2793
f 4552 3962 5264
f 3414 4357 3469
f 5454 7705 5185
f 6400 7206 8094
f 3864 7706 4904
f 3050 6528 5970
f 5460 7706 3864
f 10877 10098 10883
f 3582 1341 4486
f 5460 6987 7706
f 6602 4856 12303
f 5183 6987 5460
f 11998 12800 12799
f 6594 6672 6624
f 13451 9857 13021
f 3007 13361 3304
f 8702 9329 7659
f 2130 1868 7249
f 2988 5906 6185
f 8549 11583 11621
f 6447 2401 8139
f 6438 5885 6150
f 4730 4738 5710
f 1192 1202 980
f 1601 3250 158
f 6995 711 3257
f 6840 9789 5023
f 12605 11949 11945
f 10902 10121 10444
f 1183 1257 7920
f 6448 2680 8142
f 9668 9096 4458
f 9668 4458 9096
f 8508 8236 9775
f 4624 5699 4713
f 2688 2411 8136
f 4223 4525 5250
f 12347 9959 10280
f 11522 13089 9466
f 11558 13126 9967
f 12684 12442 12802
f 8132 8122 6423
f 7179 8327 8751
f 12713 12464 12711
f 13359 12921 11365
f 7260 1862 2123
f 2409 2686 6439
f 2811 6564 2261
f 8295 8290 7139
f 438 1600 6165
f 12198 12352 13280
f 10182 9567 9887
f 720 3251 1601
f 5019 6837 6297
f 2842 3127 5816
f 5856 5849 6122
f 1025 4461 9664
f 3021 3306 3009
f 8023 8290 5785
f 9668 9099 9671
f 4460 4456 3553
f 7599 8986 6876
f 2659 1554 387
f 11245 12669 2683
f 5928 6470 3293
f 9145 9711 4951
f 5439 5158 5156
f 8690 8754 9254
f 6864 6661 4811
f 9499 8920 8931
f 6877 6915 9329
f 1318 9376 8803
f 5780 6086 8053
f 159 3253 7250
f 7731 8822 9394
f 2411 8394 6440
f 9071 9353 9639
f 2411 2135 8394
f 3259 713 6993
f 4338 3825 3501
f 9263 8727 9612
f 11060 10965 11731
f 9383 8807 1314
f 8145 2402 6449
f 1066 1919 2187
f 11395 11383 11898
f 2023 2296 352
f 4317 4311 3423
f 7052 7757 6775
f 4577 5290 4270
f 1318 8803 9377
f 7557 10608 10898
f 8673 7667 4855
f 9878 10205 13076
f 12039 12843 12841
f 437 5887 1600
f 9332 3189 8326
f 8998 5774 4857
f 3259 152 713
f 2819 2808 2543
f 289 338 1489
f 4288 853 5304
f 5058 4022 3776
f 5100 4125 5098
f 4014 3727 3746
f 2714 2425 2433
f 8108 5855 6133
f 2410 8135 2687
f 10176 9878 13052
f 9669 1021 4460
f 1738 2616 2321
f 11286 11819 11849
f 2410 6441 8135
f 8036 3160 8313
f 5955 6238 5943
f 6477 3011 7278
f 4092 355 1523
f 1149 3977 3663
f 7131 6322 8332
f 12371 8554 11600
f 4485 4176 2719
f 12301 12151 12315
f 6323 8020 8013
f 11411 11459 13001
f 5973 6261 5972
f 1026 8396 1865
f 7215 6400 8094
f 9384 9388 8810
f 9676 8818 9386
f 665 1528 368
f 8405 6449 2125
f 6745 7736 7013
f 2032 2028 2315
f 10093 10099 10875
f 13337 10975 12900
f 13337 12900 10975
f 5735 8624 12446
f 2204 2479 2752
f 5927 6217 6482
f 6011 11774 6009
f 1380 1370 3601
f 5181 6989 7708
f 5181 7708 6989
f 12182 12339 5004
f 3262 717 5895
f 5516 4208 3908
f 12371 12656 12409
f 5440 4151 5165
f 5587 7829 7110
f 245 525 814
f 776 763 2180
f 5184 6988 719
f 1914 2175 2724
f 8419 8155 7270
f 439 721 5888
f 12693 4750 7536
f 10142 9905 9809
f 6922 7643 2903
f 3555 3557 4467
f 5462 5181 3253
f 6341 8083 7164
f 1974 1973 2243
f 11417 13081 13054
f 2160 744 1895
f 2788 4566 2511
f 721 3254 5888
f 10649 12772 12524
f 6584 12082 4787
f 5380 5098 650
f 7740 6750 7023
f 5030 4046 5370
f 9980 7503 10823
f 3371 3087 12933
f 5645 7439 7884
f 5732 7987 5729
f 3035 6239 6765
f 7059 8885 9452
f 7803 8907 9492
f 8688 9293 9848
f 10323 7871 5651
f 4194 4192 5203
f 10723 12006 12815
f 10723 12815 12006
f 9669 3553 8806
f 846 564 278
f 5089 4077 5101
f 2307 2613 4354
f 6993 713 5177
f 7376 6565 6015
f 100 382 1550
f 11379 11378 11894
f 1028 8805 6988
f 2299 3462 2575
f 4309 9552 892
f 723 3255 2967
f 7996 1155 7547
f 524 1685 3935
f 10983 11356 12905
f 1872 8397 9378
f 5702 3624 3926
f 1662 1728 1731
f 4315 12610 2572
f 702 1571 408
f 6775 7757 4955
f 8231 7350 6537
f 3140 2858 3155
f 7254 2404 6451
f 3514 1266 2354
f 6995 6997 5178
f 4979 6796 6794
f 11797 11039 12950
f 11045 11043 12958
f 5462 7708 5181
f 5462 5181 7708
f 11550 13278 13275
f 10949 11739 11738
f 13120 13539 9958
f 1041 4185 4479
f 8805 1320 3557
f 9396 7008 5195
f 11021 12181 12339
f 5461 6989 5181
f 7712 7001 6185
f 4525 3609 1378
f 8513 7362 1961
f 9674 9388 8813
f 7712 4906 3862
f 6830 4260 1707
f 11244 8142 2680
f 4907 5180 6997
f 11639 2234 1963
f 10380 10542 10371
f 12425 2413 6443
f 1943 2480 1938
f 9093 1321 3556
f 9146 8851 9713
f 530 254 1703
f 1527 671 1545
f 4251 535 536
f 1602 6167 4159
f 9311 8759 7185
f 9311 7185 8759
f 7012 7727 9400
f 1096 5533 5248
f 3087 3076 6002
f 1602 4159 6726
f 8220 6521 8219
f 9525 7117 6846
f 1927 4499 1058
f 10089 11986 10707
f 6235 6500 5942
f 9792 6839 5019
f 7258 2971 5891
f 8996 9591 9058
f 5290 5570 3971
f 746 1900 2450
f 12617 12421 12783
f 7109 8937 9512
f 2975 6175 3265
f 7528 1127 1968
f 2209 2483 2758
f 12201 13282 12198
f 7608 6918 9277
f 2161 1902 2423
f 9482 9206 8919
f 10783 7461 10071
f 12522 12537 12788
f 7928 4715 5680
f 11899 11553 12946
f 7145 8323 11342
f 4550 2777 1108
f 11526 7797 8897
f 1598 718 1604
f 12399 12663 12530
f 7604 6631 4839
f 496 1656 3905
f 6191 2983 3269
f 3691 4759 5730
f 9073 6703 4887
f 9644 9066 4882
f 4093 3786 4088
f 9684 4922 6735
f 8686 8710 9006
f 10911 7562 8001
f 6465 7275 7268
f 4202 5505 1653
f 3126 3121 2905
f 520 235 1684
f 9359 9074 6971
f 803 2757 1681
f 1437 4582 1141
f 1153 1439 1157
f 1019 1861 2117
f 9820 12980 11434
f 12698 12825 12580
f 5061 5382 10052
f 11245 6456 8139
f 1000 4440 1301
f 2409 2695 2686
f 11904 12955 11155
f 3895 5492 5483
f 11667 12016 12823
f 9149 8857 7756
f 10262 13102 9941
f 403 124 699
f 9806 9525 6846
f 8908 9487 9469
f 10750 12029 10745
f 9737 9176 9164
f 9473 8234 9759
f 3252 7702 2960
f 13258 12175 12177
f 6172 6723 4162
f 7681 13243 13506
f 12465 12712 12711
f 12465 12711 12712
f 6831 13532 12342
f 3412 5687 2283
f 12628 8584 11582
f 1180 881 7864
f 2325 1535 2621
f 6450 8399 8140
f 11771 11007 11012
f 10286 12190 11553
f 4548 5704 7960
f 4288 3690 2544
f 5716 2518 12428
f 5281 4573 4283
f 11667 12697 11665
f 5485 4186 5206
f 12434 12682 2515
f 9753 7074 9749
f 496 3905 206
f 8206 8210 6517
f 3530 4435 3518
f 5893 2977 6177
f 3903 4200 1651
f 13269 13527 7809
f 12266 11732 13469
f 11267 11379 11148
f 162 433 1603
f 10876 10090 5274
f 9097 3550 4457
f 13125 13123 11555
f 2193 1059 1353
f 6163 5884 3248
f 4504 3599 4211
f 9524 8947 8951
f 5896 6174 5898
f 7801 7083 4997
f 10335 12756 12500
f 5891 5907 6175
f 11021 5003 12181
f 12817 12570 10722
f 10435 5730 4759
f 9383 9381 8807
f 796 1938 1664
f 8214 6512 8469
f 8214 8469 6512
f 3594 1362 4509
f 7000 7772 7764
f 3452 318 3738
f 6183 5900 5902
f 12341 12340 12186
f 10281 10284 9953
f 3555 4165 3864
f 10809 10078 10543
f 9187 9763 9762
f 4818 4829 7661
f 877 7426 7436
f 12099 12287 11723
f 10435 7975 5730
f 6380 7193 7202
f 4890 6968 7689
f 4161 3867 448
f 7990 10118 10601
f 1167 3509 4376
f 12307 9905 4711
f 3256 151 710
f 9539 8707 8990
f 3865 3867 4161
f 13173 13012 11437
f 3318 12924 3023
f 2225 2218 2500
f 3001 3282 3290
f 4945 3036 7743
f 2551 12621 12386
f 3278 6184 3268
f 2472 2745 3589
f 2271 1816 2033
f 4742 7973 5717
f 3314 6219 6225
f 8373 11874 7225
f 8808 9379 9385
f 4908 6727 7710
f 7156 8346 8314
f 3927 2497 515
f 3457 2326 1249
f 13156 12127 13455
f 3256 2979 3268
f 9459 8880 9458
f 9098 9671 4908
f 8319 8755 9328
f 2064 2361 1795
f 9076 9657 4891
f 3257 8403 2978
f 10509 10375 4082
f 8563 12649 12422
f 689 135 136
f 5984 6275 5982
f 3896 4192 4194
f 10578 10865 10864
f 3044 3335 7345
f 13365 13512 12925
f 7833 6844 7113
f 203 1916 766
f 4250 3953 4249
f 12199 12354 12355
f 6577 8271 7374
f 8227 8485 6257
f 9675 9103 8817
f 6294 3378 3094
f 7259 8413 8402
f 12382 11615 8605
f 2132 1869 2417
f 8578 12398 12397
f 7048 6773 6776
f 514 798 1673
f 9382 9380 8812
f 2715 1625 460
f 5506 206 5503
f 4336 5073 898
f 6724 6729 4909
f 11632 8611 10700
f 12213 10937 12094
f 7026 3327 3326
f 7770 9450 8879
f 318 1496 4079
f 6352 8333 8047
f 8677 9300 6863
f 6272 3070 6258
f 2843 3128 2915
f 2247 1975 832
f 419 1583 141
f 3487 4365 2327
f 9500 8933 9507
f 13172 11493 12063
f 9731 8221 9152
f 1697 534 248
f 7319 6509 8842
f 2025 3753 50
f 159 726 165
f 1115 4543 3627
f 12490 12632 12746
f 12490 12746 12632
f 6274 6007 6818
f 13199 12313 10966
f 891 1221 922
f 780 213 792
f 10638 11979 12529
f 10701 12429 253
f 9681 9110 9107
f 12357 13544 13282
f 10334 10571 4666
f 9129 8832 8831
f 4296 3424 3438
f 10581 5277 5278
f 2413 2699 2137
f 7714 2983 7002
f 10891 10104 10591
f 3007 11880 12920
f 4928 5932 6212
f 12364 8561 8597
f 12885 13480 13247
f 5309 4292 4606
f 6884 7603 8721
f 2410 2422 2696
f 13445 13198 13485
f 1696 816 540
f 6172 4162 3868
f 11396 11671 12708
f 7260 2123 8143
f 8811 8816 9386
f 2440 1637 2706
f 10112 10604 10111
f 2763 2492 3934
f 13443 12136 13235
f 1796 972 2640
f 3591 9694 9132
f 12949 11894 12948
f 5475 5196 5470
f 4480 3571 3884
f 24 581 1518
f 721 167 727
f 10361 10549 10383
f 4918 9104 9676
f 4918 9676 9104
f 721 727 160
f 9360 6973 7690
f 6429 8377 7233
f 4103 4117 3795
f 9700 9133 9696
f 7149 5829 2905
f 7829 3099 6837
f 8687 8971 7623
f 7993 7989 7542
f 1029 2143 1872
f 8441 3301 3012
f 9136 6506 8199
f 2494 229 514
f 8938 9507 8933
f 8425 8422 7274
f 10578 5232 10865
f 6655 9603 8057
f 8632 12439 12690
f 4181 4477 3882
f 11774 11771 11256
f 8024 8341 3196
f 3950 4242 5540
f 3264 2984 7717
f 5897 3271 6182
f 6211 6220 5935
f 9521 8946 8950
f 4308 3722 4032
f 1672 1663 789
f 4893 4899 6715
f 11811 11817 11416
f 12589 12833 12018
f 12459 12585 12828
f 11392 11904 11276
f 1082 4210 4509
f 1339 1043 5196
f 7460 4689 4702
f 9486 9199 8911
f 2136 1033 1880
f 2 12420 3
f 4518 1082 4509
f 2776 2215 1950
f 5265 5546 1404
f 7713 7003 9389
f 2115 1851 2385
f 9178 10257 12171
f 11995 10701 824
f 1152 1442 4597
f 1734 1814 2023
f 12503 10660 12747
f 2225 2507 2218
f 12425 12672 2699
f 12079 13485 13198
f 1602 1612 439
f 10416 12796 10579
f 6251 5963 6250
f 2986 3273 2976
f 1085 1079 4515
f 4218 3918 5510
f 5392 10833 10054
f 10533 10401 5427
f 1594 154 423
f 11807 11827 11302
f 547 2521 2790
f 10595 10594 10424
f 453 731 163
f 7268 7261 8412
f 10037 10535 10371
f 9925 13519 9929
f 4318 3428 3470
f 6545 6535 7355
f 4968 6778 4962
f 8563 8597 11595
f 8563 11595 8597
f 12977 12113 10173
f 568 2822 8263
f 4819 5804 6059
f 12469 10528 10366
f 6287 6554 6556
f 2206 2477 2748
f 7746 7754 7027
f 1089 1086 1375
f 5077 5353 896
f 1149 4276 3977
f 7220 8366 8375
f 546 559 1706
f 12680 12429 12550
f 6500 7299 5942
f 6729 4911 4909
f 308 2629 1507
f 7940 7939 10061
f 8391 8390 7245
f 87 5393 3790
f 4911 6726 4909
f 9571 9298 8702
f 742 450 169
f 8492 8878 7344
f 9855 11085 9868
f 3926 3624 4536
f 1032 3556 1321
f 449 1604 440
f 311 1473 629
f 6635 9583 9345
f 10420 10586 10097
f 12236 13500 12137
f 12395 12412 12664
f 10905 10614 4758
f 8872 9727 9439
f 13310 11745 12869
f 7222 8367 2931
f 6736 7009 4914
f 12325 12163 12323
f 13313 12887 12888
f 9671 9099 9670
f 2443 472 465
f 4145 4439 3531
f 5859 6125 6700
f 7720 6998 6727
f 7270 8155 8146
f 3343 3348 3063
f 9154 8856 9435
f 3018 3013 8435
f 7725 4912 7720
f 1144 1433 1981
f 4319 3451 4346
f 13271 12184 12341
f 6648 7628 6920
f 6497 8438 8190
f 8243 7355 7351
f 2593 966 4414
f 7724 6728 4910
f 1944 1937 2204
f 1944 2204 1937
f 2260 849 271
f 9486 9773 8910
f 12939 254 3089
f 170 449 169
f 6466 8158 8407
f 3028 5937 3314
f 734 1605 443
f 9265 8719 9315
f 3486 2334 2610
f 8416 6453 8147
f 1037 4464 1329
f 13207 13493 13484
f 3393 2017 991
f 13309 12896 12897
f 13309 12897 12896
f 8486 7336 8222
f 10006 10824 10047
f 427 416 1591
f 12790 495 12541
f 2975 3270 2984
f 2966 5886 6152
f 5784 6058 6669
f 10056 10827 10049
f 4469 1326 1880
f 1193 5139 881
f 5191 4165 4467
f 12683 12443 12685
f 842 272 855
f 9342 7675 8773
f 8272 6578 11157
f 13400 12961 13399
f 13255 12161 12322
f 8156 7262 8406
f 801 228 798
f 7455 7921 7922
f 5598 7496 4630
f 12843 12033 12589
f 4545 3633 4544
f 9138 4949 5953
f 5952 3034 6228
f 1096 1112 1394
f 8158 11246 8407
f 3480 3476 4368
f 10398 10397 10554
f 171 442 733
f 265 837 1717
f 2099 1838 1845
f 1379 5533 5253
f 5468 3867 4166
f 1182 984 5145
f 11836 13054 11341
f 4169 5464 5186
f 10469 4706 5647
f 3675 3674 1429
f 737 2693 1608
f 3871 5464 4169
f 12377 7918 5635
f 10478 10404 10526
f 1443 1442 1152
f 1832 2251 2111
f 7527 4565 1128
f 6460 7263 8413
f 10920 11814 12893
f 5212 5205 5495
f 801 798 514
f 1350 3581 4490
f 11372 11884 11132
f 5982 6003 6280
f 7097 6828 5011
f 2425 2144 1875
f 8966 10211 9862
f 10201 10219 11479
f 2525 7373 2246
f 800 796 795
f 9997 10810 10482
f 10104 10422 10591
f 2544 2819 1729
f 6189 3268 2979
f 7892 10790 10352
f 8555 12418 10674
f 6597 7669 4810
f 1315 4459 1016
f 1315 1016 4459
f 5194 3868 4167
f 4072 3787 5358
f 5009 7095 7812
f 6463 6189 2979
f 7361 3081 3367
f 5352 5096 5373
f 6230 3302 8181
f 9689 4924 6741
f 6301 6299 6017
f 767 1644 759
f 731 725 163
f 3999 4422 4402
f 6464 7265 8161
f 9784 9208 5008
f 1037 4467 4464
f 3400 1177 3515
f 19 612 301
f 7451 5691 4686
f 11812 11871 10942
f 7107 7825 5020
f 12011 12807 12001
f 6544 8233 8237
f 12921 3004 11881
f 8609 2416 12426
f 4614 10537 7463
f 7238 5866 8113
f 9106 8816 9105
f 4726 4724 5704
f 6531 8220 8219
f 4361 3463 3490
f 7834 8944 9223
f 5470 5904 3868
f 8237 6538 8502
f 13371 11772 13369
f 9270 9865 8984
f 9747 9166 9171
f 12207 12045 12071
f 1388 1397 1095
f 1330 4466 1036
f 10633 8598 11964
f 2756 2202 2481
f 8421 6455 8148
f 12625 12416 12413
f 11123 11361 8115
f 8460 7025 9411
f 453 163 447
f 3574 4489 4187
f 13315 12883 13319
f 3611 2201 1371
f 454 165 1616
f 1297 1292 5437
f 7184 8339 8340
f 10062 5408 10841
f 1885 2700 1878
f 9576 9312 8733
f 12898 13493 13243
f 12572 12576 12811
f 6825 4259 3964
f 5912 2982 6190
f 2179 2452 2178
f 532 541 1699
f 6461 7266 6455
f 12700 12453 12830
f 4405 967 973
f 9332 7656 6940
f 11558 13127 11556
f 11088 11122 11218
f 10139 11410 13019
f 9674 8813 9101
f 12429 2510 253
f 6318 7161 8304
f 8969 9626 9270
f 5913 6179 3280
f 5913 2981 6179
f 7491 10070 7933
f 13169 13497 6879
f 1991 2259 1990
f 9107 9102 8815
f 8162 6191 3269
f 7343 7335 8476
f 4468 1324 1030
f 2657 1557 2374
f 9817 11484 10208
f 1619 728 165
f 4938 7737 4933
f 2250 1977 2794
f 5543 5254 3941
f 12023 10736 12583
f 8753 9347 6958
f 7913 7484 7929
f 12554 12800 12815
f 6716 4920 4919
f 1620 167 732
f 6185 7001 3274
f 3780 4082 10375
f 11833 11332 11347
f 6938 2913 7675
f 1744 1750 2022
f 7417 7912 4624
f 6195 2986 5916
f 11019 11781 13269
f 6734 9389 7003
f 3920 4217 5514
f 5840 5859 6127
f 8459 7312 7309
f 8473 7330 6515
f 4849 7658 2890
f 2736 1908 1907
f 6601 6937 6656
f 200 478 481
f 2428 2147 2420
f 11776 11784 11027
f 5385 3782 360
f 7972 7973 7983
f 4911 3866 6726
f 313 2287 2340
f 10808 10060 10807
f 9806 6846 5027
f 8009 5752 6335
f 11987 12555 12793
f 4325 900 1777
f 5169 3854 4149
f 2993 5914 5907
f 2992 6181 5905
f 2992 5905 6181
f 7590 4863 6622
f 7590 6622 4863
f 5764 2889 5779
f 10960 10986 11747
f 12011 12442 8630
f 3281 6185 5906
f 3281 5906 6185
f 3282 6181 5905
f 10157 13049 9830
f 12331 12170 4972
f 6466 7267 6195
f 915 5069 901
f 13154 13201 13449
f 6613 8994 9628
f 7014 8831 7733
f 185 2156 750
f 9235 6864 8661
f 6792 4981 5973
f 2399 2121 2672
f 2399 2672 2121
f 3275 6182 3271
f 7705 6983 7703
f 4049 3743 1500
f 7726 4911 6729
f 206 196 767
f 8411 6457 8149
f 13407 11495 13084
f 7789 7067 7788
f 6458 8411 8149
f 1094 3607 1380
f 910 980 5127
f 12681 8619 2784
f 6465 7268 8412
f 6465 8412 7268
f 7725 7720 4914
f 13262 12175 13261
f 5989 6278 5986
f 9391 7005 9671
f 10423 10101 10095
f 6314 8054 8288
f 11667 10734 12016
f 10745 12699 12452
f 11419 13060 13038
f 12849 10750 12600
f 8418 6459 7274
f 9934 13092 13258
f 9482 9481 8895
f 12820 12576 12572
f 1254 961 4396
f 2466 2461 2733
f 4240 3937 524
f 4472 1034 3873
f 7678 6703 6970
f 6142 3226 8363
f 12891 13492 13226
f 8051 2314 8085
f 12891 13226 13492
f 2145 2421 171
f 182 2166 467
f 11676 12706 12031
f 3290 3282 2992
f 12876 10945 12911
f 10912 10622 10453
f 9231 9520 8952
f 1081 1364 1368
f 8620 2236 11638
f 7098 9498 8924
f 9940 10264 11529
f 12216 13234 13467
f 12346 9952 13534
f 60 619 1494
f 4511 1361 1072
f 5756 6102 3154
f 1697 248 817
f 1871 2407 2693
f 5632 7876 4697
f 9090 8794 9081
f 8448 6483 8180
f 799 1676 1946
f 4728 4558 3644
f 1954 2502 2772
f 13356 12916 3220
f 7289 8431 8437
f 6251 8225 6532
f 10281 9957 10284
f 7722 4914 7720
f 9283 6951 9621
f 13146 11492 13050
f 8160 6460 8413
f 11524 13092 10260
f 7770 4962 7757
f 6111 3195 6116
f 8821 9106 9105
f 7130 8066 8335
f 2217 2532 1981
f 5589 3994 4291
f 1184 934 1270
f 13141 13024 13453
f 8421 11877 11363
f 9864 10219 10201
f 11776 11027 13376
f 9767 9468 9203
f 9117 9684 9686
f 8548 12503 12384
f 11143 2525 12679
f 9189 8899 6813
f 8997 9621 6639
f 8444 8182 9407
f 303 1492 2284
f 3336 3335 3042
f 11042 11798 11041
f 5232 5512 5222
f 9128 8830 9124
f 5350 5070 1210
f 5300 7823 843
f 6186 3270 2985
f 7280 8421 11880
f 13435 13161 10072
f 11467 10208 10232
f 3613 3933 4228
f 10337 10505 10406
f 746 736 178
f 8890 9455 8884
f 7357 8503 7356
f 5916 2986 2987
f 7141 6359 6326
f 1010 4450 1005
f 8232 8495 8499
f 11622 8603 7513
f 11045 11800 11044
f 2445 1641 2725
f 7545 8637 7554
f 5029 1234 888
f 3620 3936 5524
f 13543 11552 13121
f 12746 11950 12632
f 3461 4350 1235
f 3281 2988 6185
f 9700 9696 9125
f 3294 7280 3007
f 2191 1069 1363
f 1867 2684 2415
f 8829 8826 9401
f 4529 3917 4224
f 1567 1558 2656
f 2536 2809 2805
f 587 36 636
f 2780 2512 2778
f 5945 3018 7299
f 7352 7347 8230
f 3282 8414 8156
f 5760 6042 5818
f 7099 5010 6828
f 8416 8147 3275
f 722 165 728
f 10092 7978 10886
f 12848 12039 12711
f 11396 11158 11907
f 13472 13218 13486
f 5711 1416 3649
f 5914 5911 6187
f 4147 998 4435
f 9486 8911 9485
f 1995 1173 2281
f 5933 6222 8172
f 10030 10057 10837
f 8543 7390 6579
f 214 222 788
f 2004 1746 2289
f 3568 4468 4473
f 497 5499 218
f 9747 9930 10250
f 8860 9425 9432
f 1039 1037 1329
f 607 80 1751
f 518 3935 1685
f 129 138 697
f 12817 12009 10726
f 7315 8850 9422
f 12689 11644 12001
f 13269 7809 7811
f 11289 11851 11105
f 5105 5427 5422
f 7278 7270 8415
f 4625 5610 5682
f 13524 12934 13264
f 2469 2465 2739
f 2864 5817 5818
f 5895 1592 6172
f 8168 8158 6466
f 181 741 458
f 5031 622 5339
f 6526 6514 7327
f 1635 2709 2436
f 10281 11543 10276
f 14 103 660
f 6212 6221 5936
f 12682 11641 1966
f 12232 13510 13507
f 12232 13507 13510
f 3638 1105 1396
f 3842 3528 4430
f 7165 7186 8337
f 5418 3807 5433
f 2157 1882 734
f 10546 12527 12770
f 3003 175 735
f 1839 1837 120
f 5182 1322 1023
f 8431 3287 7008
f 12505 12757 12782
f 2706 2701 2424
f 9416 8835 9124
f 8286 7200 8698
f 7239 5870 6417
f 2995 6481 7291
f 11018 8253 6280
f 2997 7278 8415
f 8424 8416 7277
f 1922 776 2180
f 11129 11247 8158
f 2130 1875 2144
f 1355 1930 1060
f 9813 9894 9922
f 8424 7271 8416
f 5472 3874 5192
f 11145 11263 6561
f 9770 5006 9206
f 4755 7537 7976
f 6185 6176 5899
f 4766 6861 7577
f 1180 8567 2015
f 9015 9042 9612
f 511 793 1669
f 11004 11763 11000
f 5982 6548 7349
f 9303 6896 8718
f 1064 1364 1926
f 6470 8161 8424
f 5240 1103 1392
f 6755 9700 9125
f 3287 2990 5195
f 10580 4253 10417
f 2132 2130 1869
f 12554 12806 10712
f 7818 7098 7817
f 5752 8029 6335
f 1027 1324 1325
f 6834 9790 7104
f 3945 4574 3670
f 3965 3978 4260
f 7115 7832 8948
f 6140 8099 6138
f 795 1664 1663
f 4968 12167 6778
f 3767 3816 5355
f 6469 8159 6462
f 4747 5718 5723
f 8844 9414 9410
f 4298 864 904
f 262 260 835
f 8528 8255 8256
f 4753 5737 5738
f 7036 6767 7748
f 7011 7727 7004
f 11947 12740 12634
f 2157 2708 1882
f 2998 3278 6189
f 10960 12108 11736
f 11403 13495 13144
f 12679 2781 8251
f 162 2967 433
f 9112 9673 8159
f 4485 2455 3580
f 12387 12397 12657
f 10726 10723 12570
f 8979 8708 9004
f 6000 3085 6287
f 11539 9950 10269
f 4170 5188 1619
f 177 2154 1883
f 3181 2912 7677
f 2708 2432 2146
f 8114 7231 8376
f 75 5403 3796
f 882 4364 1260
f 7996 3697 5590
f 5758 5794 6047
f 1093 5253 5254
f 10865 10409 10577
f 8483 7334 8226
f 7290 8438 7293
f 2161 8440 1902
f 5114 648 10684
f 3281 6733 6192
f 1889 2153 1884
f 8578 11590 12398
f 63 1488 667
f 9702 9126 3584
f 9738 9167 9166
f 9738 9166 9167
f 5743 10444 10121
f 12341 12184 12340
f 2580 2039 1757
f 6369 2915 7177
f 11447 9875 10183
f 6269 6811 4994
f 459 736 1615
f 3564 2143 1327
f 160 5886 2966
f 11271 11150 11270
f 10457 10510 10326
f 8758 9034 7169
f 4528 1090 1376
f 2550 2581 2296
f 6018 8267 8258
f 228 797 1665
f 5879 3236 2948
f 3359 8501 8233
f 12393 8577 12493
f 10584 4731 4562
f 12590 11658 12700
f 6197 2989 3286
f 2468 2734 1916
f 743 172 452
f 4726 5706 5707
f 11884 12931 11007
f 6471 8160 8417
f 5713 4729 4564
f 1755 2073 605
f 2435 2702 2427
f 4345 1226 902
f 406 403 1575
f 704 410 146
f 9474 8894 8897
f 2999 2989 3279
f 5199 5477 1040
f 5503 3905 4212
f 2999 3286 2989
f 4175 5194 3871
f 4983 7781 6793
f 11364 11363 11877
f 9230 9960 10288
f 851 1985 1728
f 18 575 629
f 11676 11664 8647
f 12570 12005 10722
f 13200 7633 11460
f 6019 8256 3101
f 1626 453 743
f 8757 8346 9324
f 8978 8676 9613
f 5604 4636 4681
f 4033 5371 3765
f 2651 1555 681
f 6739 5909 6198
f 6756 7021 7737
f 11017 12937 6006
f 3943 6800 4982
f 4506 2742 1652
f 2843 7591 3128
f 2712 1892 2429
f 5477 5472 1332
f 12232 13227 12131
f 2999 3279 2990
f 7967 3650 1415
f 4721 12441 5717
f 1096 1104 5256
f 8200 6512 6244
f 4806 9053 4871
f 5896 8153 6180
f 9679 8166 6463
f 3555 3864 4904
f 12713 12465 12464
f 35 317 5415
f 3264 9384 6991
f 7870 5691 7451
f 13529 12341 11779
f 5886 6439 6152
f 10711 825 254
f 1614 724 2701
f 10003 7913 5641
f 4545 2498 2769
f 253 2510 537
f 7106 5017 6836
f 1894 2150 1890
f 10036 10814 7955
f 10113 10111 10603
f 6355 7194 8757
f 1487 1510 359
f 1333 1330 1036
f 5715 4727 4739
f 1908 2168 1899
f 7005 6727 9671
f 32 604 2016
f 10014 10390 10021
f 7272 9515 8534
f 12711 12039 11677
f 7420 7488 7930
f 8286 7175 7200
f 6409 7219 2932
f 1127 5274 5559
f 5196 2991 5470
f 3393 3478 4369
f 3258 6171 5903
f 3288 2991 5196
f 12693 11647 11651
f 8529 7378 8528
f 2325 2621 1506
f 465 2438 1617
f 8364 6399 7208
f 9110 9675 9107
f 13061 11514 11495
f 397 2644 2645
f 7256 3266 8406
f 8273 7130 8335
f 8565 11578 12665
f 11750 6110 13354
f 6878 9274 8721
f 3610 3919 5515
f 7432 7875 7891
f 1894 8610 2150
f 463 1623 454
f 3899 210 495
f 4475 3563 3562
f 13000 11512 13081
f 12009 12562 10726
f 1334 1037 1039
f 8168 6467 8158
f 1496 5078 4079
f 3468 4385 955
f 4478 2711 3564
f 517 2498 3626
f 468 456 1622
f 468 1622 456
f 7968 2238 8614
f 6201 6737 5915
f 3432 3494 3812
f 4469 1033 1325
f 5734 10429 3688
f 12920 13360 13361
f 7426 5614 4626
f 13135 13418 13142
f 1627 3873 456
f 7855 7915 7410
f 4177 3873 1627
f 9682 9681 9108
f 6970 6701 4879
f 11044 12957 13283
f 202 483 3885
f 3574 3571 3876
f 12085 13201 12132
f 8694 9015 9014
f 9681 9107 9108
f 3281 3274 6733
f 9143 8850 9712
f 2679 2391 2670
f 3334 6249 3329
f 5018 7824 7105
f 9654 9367 8798
f 9953 9951 10275
f 6185 5906 6176
f 1062 1929 218
f 11670 11668 12705
f 11670 12705 11668
f 464 4170 1619
f 10584 10425 5721
f 10584 5721 10425
f 4029 3733 4421
f 10753 12034 12842
f 11629 1886 8610
f 9486 9200 9773
f 10625 10456 12846
f 3257 711 8403
f 9274 9608 8721
f 2713 2431 3569
f 1739 966 2593
f 9078 7690 4888
f 11560 13129 9966
f 5335 5102 5103
f 7676 6949 6697
f 4217 1076 4511
f 9971 10776 5326
f 8430 3291 8179
f 186 758 1643
f 2519 1970 2242
f 7224 8118 8380
f 1897 1889 749
f 6477 7278 2997
f 12566 10718 12812
f 12029 12837 12026
f 1402 1100 4538
f 4925 9677 6734
f 4162 4167 3868
f 12345 13535 11781
f 5925 6195 6203
f 3174 6925 6938
f 12485 12514 12375
f 4282 3985 5284
f 2519 2782 1970
f 7423 5613 4618
f 8505 8239 6546
f 5552 5275 1405
f 9228 9800 9802
f 8908 8916 9487
f 8967 8671 10157
f 1335 1038 4472
f 10865 10577 10864
f 5409 5139 5424
f 1628 4176 457
f 8223 8479 6522
f 3096 3377 7098
f 9015 8727 9014
f 9113 4926 4923
f 3291 2993 6194
f 8168 6466 6195
f 8270 8261 6016
f 7015 7734 7017
f 6463 8151 6189
f 7777 7073 3350
f 13551 13548 13550
f 8660 9289 944
f 10323 9991 7871
f 6786 4965 6783
f 3015 3012 3301
f 5219 5218 5510
f 1890 2150 2149
f 5552 5267 5561
f 3574 3884 3571
f 7011 7724 6740
f 5442 4145 4150
f 3481 941 4370
f 914 1232 1214
f 11382 11149 11791
f 9395 8821 9678
f 2838 5828 3193
f 6202 5923 6200
f 6805 4985 7792
f 2690 2698 2419
f 247 524 3937
f 1338 1048 1342
f 8643 12576 11664
f 1250 5383 89
f 2998 3285 2994
f 1478 1487 334
f 7057 7765 7760
f 8426 11365 7276
f 2458 1904 2172
f 9669 4460 3553
f 468 1627 1622
f 7075 6804 6803
f 7075 6803 6804
f 10192 10217 9888
f 175 1624 742
f 242 822 1963
f 3921 4522 1074
f 8199 9423 9713
f 4932 4931 6749
f 4932 6749 4931
f 2468 2741 2734
f 9999 10821 10529
f 8859 8850 9431
f 8369 3217 2933
f 2249 11140 2529
f 3287 5195 7008
f 9465 9752 9932
f 11018 11262 8253
f 527 521 1688
f 8031 6338 6347
f 12012 13387 10734
f 211 1915 765
f 3764 3754 4055
f 8865 9439 9438
f 1680 514 1673
f 12518 10674 12418
f 405 1571 134
f 6555 3082 5998
f 2711 2430 3564
f 5958 6756 6243
f 10540 4700 10385
f 6792 9169 4981
f 6848 6600 6688
f 11993 10709 823
f 7281 8426 11365
f 7281 11365 8426
f 4663 7450 7486
f 492 760 1649
f 7333 8210 6516
f 4992 7079 6809
f 12956 11037 11039
f 4484 3575 4483
f 5309 4602 3696
f 6933 7677 6952
f 5624 10170 7916
f 3081 3368 3367
f 7455 5679 4691
f 9838 10195 9866
f 7253 6443 2137
f 9766 9935 10259
f 12553 8612 10703
f 12620 12368 5633
f 10133 10453 10621
f 9520 8946 9802
f 4676 9906 12307
f 3879 3876 4173
f 12599 12711 12848
f 1653 208 770
f 13384 12946 12190
f 601 325 52
f 11995 10710 12003
f 11392 11276 11275
f 837 556 1716
f 3168 7660 6932
f 3929 3920 1671
f 1025 1031 4466
f 7278 3011 8423
f 6716 6739 4920
f 5803 7166 9022
f 157 725 166
f 474 1636 1638
f 13011 13464 11460
f 4454 4449 1004
f 9192 9205 9779
f 8470 7322 8849
f 7970 7522 1126
f 6511 4942 9134
f 6239 4949 6765
f 8870 6793 7781
f 10911 8003 7562
f 9246 9266 9538
f 4048 10506 10341
f 13288 11347 11319
f 5893 6444 425
f 11822 11082 11295
f 5491 201 3891
f 3565 3559 4471
f 594 30 600
f 11947 8596 10682
f 5926 6206 8164
f 1597 1610 443
f 8870 9436 9723
f 12971 11446 13155
f 9812 12964 10210
f 495 768 1648
f 5988 4991 6277
f 8189 6485 8437
f 10087 5561 3960
f 11802 10143 11101
f 9924 10246 10247
f 184 2707 2154
f 6882 7616 6892
f 13052 13056 11491
f 4182 4475 3568
f 4113 5435 5154
f 9668 3552 9096
f 345 1529 1521
f 4770 6390 5755
f 4668 5666 4700
f 6412 8369 7223
f 12048 10162 12311
f 9344 8776 6956
f 5929 8164 6206
f 1916 2725 766
f 4760 10440 10608
f 4171 5188 4170
f 2685 2421 2694
f 10115 10424 10594
f 3736 5363 3760
f 3293 6470 8424
f 7573 2862 7614
f 11724 11951 13328
f 5628 10397 10491
f 13153 12877 13509
f 4184 3890 4189
f 5183 5460 5186
f 9768 9193 9780
f 9891 10236 10219
f 5478 1336 1334
f 8824 4921 7730
f 4485 3580 3890
f 9883 10212 9912
f 3573 5472 1337
f 10702 250 542
f 9224 9800 6841
f 10712 12806 10720
f 5929 9112 6469
f 599 1484 323
f 12944 13385 11784
f 6269 4994 6001
f 12832 12831 12022
f 9413 9695 9701
f 5914 2985 5907
f 176 1899 2168
f 7966 1417 7521
f 11048 11490 11316
f 6442 6432 8129
f 160 1879 2409
f 10727 10737 12022
f 11530 13098 11371
f 2471 1058 3587
f 7994 7981 5732
f 7994 5732 7981
f 2164 2162 177
f 1335 1039 1329
f 4732 4563 3645
f 9859 10241 12312
f 5004 5003 6823
f 5004 6823 5003
f 469 460 2434
f 2116 3540 2383
f 7015 7731 9394
f 2701 2139 2424
f 4180 4185 3880
f 4180 3880 4185
f 3229 3237 2940
f 13281 13543 13542
f 3426 4416 2324
f 13378 13377 12939
f 3264 714 154
f 3947 5259 5543
f 3031 3309 3313
f 3813 4114 4416
f 5931 7279 3004
f 12065 12263 13246
f 12232 13507 13227
f 6555 8249 6552
f 11155 12955 11031
f 4339 3433 4408
f 3125 8298 8027
f 7759 7038 7034
f 11158 11388 11906
f 11628 2148 8609
f 8099 6396 8086
f 6081 5822 6093
f 6816 3350 7073
f 421 2954 142
f 11192 11112 11324
f 7302 5938 6493
f 7714 6996 5179
f 2456 2730 2174
f 12710 11674 8656
f 4826 4868 6671
f 2266 2553 1776
f 9687 6198 8170
f 3838 5152 4131
f 3323 7305 3027
f 6104 3379 3096
f 6855 6611 13462
f 2327 2314 2595
f 6802 12332 4974
f 7732 9394 8823
f 1588 413 3857
f 10774 10064 10031
f 12291 12117 12282
f 8199 7314 8454
f 6211 5927 6468
f 3225 2948 3236
f 7320 7323 8468
f 12990 9854 9866
f 12330 12328 9924
f 9737 6786 4967
f 1154 1440 4590
f 3989 3986 4284
f 12582 12580 12825
f 799 2495 513
f 5940 6226 3305
f 6268 3062 5978
f 8945 7830 5022
f 10307 10045 7923
f 472 2712 2438
f 7479 10832 11959
f 11392 11153 11901
f 7732 8823 4926
f 7129 6353 5770
f 3988 5289 3975
f 4928 6212 9110
f 13473 13217 13218
f 751 2155 1891
f 6555 6552 8245
f 7544 5729 7533
f 998 1290 4435
f 186 2155 751
f 8481 3345 8867
f 4928 9110 6742
f 4545 3625 3626
f 8197 7307 6498
f 4348 3811 4037
f 8431 2999 3287
f 10437 10435 10441
f 3642 3646 4552
f 1185 5406 988
f 9117 5920 4922
f 602 1758 2058
f 8633 8636 11650
f 3394 3446 4349
f 4971 6776 9160
f 6829 5010 9784
f 10954 11731 10964
f 11267 11148 11785
f 11267 11785 11148
f 13249 12319 13515
f 7028 6762 7758
f 7399 7846 5612
f 12681 1966 11641
f 11263 10274 10266
f 8836 6486 7304
f 9135 9703 8208
f 2018 1750 1744
f 2892 3195 6111
f 1355 1060 1057
f 1219 3502 5412
f 1723 564 846
f 1920 1914 2179
f 13259 13525 7810
f 2716 468 1626
f 3254 2966 3244
f 9688 4923 6738
f 1722 4287 5301
f 9933 9931 10257
f 5861 6420 6144
f 8667 8685 6885
f 10144 9916 11098
f 2008 2320 4379
f 8171 6199 5920
f 1092 5243 5525
f 1476 373 2613
f 8172 6737 6201
f 10582 10608 10600
f 9690 9123 9400
f 6989 6984 7700
f 1959 2780 2779
f 4029 3799 4066
f 6525 8471 7326
f 3292 7282 3005
f 7530 7964 7971
f 5517 5516 3908
f 453 447 172
f 9688 6738 8175
f 9381 9387 8817
f 472 1631 2712
f 1135 3967 3669
f 10268 11890 8922
f 12603 12365 8552
f 7391 8539 9516
f 7309 8181 6485
f 2483 1939 2750
f 468 2448 1627
f 474 2449 2439
f 4540 3624 4722
f 472 2438 465
f 3583 1048 1341
f 8938 9219 9789
f 3296 8428 6208
f 474 2439 1636
f 5789 2879 3171
f 9248 8338 7173
f 4806 9559 9053
f 1851 1580 2669
f 10029 10556 10799
f 2147 2698 2420
f 767 759 1647
f 1169 3499 899
f 4915 7715 6731
f 3001 3290 8435
f 12596 10129 10749
f 7084 9476 7799
f 6415 8391 8118
f 13527 13533 13266
f 9242 8736 9241
f 5336 901 5069
f 4169 5186 5191
f 2439 2449 2167
f 5218 5500 5515
f 10293 10050 4667
f 10293 4667 10050
f 11988 11986 10700
f 3093 11889 3377
f 2446 3879 464
f 2012 1777 1204
f 4937 7019 6751
f 4925 4930 9111
f 10294 10352 10790
f 6204 8176 6481
f 12582 12014 10732
f 5024 6308 6568
f 8430 6202 3291
f 4000 3737 3801
f 3847 3531 1292
f 5214 201 5491
f 8289 2849 7140
f 848 561 1721
f 7272 8535 6570
f 5299 3984 4279
f 7286 3013 3001
f 9821 10171 12986
f 4473 3560 2425
f 9690 7011 6740
f 1143 1434 1138
f 10726 10720 10723
f 9690 9400 7011
f 1062 218 5499
f 2469 2735 1915
f 9028 9588 4831
f 8899 9184 9761
f 5920 4922 6735
f 5920 6735 4922
f 7283 3001 3013
f 2443 465 467
f 12681 11641 12439
f 5197 4486 1045
f 767 196 477
f 1893 753 11628
f 5925 6480 8177
f 12552 10702 11997
f 12552 11997 10702
f 2557 2070 2286
f 11825 11204 11296
f 10441 10899 10607
f 2584 933 4388
f 11404 12978 10210
f 11403 13057 13495
f 648 661 10684
f 6884 9278 6918
f 3576 3574 3876
f 813 1694 809
f 1107 5534 1389
f 11397 11281 11908
f 9283 8712 7615
f 747 181 1899
f 1248 1788 2056
f 5856 6130 5849
f 3865 4903 7705
f 8144 8140 8399
f 4336 3812 4107
f 4616 7485 12651
f 12432 7536 7968
f 6806 7074 9753
f 8481 8867 7332
f 213 5210 5493
f 2100 1846 2110
f 9196 9767 9203
f 1424 7820 5572
f 5015 9790 6834
f 5092 5356 5081
f 11931 7462 11608
f 205 197 760
f 4515 1370 3603
f 12205 12243 12077
f 7166 8319 8767
f 1984 266 838
f 11219 9874 10206
f 6304 3097 6301
f 7285 3009 6475
f 3856 5446 5164
f 2440 2705 2159
f 4794 6665 6666
f 9448 9456 8883
f 1319 1325 1033
f 9108 8815 9389
f 9393 7006 8819
f 7989 10106 10425
f 4178 4480 3884
f 7285 3299 3009
f 2462 1906 2173
f 4921 6731 7730
f 9070 9637 9643
f 10264 12337 13263
f 2716 2715 1898
f 3534 3845 3841
f 5888 3254 6158
f 4927 9112 5929
f 11524 13093 11523
f 5973 6259 5967
f 4013 3709 4006
f 6743 9683 7016
f 831 257 546
f 11211 11719 11081
f 4448 1297 1003
f 4643 7471 7944
f 12798 1699 541
f 9208 7814 5008
f 7016 9395 4927
f 11564 7511 7911
f 11029 13382 11026
f 4484 2448 3575
f 5025 5024 6844
f 8400 2121 2127
f 9702 6495 9126
f 12007 8635 11649
f 9961 10285 12348
f 4178 3884 5200
f 3839 5435 4134
f 11945 11949 10666
f 13294 12901 13343
f 9184 9183 9761
f 11588 8600 7919
f 853 842 273
f 13106 10277 11542
f 884 10833 5051
f 5957 6247 5956
f 8543 11395 7391
f 2431 2142 1326
f 3298 3010 3300
f 8911 9175 9744
f 5295 5565 5282
f 3767 3789 4096
f 8170 6207 5928
f 12702 11662 12700
f 4625 7450 7883
f 10580 10417 10594
f 11538 13107 9944
f 770 198 486
f 7391 9516 8947
f 11528 10252 10253
f 10152 9823 12154
f 8330 8075 7198
f 10469 7508 4706
f 12692 12576 12449
f 6195 3273 2986
f 4571 1422 1133
f 735 1611 2988
f 10005 5677 7854
f 9796 9794 9795
f 8231 9463 7350
f 6052 3209 6103
f 99 98 654
f 7285 8423 3299
f 1406 1114 1124
f 13425 12235 12143
f 10271 9204 12185
f 247 3937 4240
f 11123 10996 12918
f 9969 10797 10808
f 1950 2215 1947
f 984 5146 5145
f 11381 11662 8639
f 6494 6492 7294
f 6476 8178 8175
f 6760 7099 6828
f 7857 10063 7458
f 7012 9400 9402
f 5029 5312 1234
f 8368 7220 7232
f 816 525 245
f 8664 9347 8752
f 12715 12524 12772
f 12379 8576 2070
f 1091 1378 1083
f 10248 9925 9932
f 8787 9365 9359
f 11717 12267 13470
f 3883 5199 5476
f 3883 5476 5199
f 5824 2920 3206
f 11389 11901 12954
f 2795 2529 2528
f 11688 12124 12279
f 10939 11705 13311
f 996 1288 8782
f 2255 1985 847
f 9397 1344 1044
f 8988 9030 9595
f 5272 5557 5558
f 9974 10357 10507
f 362 1537 1515
f 2550 2296 1814
f 12322 6767 7035
f 3901 3593 4516
f 7103 7830 13532
f 13284 12355 13547
f 9549 8978 9338
f 6477 8181 3011
f 158 1876 724
f 8619 11640 8622
f 75 1505 631
f 3988 3985 5581
f 750 1629 190
f 9115 9401 9685
f 7691 6969 9353
f 407 396 1577
f 1424 1132 8928
f 4203 1657 772
f 9399 8830 9115
f 1383 5536 5537
f 4608 7392 5601
f 12919 11761 13360
f 12962 13399 11799
f 3881 4186 3888
f 1644 477 1637
f 10866 5245 7517
f 13280 13539 12350
f 13013 11451 11458
f 6252 6792 5973
f 8172 6222 6488
f 6656 4843 7646
f 3751 4338 3462
f 4182 3881 3888
f 12314 12150 12149
f 584 55 622
f 4307 3395 3809
f 3573 1046 4487
f 8001 10124 10447
f 7991 7989 10108
f 7991 10108 7989
f 3572 4488 3578
f 4482 3572 3578
f 7877 7468 10815
f 12818 12007 12809
f 757 476 188
f 10758 10071 10532
f 11396 12710 11671
f 3573 1337 1046
f 10281 13115 9953
f 10281 9953 13115
f 1386 5537 1111
f 3889 3888 5482
f 3889 5482 3888
f 719 3252 3251
f 12790 12542 495
f 2164 1905 1904
f 1425 4572 4573
f 12221 11728 10992
f 2540 2256 1986
f 1439 7985 1157
f 10417 4253 5559
f 3444 4353 1225
f 13418 13420 11439
f 13052 9878 11510
f 7036 7035 6767
f 2745 4500 3589
f 10435 10885 7975
f 8198 7301 7310
f 6002 3076 5991
f 10877 10096 10715
f 11158 11152 11902
f 2163 1901 1900
f 828 3367 3090
f 9551 6686 4871
f 9925 10255 9932
f 3594 2466 2186
f 2973 153 2124
f 10155 13054 13081
f 6149 8378 3234
f 3920 794 1671
f 2174 1900 1901
f 10895 10104 10110
f 13371 13369 11773
f 9116 8824 9406
f 9522 9223 8944
f 2270 12386 8575
f 1043 1049 1343
f 1956 2785 2238
f 462 739 1618
f 8825 7017 9403
f 7668 6950 4865
f 2442 1640 2722
f 5219 4202 773
f 11763 13362 11000
f 4928 6748 5932
f 2941 8362 7215
f 3706 4024 4016
f 3706 4016 4024
f 10781 10330 10547
f 1632 478 1639
f 1632 1631 478
f 13545 12355 12195
f 9529 4773 8965
f 7290 8432 7297
f 534 6276 5987
f 2887 6923 3172
f 5115 5384 5101
f 9570 9862 11509
f 6463 2979 7264
f 11874 12917 2936
f 8459 9425 7312
f 9397 5198 7010
f 3155 6643 7667
f 8270 6309 8261
f 8432 1343 7297
f 5800 6074 6077
f 8550 7893 11594
f 6977 7814 8921
f 3104 8530 6563
f 9200 9197 9772
f 3006 3303 8436
f 9134 6752 9697
f 1404 5546 3634
f 2563 2010 2013
f 8542 9805 6580
f 1939 2478 2750
f 1158 3695 4604
f 472 1642 481
f 2263 2546 8640
f 2580 2078 2306
f 11201 11200 11083
f 5392 10054 10838
f 6839 5020 6837
f 9260 11491 13056
f 12730 12613 12409
f 9509 8941 8940
f 2494 2771 2216
f 1972 2520 2792
f 7086 6805 7792
f 7431 10785 10003
f 12467 12389 12637
f 8108 6421 8383
f 12800 11997 10722
f 12800 10722 11997
f 8302 9333 9610
f 1895 744 2720
f 3576 4490 4481
f 2527 2522 2791
f 2183 2454 2726
f 5554 3946 5544
f 11282 11281 11160
f 6743 7735 4931
f 7279 6471 8417
f 3574 4187 3884
f 10588 10097 10882
f 2580 2306 2039
f 7617 4827 6645
f 4197 3894 5485
f 6840 6832 5014
f 751 192 758
f 9704 6512 8200
f 3898 4195 3897
f 2512 539 1701
f 7272 8534 8535
f 1634 3891 482
f 13378 3088 12937
f 3052 3340 8491
f 10893 10428 10105
f 6477 2997 5919
f 3969 5567 3968
f 6745 4934 7736
f 11726 13336 11758
f 6543 8236 8235
f 9397 9405 8828
f 9357 8780 9356
f 2044 7165 8740
f 8172 6488 9122
f 10477 10402 12146
f 7732 6747 7020
f 2444 2726 2454
f 4607 3995 4294
f 12590 10740 11658
f 6734 7721 4916
f 5492 4190 3892
f 8535 7380 6570
f 12945 13387 12946
f 4183 4182 3889
f 10286 9961 12348
f 10286 12348 9961
f 12794 12545 12544
f 1926 1364 1071
f 11891 8523 11889
f 2737 1906 2462
f 5462 3253 722
f 3584 9126 8833
f 3298 3020 3296
f 11796 12593 11036
f 11881 7279 8417
f 12380 2578 12647
f 4480 5200 1041
f 8424 7277 3012
f 8433 6491 8174
f 8676 8969 9270
f 10626 11938 10648
f 9412 7304 8449
f 9737 12168 10248
f 9529 6590 4773
f 9690 9118 9123
f 1907 1899 2167
f 10756 10057 10765
f 4841 6642 6934
f 8230 6533 5970
f 10331 7918 10080
f 6371 9615 8077
f 7840 8568 11609
f 3892 4190 4185
f 210 764 768
f 4983 6793 7789
f 8643 12451 12576
f 12452 10736 8638
f 9688 8175 6489
f 4328 5076 937
f 3576 2446 2729
f 2162 184 2154
f 3891 4185 4190
f 12679 8251 11259
f 3074 3073 5985
f 10868 5562 5280
f 8895 9747 9171
f 6211 6217 5927
f 6160 5875 5876
f 10443 10609 5740
f 4548 1128 3657
f 8373 8127 11876
f 818 1697 817
f 5979 8228 6534
f 10194 10214 9865
f 474 2728 2449
f 1052 4489 3581
f 320 610 61
f 3876 4171 4173
f 1959 2779 2511
f 9629 6696 9062
f 9800 6308 6841
f 4548 7960 1109
f 4547 3949 1107
f 2406 1597 2692
f 7339 8219 7330
f 893 5080 7481
f 4248 3951 533
f 1050 1340 1044
f 2008 4379 1745
f 2730 2719 2450
f 6355 9031 8044
f 12679 2524 2781
f 10418 10580 10595
f 8488 7344 3047
f 260 2523 551
f 464 1623 463
f 8869 7063 9441
f 11411 13151 13005
f 10752 10750 10745
f 6490 6481 8176
f 8704 9043 9625
f 9370 6981 7702
f 7871 7442 7889
f 1344 1050 1044
f 2030 1762 2350
f 3986 4272 5566
f 8169 5919 6197
f 9005 9348 8728
f 6722 6719 4901
f 1644 475 759
f 202 3885 5484
f 7295 3300 8434
f 8517 8515 7363
f 2188 1911 207
f 11014 11006 11772
f 10807 10060 10344
f 7365 8514 8513
f 2577 1754 2028
f 11040 6578 6310
f 10720 12562 12805
f 12921 11881 11365
f 7770 8879 6787
f 813 824 253
f 10437 10436 10103
f 11276 11903 11391
f 2228 2516 542
f 7365 8247 8514
f 4187 5200 3884
f 3302 3299 3011
f 5975 5970 6254
f 11666 12020 12014
f 10416 10593 10423
f 5419 5150 990
f 12353 12350 12194
f 2174 2450 1900
f 6207 6198 8165
f 2335 3489 4386
f 1358 3597 2469
f 9380 8808 9385
f 1136 1426 1135
f 5342 5141 6960
f 5480 5574 5297
f 12231 13446 13157
f 13126 8950 9526
f 6295 11016 3379
f 439 167 721
f 8925 7100 9494
f 5518 3911 4210
f 1356 2192 8851
f 1344 8828 9405
f 8832 7733 8831
f 7054 9454 8884
f 13028 9294 11496
f 12599 12037 12845
f 1765 1509 2594
f 12847 12595 10622
f 5557 5271 5556
f 8501 7353 6538
f 1089 5533 1379
f 6820 5005 5000
f 2220 2499 3629
f 1892 2152 2429
f 891 922 1209
f 10261 9935 13093
f 6040 8027 5773
f 7837 8690 11409
f 10623 10446 12836
f 4808 5788 6065
f 11016 11252 11131
f 7544 4744 10599
f 6663 6684 4869
f 6992 6724 4909
f 7006 6731 9672
f 10627 10000 10828
f 11333 11347 11864
f 4576 4269 3672
f 6749 4931 7735
f 4048 4670 10506
f 5489 5207 4189
f 2233 2782 2231
f 5209 3893 4187
f 10775 10555 10396
f 5937 3304 6219
f 11797 11150 11271
f 6546 8238 9182
f 12864 13480 13295
f 11262 11265 11144
f 6484 8266 6308
f 11826 11319 11356
f 6213 8425 3294
f 3463 936 1237
f 5713 3656 1412
f 3253 7700 2959
f 2244 1974 2792
f 8995 6657 4845
f 9481 8917 13096
f 9071 8784 9353
f 4733 7980 5725
f 12236 12119 10959
f 8298 7162 6379
f 2075 2355 2072
f 759 10698 194
f 1672 795 1663
f 4752 10596 7541
f 11654 8630 12442
f 5084 4060 3823
f 4935 6750 9122
f 6141 5860 6145
f 228 1665 503
f 1137 4574 4272
f 1709 829 549
f 1888 2698 2147
f 10085 10864 10084
f 9420 8847 7317
f 11008 6286 3078
f 4378 2330 3482
f 3292 3017 8435
f 2454 1906 2726
f 2454 2726 1906
f 8446 6492 7301
f 8717 9616 9044
f 11991 11990 10708
f 7479 7513 10832
f 3399 1175 3435
f 296 12749 12482
f 12157 11767 12317
f 7390 8540 6579
f 9884 9620 10229
f 4582 2803 1141
f 4242 4237 5540
f 2430 168 2143
f 2455 3580 3890
f 2455 3890 3580
f 1656 12789 10575
f 5555 5280 5562
f 4627 5664 4711
f 6275 6003 5982
f 7358 8516 6550
f 10273 9948 13103
f 7402 7933 7934
f 10257 10251 12171
f 4972 6798 6795
f 10384 10560 10382
f 7712 6994 7716
f 5480 5297 256
f 5486 5206 3886
f 8217 8471 6525
f 4611 5623 4695
f 4274 3977 3976
f 11796 11036 11792
f 4969 9739 6785
f 5946 6231 3300
f 5391 5099 5384
f 4469 1880 1033
f 4768 12276 6618
f 12924 11761 10998
f 1852 2661 2112
f 12692 12445 12691
f 12692 12691 12445
f 6751 7019 7018
f 9128 8829 8830
f 5550 3941 5264
f 8900 7115 9518
f 3229 2940 7214
f 11476 11472 10239
f 5984 6003 6275
f 2554 323 1483
f 12248 13038 13060
f 11796 13397 10746
f 13185 12083 12871
f 5485 3888 4186
f 10806 5693 10354
f 11525 10261 11524
f 2262 8526 8639
f 8405 1864 7261
f 5108 4126 3828
f 7070 8885 7780
f 3311 6216 3015
f 2267 3470 2571
f 8669 13080 11511
f 473 462 2437
f 3682 3681 4587
f 3250 2957 2965
f 2206 2475 2205
f 11447 10183 12265
f 7360 6535 6545
f 3264 6991 714
f 10300 10029 10834
f 9998 10800 10061
f 3312 7018 6215
f 7414 4616 12651
f 6484 7388 8536
f 11068 11200 11201
f 6494 7301 6492
f 2427 2141 1878
f 9255 8284 9634
f 12317 13250 13511
f 4600 3691 4598
f 8448 6217 3025
f 9528 9268 8083
f 9541 8752 9323
f 1054 4488 4492
f 10999 13361 12922
f 9023 6370 7178
f 1371 1073 4513
f 11103 11227 11214
f 8226 6530 6255
f 7309 8442 8181
f 2547 2821 2264
f 11032 12453 11897
f 8643 10739 12451
f 7634 6647 6914
f 8290 3204 2918
f 1050 2166 1340
f 3705 5153 4132
f 2007 585 576
f 1346 3578 1054
f 5734 3688 4601
f 1424 8928 9502
f 13400 12962 11801
f 3309 6223 3303
f 1908 1899 1907
f 8900 8952 9519
f 2734 2172 1905
f 7838 9977 7482
f 10062 10392 5408
f 5320 3756 3752
f 11204 11712 13318
f 3395 1187 5392
f 11037 11793 12950
f 12268 10190 12104
f 7898 10849 7499
f 9830 13049 13048
f 516 2488 2213
f 8143 6445 8147
f 7763 4954 6773
f 2735 2728 1915
f 779 1931 2195
f 5074 5085 5348
f 6225 6219 3304
f 10585 3963 10094
f 3383 3098 7106
f 3320 3031 3317
f 9171 9166 9738
f 10428 10879 10095
f 11562 10289 9964
f 12406 8589 10672
f 3025 6217 5935
f 5353 902 1206
f 12987 11465 13033
f 200 486 478
f 7419 7902 4652
f 12465 8653 12711
f 4937 6749 7735
f 7075 7072 7790
f 5585 4576 3669
f 8999 9286 8715
f 550 841 2800
f 1873 2138 7252
f 4447 4442 3540
f 1577 139 700
f 1648 192 485
f 8180 8179 6482
f 11430 13017 8698
f 9013 8733 9309
f 226 509 224
f 4592 4590 3661
f 12541 192 10699
f 2686 2417 2132
f 2686 2132 2417
f 13421 12272 13149
f 5512 1366 1067
f 6927 7641 8745
f 901 987 1279
f 12841 12588 10739
f 5803 6346 7166
f 8877 7345 9462
f 2541 2802 2540
f 4191 3887 5202
f 10684 661 11970
f 4710 5694 7951
f 12705 11666 11668
f 7739 4932 6749
f 7278 8423 7270
f 1120 1418 7521
f 13108 13112 11545
f 9067 6394 4884
f 2226 2216 2503
f 8656 11674 11667
f 8723 6945 7647
f 8645 7558 10901
f 5485 5482 3888
f 8518 8512 7366
f 2180 1642 2453
f 1514 92 633
f 10699 11984 753
f 8844 7322 9414
f 915 5088 1233
f 6993 8809 6999
f 6904 6662 9063
f 12185 13530 13111
f 2180 763 1642
f 7703 6712 6714
f 3621 4541 3630
f 799 227 1676
f 5489 4189 3890
f 1116 5261 4236
f 434 2400 5884
f 747 173 741
f 10584 3959 10415
f 5666 7956 5688
f 3612 4518 1372
f 3926 4224 4220
f 1694 537 2776
f 303 79 1492
f 10727 12022 12584
f 309 1493 331
f 4938 4933 7736
f 8282 7160 8052
f 4731 5709 4562
f 1440 4592 1130
f 1440 1130 4592
f 7744 4946 5949
f 2333 2607 2332
f 6787 9166 4968
f 11381 8639 8526
f 6227 3017 3016
f 4720 12423 11624
f 5550 5543 3941
f 11959 10681 7947
f 12730 12375 12613
f 4523 1381 1083
f 1916 2734 2725
f 4091 78 345
f 3998 4032 3722
f 13209 13474 12118
f 9774 9182 8238
f 8876 9169 4970
f 6592 6886 6630
f 11195 11231 11114
f 8606 8638 10736
f 7306 6490 6497
f 11248 11143 11139
f 1026 164 1323
f 893 7481 1207
f 8875 7771 9451
f 9395 9106 8821
f 7133 8720 8309
f 2322 1276 2045
f 13413 12271 12107
f 8656 11667 11665
f 2255 847 1724
f 6811 7796 7798
f 6226 11765 3305
f 1064 1365 3598
f 3264 7717 9384
f 1348 3579 2175
f 3734 5151 5419
f 833 2244 260
f 12945 13384 11781
f 5575 5293 3976
f 13427 13479 13152
f 6872 7683 4878
f 12497 72 344
f 7769 7047 8870
f 9811 10172 12970
f 5353 5089 4054
f 3865 7705 5454
f 268 840 267
f 10273 13110 10272
f 1909 2455 2730
f 12038 10912 10625
f 591 604 32
f 5491 3891 4190
f 5518 4210 5233
f 10701 253 824
f 3618 4513 4525
f 5940 3305 3019
f 12818 12809 12003
f 5357 5356 5078
f 13432 12227 13240
f 804 234 808
f 8187 7300 8439
f 10903 10123 7556
f 10470 4719 12769
f 6169 2993 5907
f 3359 3355 3066
f 7538 4590 7537
f 8276 2921 2861
f 12026 8640 11659
f 623 102 66
f 6030 5795 6039
f 6499 7300 8187
f 2998 2994 3278
f 5347 1201 897
f 9095 3549 3860
f 6301 3105 3389
f 7312 8442 7309
f 7023 4935 8838
f 6173 2982 5901
f 12460 8647 11664
f 12590 12830 12579
f 4077 5412 3805
f 6224 3307 3018
f 11692 6025 3124
f 6842 9222 6309
f 7403 7856 4642
f 4580 3666 3675
f 10472 10567 10346
f 5704 4724 7519
f 4548 3657 5706
f 3901 4516 4209
f 3586 1050 1344
f 8998 8696 9284
f 2271 2033 6344
f 9361 6972 6705
f 768 764 480
f 3052 8496 6265
f 10754 9984 10790
f 1723 563 1722
f 3635 1400 1106
f 12858 11117 10977
f 8445 8441 8185
f 5177 5449 1308
f 11378 13382 12948
f 2965 2957 3243
f 10805 10037 10830
f 3931 3622 4542
f 230 800 795
f 5716 7530 4733
f 9760 4990 6808
f 4484 3577 3877
f 6228 6222 3306
f 232 800 1947
f 5944 3029 3020
f 5943 6228 3021
f 9194 9776 6822
f 11442 11344 12904
f 2825 13347 2836
f 1738 2614 2616
f 9369 9658 8792
f 1057 1350 4490
f 261 832 257
f 5015 4282 5284
f 1056 5204 4491
f 6565 6307 6015
f 7796 7078 4993
f 8278 6341 7164
f 7309 8189 8443
f 6237 6761 6763
f 10526 4701 10564
f 7276 6457 8411
f 4194 5204 1056
f 4946 9708 8201
f 6745 4930 4934
f 13212 13066 13490
f 11374 11136 11255
f 207 761 769
f 7023 8838 7738
f 10418 4253 10580
f 12640 11965 11615
f 1936 217 2195
f 2524 2514 2781
f 7154 8045 6385
f 2211 2204 1937
f 9128 9124 8835
f 12797 10716 12563
f 5036 4008 3712
f 372 113 97
f 12185 9204 7808
f 12562 12802 12559
f 13140 6890 13200
f 13435 6869 13183
f 7991 7548 5723
f 6501 8186 6223
f 6556 8247 7365
f 10587 11778 12801
f 10486 10013 10843
f 1599 448 5908
f 6249 7041 3329
f 5477 5201 1337
f 13370 13523 12929
f 8241 9769 9462
f 13286 12353 12197
f 4988 4980 7787
f 436 2414 1610
f 2462 2461 488
f 8973 8735 8736
f 8888 9168 9451
f 12604 11588 4710
f 1911 196 761
f 9868 11217 12277
f 1336 1047 4488
f 12471 10385 10022
f 3595 4504 4211
f 11920 10640 12529
f 4555 4252 3641
f 815 254 530
f 8430 8178 6202
f 7406 7515 4645
f 1990 2812 1725
f 3702 3823 4060
f 6138 6401 5861
f 12159 5950 4944
f 295 64 593
f 12547 11987 12793
f 13550 13131 13401
f 7243 6418 6146
f 11796 11792 11037
f 2459 2456 2174
f 9500 9941 9499
f 3563 1325 1324
f 3921 1074 5227
f 3913 10083 10410
f 1142 1435 1140
f 11385 13386 13119
f 5710 3660 5706
f 2377 2100 392
f 7329 8497 3064
f 11137 11368 11250
f 11150 12949 12948
f 5954 6224 6237
f 12674 5726 12441
f 5955 8442 7312
f 12347 10280 12346
f 356 1526 655
f 2527 11636 8616
f 11691 11722 13333
f 6441 8127 6430
f 4159 4157 3859
f 12987 13461 13186
f 1969 2780 2240
f 3586 4496 1050
f 4292 3697 4606
f 13253 13512 11516
f 1477 317 1534
f 1181 3459 965
f 1988 2810 1994
f 4581 3973 4271
f 12443 11645 12687
f 2754 1934 1940
f 832 1975 11989
f 7289 2999 8431
f 5876 6148 3239
f 1657 1655 490
f 5210 5494 5486
f 4580 9212 3666
f 6511 6242 4942
f 12608 12370 12659
f 5088 5430 4125
f 6294 3094 3380
f 5494 5206 5486
f 8553 11568 8574
f 6548 6560 6273
f 11691 13333 13334
f 2210 2206 2205
f 6031 5766 4779
f 7713 9389 8806
f 3318 3023 7302
f 8845 8836 9412
f 12248 13060 13496
f 13286 10289 11562
f 2123 2118 1852
f 2933 2927 3211
f 1421 7970 1414
f 9815 10135 12966
f 8985 9607 9608
f 9189 9184 8899
f 4197 5485 5494
f 9122 4930 9691
f 7693 8785 9072
f 2517 2778 1705
f 8457 7303 3025
f 11431 11450 10215
f 11082 10207 9899
f 5455 1015 1312
f 11443 13076 10205
f 8214 6512 8464
f 5210 5486 5493
f 9975 10557 10357
f 6719 7697 7696
f 11728 12907 12912
f 4159 1588 3857
f 183 2158 754
f 126 2096 116
f 8626 7983 10721
f 7313 8443 8189
f 12164 12321 13253
f 6548 6273 3056
f 7866 7420 4699
f 741 1610 2704
f 5324 5351 5039
f 6592 6853 7635
f 6691 9628 6961
f 1065 1359 1070
f 11511 13072 13504
f 6993 6999 7715
f 5135 5416 4134
f 11293 11854 11187
f 6140 5860 8101
f 9262 8286 8698
f 8953 9226 9522
f 2533 4585 2806
f 1353 1346 1054
f 1059 1346 1353
f 3036 3312 3026
f 11889 11131 11368
f 1926 1931 1061
f 12553 10720 12805
f 12574 12816 12002
f 2701 724 1876
f 1352 1345 1055
f 1065 1073 1359
f 1840 2097 2373
f 9950 11146 11264
f 1175 937 3435
f 1058 1345 1352
f 8775 9354 7201
f 2878 7657 6930
f 208 198 770
f 10793 912 5050
f 7027 5951 3321
f 9134 4942 6752
f 3030 3310 13363
f 2763 2491 2481
f 12681 8622 11640
f 3897 4493 4193
f 3322 7024 7033
f 10330 10860 10521
f 4246 4253 3948
f 7117 7116 7114
f 9702 8194 6495
f 8282 8328 8030
f 1892 2710 2152
f 9521 11556 13124
f 12336 11009 11010
f 11001 11762 13364
f 8514 8247 8512
f 1384 1383 5537
f 11767 11762 11001
f 12587 12450 8636
f 3343 7341 8486
f 7707 9368 6984
f 3589 4500 4495
f 4622 4716 5606
f 1718 3966 4267
f 2465 1649 2736
f 5220 772 1651
f 7442 10818 11939
f 7154 8306 8045
f 5086 3826 10830
f 5979 6262 8228
f 6938 9342 8758
f 8154 7268 8412
f 2164 2725 1905
f 12128 12117 12291
f 3613 3605 4517
f 2602 2592 2316
f 185 755 193
f 4557 4553 3640
f 12962 11799 11043
f 11765 11000 12923
f 4011 3832 4057
f 9304 9317 8738
f 10618 5737 10446
f 11767 10999 11762
f 4580 1429 1139
f 10247 9157 12169
f 3726 3447 4405
f 3655 1159 4604
f 3283 8150 6183
f 8101 7202 8359
f 8385 8116 8379
f 2466 2182 2186
f 6200 6738 5911
f 2466 2733 2182
f 8099 8086 6401
f 4054 3833 4063
f 3323 8450 7305
f 5308 1159 1445
f 3434 4366 3806
f 768 758 1648
f 13043 13341 11481
f 12716 12617 12616
f 8046 8315 9599
f 5487 1438 3977
f 13115 9953 10284
f 862 1168 1763
f 4941 6753 6754
f 2193 1353 498
f 2126 2120 1856
f 13270 7807 5005
f 6798 7068 4976
f 13546 9963 12354
f 8197 6498 6504
f 2029 2339 2333
f 6295 11133 11016
f 261 257 831
f 12219 13239 12112
f 3067 7080 3356
f 6196 5918 6482
f 6237 6500 8193
f 4501 3591 2474
f 2685 434 2421
f 5178 5171 5450
f 6756 7742 7021
f 2686 8133 6439
f 9075 4885 6702
f 11143 7373 2525
f 222 787 788
f 9594 8747 9345
f 1884 2694 2145
f 556 2797 1714
f 11375 7370 8519
f 304 1524 81
f 776 204 763
f 11904 13395 12955
f 1837 684 120
f 13290 12907 11749
f 9675 9387 8814
f 13538 7111 13119
f 12497 344 12774
f 10731 12575 12011
f 2102 697 1847
f 6590 4780 4773
f 8169 6477 5919
f 8995 9063 9633
f 1920 2185 1914
f 7059 7058 8885
f 5950 11765 6226
f 3034 3323 3027
f 9653 9079 6715
f 1092 5251 5243
f 6756 4938 7740
f 3369 3082 7364
f 12495 12785 10671
f 416 2952 5874
f 10278 9954 10283
f 438 730 1609
f 1852 2118 2661
f 12455 12699 8640
f 1636 2439 2713
f 13379 13380 12941
f 4139 3831 2354
f 3297 3016 3017
f 7024 7022 7741
f 5573 7821 8930
f 11004 12926 13363
f 1922 2180 1913
f 9486 9485 8912
f 1654 12540 487
f 12234 13439 13308
f 258 256 830
f 8871 9437 8866
f 3352 3060 7790
f 2742 488 1652
f 7389 8536 7388
f 2189 2468 1916
f 2423 2721 2457
f 2190 1915 211
f 3003 3002 7292
f 8456 7307 7315
f 4317 5670 4637
f 10449 4761 10611
f 12963 13400 11801
f 4213 5225 4209
f 11047 11207 11164
f 5458 4156 5170
f 7088 7810 5004
f 9018 6683 9589
f 6232 5940 3029
f 2324 2323 2590
f 12968 13016 10145
f 1061 5489 1347
f 13435 10072 10779
f 9135 9127 9703
f 7179 8347 8327
f 7283 3013 6474
f 4843 6647 7646
f 532 808 1693
f 4016 4024 3416
f 5951 6227 3321
f 11270 11787 11150
f 11270 11150 11787
f 11106 11220 11329
f 5603 7908 10372
f 9731 9152 4958
f 3983 4281 5283
f 8767 9328 8766
f 7281 7276 7275
f 5215 5498 5208
f 2462 2173 2461
f 4791 6873 7595
f 928 2585 4356
f 3590 1354 4496
f 4816 7613 4867
f 4658 12653 7444
f 5676 7927 4718
f 5498 5491 5208
f 7030 3316 3035
f 2465 2463 2739
f 2061 2904 94
f 11528 10253 10262
f 1334 5473 5191
f 7024 7739 7022
f 10892 10105 10590
f 5953 8192 6505
f 1456 311 4369
f 12790 12541 1655
f 4501 3590 3586
f 8301 7197 8348
f 5977 3063 3062
f 6925 7637 2894
f 2620 656 1802
f 9416 9705 9128
f 4661 5636 5677
f 1375 3600 3911
f 10432 10098 10426
f 9369 8117 9658
f 1636 4181 3885
f 6239 6229 5953
f 2829 3151 6894
f 1754 2024 2028
f 7327 8208 8465
f 2508 2226 2787
f 3566 3564 1328
f 2992 6180 8153
f 3677 4579 3668
f 8534 8527 9514
f 10619 10126 10909
f 6552 3081 7361
f 6252 5967 8221
f 12545 1705 12544
f 7314 6499 8447
f 6234 5944 6231
f 2132 1875 2130
f 12455 12701 12452
f 5523 3913 5235
f 9224 5025 7833
f 2229 1959 2511
f 2825 6025 10965
f 5265 1127 5559
f 3940 3629 2768
f 6757 9129 9704
f 7421 7508 7861
f 9308 8732 9618
f 11680 12083 12241
f 5750 6028 6027
f 4501 3586 4497
f 781 5211 1658
f 12508 10376 10561
f 11535 9206 10265
f 2936 6131 3219
f 10437 10899 10436
f 5499 3896 4194
f 1655 491 490
f 1060 1349 1350
f 10678 10058 10075
f 13277 13540 11552
f 8458 7310 8448
f 11955 11599 8586
f 1060 1350 1057
f 7077 6799 9750
f 12454 8639 11662
f 10004 10043 10373
f 3339 3048 7347
f 2192 6506 7318
f 6993 7709 8809
f 6721 3858 4902
f 5029 888 7445
f 1912 2722 1640
f 2179 2178 2460
f 5995 5994 6286
f 2221 1403 3627
f 8173 6487 6479
f 9140 9707 8196
f 4034 3721 5060
f 6162 5875 6160
f 12956 12952 12951
f 13279 11551 9958
f 1019 1309 1013
f 8432 3288 1043
f 10743 12024 8642
f 11422 13457 13048
f 12679 2243 2245
f 48 2022 1750
f 2461 189 2171
f 9701 9131 9699
f 8819 9672 9100
f 5994 3080 3079
f 12317 13511 12160
f 10381 10535 10827
f 11017 6006 11144
f 5885 5878 6150
f 1945 3345 8481
f 7611 13206 11491
f 5468 448 3867
f 5036 4100 4008
f 13144 13190 13451
f 5216 215 785
f 11096 11236 11837
f 4245 6810 4991
f 5264 5256 4244
f 6650 4834 4840
f 1011 4449 4454
f 5352 5373 5091
f 2382 2103 1833
f 3980 3667 3668
f 8278 8020 6323
f 4271 3975 5289
f 1370 1069 4507
f 8429 8428 6465
f 3324 5950 6232
f 13168 12259 13429
f 5554 5278 5553
f 8451 7024 3322
f 3865 6720 4903
f 12713 8653 11676
f 3082 3078 3079
f 6588 6957 4833
f 5026 7113 7112
f 1172 5402 3420
f 7320 8461 7323
f 10583 4255 10413
f 12840 12460 12704
f 5514 5507 5224
f 12354 12351 12195
f 4730 5710 3657
f 12386 12633 8575
f 2024 43 628
f 2024 628 43
f 10451 10616 10612
f 10458 10311 10312
f 4220 5512 5232
f 11932 10565 12764
f 4802 8986 7599
f 5695 12662 12419
f 1868 3249 8393
f 4247 3950 5257
f 7863 7423 7953
f 5474 5193 5469
f 1692 1684 525
f 4444 3536 4449
f 12717 12536 12495
f 9477 9936 13094
f 1730 566 1727
f 9955 9958 10282
f 13365 3318 8456
f 5269 5555 5562
f 9136 9713 8851
f 1676 227 1666
f 6840 5022 6832
f 3047 3334 3041
f 8864 7761 4953
f 8836 9118 6486
f 5092 4078 3773
f 8458 9714 8198
f 3587 1058 1352
f 10465 9984 10050
f 5973 5972 6259
f 1838 121 683
f 5733 7540 4749
f 503 1659 1661
f 4946 8201 5949
f 5009 7812 9502
f 1015 1308 1011
f 9563 8992 9562
f 7968 4736 7536
f 7968 7536 4736
f 7029 9426 3319
f 5330 3784 4119
f 11002 10999 11767
f 1439 5720 7985
f 6276 6000 3083
f 2135 2141 1870
f 4592 3661 3662
f 4945 4939 5948
f 7560 10119 10899
f 9797 9215 5021
f 6493 8177 6480
f 12607 12368 12620
f 7729 7007 7722
f 3486 4076 3781
f 12367 12661 11062
f 6751 7018 3312
f 5199 1040 5476
f 2652 1559 390
f 9554 8983 6627
f 8205 6507 9133
f 8446 6489 8184
f 12863 10963 11822
f 8206 9699 6508
f 780 212 5210
f 12383 10354 5693
f 9797 5021 7108
f 4581 3668 3973
f 12607 4653 9841
f 12026 11659 12826
f 7439 5679 7882
f 11860 11340 11859
f 4227 3944 4239
f 7026 3326 6243
f 8549 10637 12523
f 8462 9412 9418
f 8237 8502 3357
f 1840 2373 2668
f 12099 13205 13485
f 8061 6387 8069
f 417 137 5444
f 6242 8205 6755
f 1284 990 1283
f 11180 11102 11356
f 3714 3491 4105
f 5217 771 5504
f 13136 12311 13436
f 7337 7331 5960
f 12123 10224 10223
f 3903 493 2467
f 9543 9029 9280
f 7526 7983 8626
f 11654 8634 8628
f 6590 9897 12261
f 8696 4857 7596
f 4478 3564 3566
f 10749 10741 12033
f 10891 12808 12813
f 10309 5628 10512
f 5506 207 206
f 5958 6243 6248
f 8522 6011 3380
f 3026 3308 3024
f 11366 11248 11374
f 1338 5195 5474
f 11042 13393 11798
f 5771 6101 11721
f 8642 10733 12577
f 12158 12926 11004
f 7339 7331 8480
f 8463 9701 8206
f 3388 7383 6574
f 5505 208 1653
f 1358 2469 2190
f 3383 3097 3382
f 1140 4271 5289
f 6051 8053 5780
f 6051 5780 8053
f 195 191 753
f 6329 8021 6048
f 3038 7745 7742
f 2002 1816 2292
f 12715 10474 11953
f 11682 11688 10987
f 11694 13413 13313
f 4498 2747 9702
f 2228 2516 250
f 2228 250 2516
f 9534 12297 9835
f 10264 12176 12337
f 347 3792 4099
f 12443 11647 12685
f 13529 13379 13272
f 8297 7196 8027
f 8082 9630 8357
f 8133 7249 8125
f 12011 11654 12689
f 3588 4499 2746
f 7844 912 7448
f 5824 6089 2901
f 7416 7953 11620
f 10498 12760 11952
f 8936 7108 7826
f 4506 3592 2742
f 6328 6075 8053
f 9445 7761 8864
f 9445 8864 7761
f 6026 5777 6043
f 8251 11139 11259
f 11901 11153 13393
f 781 5495 5211
f 11424 11488 13061
f 3951 239 810
f 10461 10490 10323
f 12723 12525 11932
f 2048 2319 3483
f 864 4657 4341
f 3322 7033 9421
f 10663 7914 10389
f 2648 2365 2634
f 3452 3461 4356
f 5497 217 3898
f 8834 9400 9123
f 7320 8843 8461
f 3383 3382 3098
f 4361 5422 936
f 1922 1068 5221
f 3862 421 4156
f 5219 776 5221
f 3218 6129 5845
f 8461 9414 7322
f 6896 6645 9026
f 11887 11373 11886
f 11315 11870 11845
f 4944 5950 3324
f 256 5297 269
f 1335 1329 1038
f 12686 7534 4742
f 3513 3503 1263
f 3513 1263 3503
f 3151 6093 6634
f 74 5399 5116
f 2472 3589 1059
f 13144 13451 13021
f 12939 10711 254
f 722 159 165
f 5216 5496 215
f 8405 7268 6458
f 13313 13177 12887
f 7991 7990 7548
f 8844 8849 7322
f 8846 7314 9421
f 2189 1361 2468
f 2522 1971 2791
f 3899 495 10409
f 211 777 5223
f 9591 9314 9058
f 12295 10207 12151
f 9703 9415 8465
f 4762 4607 5741
f 1443 1152 5302
f 9736 9729 6788
f 414 134 1571
f 3555 9091 9094
f 11527 13259 12170
f 1881 2137 2699
f 9420 7317 8453
f 3949 3651 4256
f 6329 5774 8998
f 13322 12912 10992
f 1922 2194 1068
f 7638 6644 6908
f 9824 12246 4662
f 1866 2137 1881
f 6651 6922 6092
f 2095 2385 1841
f 3229 2950 3237
f 2741 2467 2732
f 11276 11155 11154
f 5213 217 5497
f 10712 255 3090
f 6237 6235 6761
f 2301 2585 1753
f 12425 12427 12672
f 12574 11788 12824
f 10175 11466 11499
f 2865 6069 5792
f 11575 7890 7452
f 12542 10576 10409
f 3042 3332 5961
f 9417 8198 9714
f 2089 1288 996
f 9939 11258 11138
f 2286 2312 2031
f 13365 8456 9422
f 4375 986 3515
f 7993 7992 7553
f 9559 9584 9008
f 1601 724 447
f 10454 10130 10133
f 987 975 4412
f 13365 9422 13512
f 778 5498 216
f 2846 3196 8341
f 4248 6824 4999
f 11241 11361 11876
f 11940 10651 10652
f 7382 9514 8941
f 759 475 187
f 5760 10935 11706
f 2300 317 1477
f 10126 10905 10906
f 5584 4285 3992
f 7540 7974 7539
f 3590 2473 2194
f 3996 3695 3995
f 1519 1530 366
f 6238 6766 4948
f 5504 3901 5225
f 6720 5874 4900
f 10755 9974 10507
f 3677 1432 4579
f 7389 6575 8536
f 13476 9903 13037
f 11675 12462 8650
f 12554 11022 11778
f 9465 9464 9176
f 4483 2448 2724
f 9704 9135 6512
f 8144 7266 8140
f 4921 6735 4915
f 6757 9704 6244
f 2259 2812 1990
f 8191 7298 8182
f 9945 10266 10276
f 5216 785 5215
f 6506 8851 7318
f 928 1235 1248
f 5587 7110 5306
f 6240 5954 4947
f 3403 4419 971
f 363 649 90
f 1374 4211 3599
f 12366 12390 12633
f 11921 10686 11963
f 5492 3892 5483
f 2445 2164 180
f 12209 13419 13147
f 9362 7694 8789
f 8458 9426 9424
f 5909 4913 2978
f 10518 10827 10816
f 8298 8297 8027
f 9807 9527 9526
f 4953 6763 9145
f 13409 13298 13219
f 6758 3325 6240
f 867 1199 895
f 2135 2697 1878
f 5981 6291 3070
f 1026 1318 9377
f 9416 9706 8466
f 8109 8115 6420
f 11651 8625 5726
f 12997 13205 11838
f 6558 2233 7362
f 1752 1797 2574
f 8202 8466 6513
f 4554 1112 1113
f 2519 2783 2513
f 5450 4151 3852
f 3067 7356 7794
f 6667 4851 6676
f 5364 3783 5109
f 4334 3516 4375
f 2800 2532 2799
f 7275 8411 6458
f 2735 1907 2728
f 1486 324 375
f 7127 2922 8290
f 10582 4290 4756
f 10582 4756 4290
f 8004 6341 8278
f 11891 10267 8923
f 3926 4220 10412
f 5983 3059 529
f 2157 188 2708
f 6272 6258 3350
f 7153 5832 8045
f 8469 8464 7325
f 8162 3269 8410
f 298 1461 1495
f 7361 8511 8245
f 7588 6868 7587
f 4201 3594 3902
f 8205 6510 6507
f 7868 7444 7408
f 9956 13120 10278
f 9163 9746 9735
f 11060 11731 11215
f 4594 5295 1149
f 12971 11513 13083
f 11149 6566 8258
f 5488 3889 3894
f 4966 6784 6780
f 8935 9797 9511
f 3002 3281 5921
f 9725 9146 8863
f 11561 11159 9966
f 3442 922 4337
f 12020 10732 12014
f 4021 5068 5130
f 5161 996 6976
f 13094 11526 8897
f 2944 7216 8785
f 7255 3273 7267
f 3639 1397 3636
f 2006 599 54
f 39 630 315
f 1051 5290 4577
f 2492 3615 3934
f 1459 612 4009
f 2440 2424 2705
f 6634 4823 4822
f 5549 10869 5279
f 1358 5501 5227
f 813 809 1691
f 228 1661 798
f 5996 3077 6285
f 8048 2603 4384
f 10676 10671 12517
f 5291 5568 4262
f 12399 8593 12646
f 13545 13540 13277
f 779 2195 217
f 11275 11273 11153
f 794 220 216
f 7798 7796 4993
f 10921 11738 11739
f 456 725 731
f 5709 3644 4562
f 1063 1362 1356
f 1063 1356 1075
f 7308 6487 9120
f 3856 142 5446
f 587 314 36
f 4301 4422 3827
f 7084 6813 8899
f 4945 7743 6769
f 7765 9148 7760
f 9141 6509 8212
f 9383 9387 9381
f 1661 218 790
f 9382 1315 4459
f 4017 3750 4409
f 8848 9428 6773
f 6212 5936 5930
f 12483 11948 12752
f 7282 8418 7274
f 46 5070 5344
f 11269 8267 6575
f 4775 8990 8707
f 8224 8216 6523
f 9814 10170 4636
f 7030 8855 9418
f 2975 2984 3264
f 815 812 1689
f 8625 12441 5726
f 9435 8856 9716
f 8483 8226 6255
f 10779 10072 10778
f 5220 5508 3908
f 4634 5661 4324
f 8963 4327 3453
f 10755 10327 10473
f 4203 4208 4206
f 12497 12774 12507
f 8472 8209 6513
f 4392 3522 1284
f 8204 8211 6515
f 8241 6559 9769
f 12162 12160 13252
f 7805 4980 4988
f 13522 12334 12178
f 6510 8211 8204
f 9444 6794 6796
f 5415 1283 990
f 168 730 2143
f 8609 2148 2416
f 6203 6199 3289
f 11573 12627 12643
f 11181 11335 11094
f 6273 3088 3361
f 12975 11504 11494
f 233 2210 1942
f 5217 5504 5511
f 8731 9604 9330
f 1303 3544 3545
f 2509 2775 1956
f 2509 1956 2775
f 8507 7370 8913
f 3446 3758 4409
f 7592 7605 7591
f 11244 11127 11128
f 1377 3603 1370
f 13131 11562 11909
f 12801 12558 12806
f 5600 4707 7509
f 4521 1081 1368
f 8420 8154 8150
f 2973 2124 7254
f 12214 12123 12237
f 4551 1105 3638
f 5724 5720 4737
f 197 476 757
f 4607 4295 3996
f 1064 3598 1368
f 4530 3617 4522
f 12568 12000 10714
f 10207 10204 9898
f 818 817 1700
f 1025 9664 9376
f 2226 2220 1964
f 9710 6519 9142
f 8797 9363 8796
f 8797 8796 9363
f 11524 11523 13092
f 6634 5822 4823
f 4506 4201 3600
f 4472 4464 1034
f 10769 10574 5084
f 11797 11795 11039
f 4020 3732 10378
f 7272 9222 8942
f 4647 7880 7438
f 5573 1423 4570
f 6789 4958 6779
f 9141 9717 9712
f 1357 1078 3602
f 12513 11954 10691
f 5769 3148 6060
f 11129 8158 6467
f 646 655 82
f 646 82 655
f 5621 4671 5661
f 1358 1074 4514
f 9544 9620 6671
f 10456 12581 10748
f 7774 7049 6784
f 211 202 777
f 12291 12282 12125
f 4505 4511 3599
f 778 5214 5498
f 407 2383 1564
f 3362 5972 6261
f 3362 6261 5972
f 9432 9425 8852
f 12695 12691 12445
f 4275 3979 4273
f 7154 6337 8307
f 9743 9169 9459
f 9139 9710 9715
f 3146 2884 7649
f 10321 4662 4704
f 7368 9514 8527
f 12354 11555 13278
f 5097 931 1274
f 2164 177 180
f 12593 12704 12835
f 508 5513 223
f 2903 8340 3197
f 5179 5459 5451
f 6300 6297 6298
f 7746 7042 7754
f 578 24 8575
f 7899 7505 7898
f 1371 1070 1073
f 9535 6872 6615
f 8173 6479 9689
f 6979 6712 6718
f 3710 5410 3746
f 7148 7150 8302
f 4447 1307 3541
f 2472 2750 2745
f 11686 11713 10985
f 3109 3166 2843
f 2788 2511 2779
f 4654 10332 10501
f 2807 2806 2252
f 3658 1129 4561
f 8837 9119 9695
f 3703 5037 4012
f 859 894 4300
f 13502 13235 12136
f 2446 464 463
f 1871 8395 7248
f 9031 9616 8044
f 9236 6661 9235
f 2472 1928 2750
f 1066 1360 1077
f 8207 2747 2477
f 12217 9827 10178
f 9113 9693 6747
f 3039 7756 7033
f 11916 10631 8554
f 5797 2917 3176
f 1591 5874 6161
f 10456 10129 12596
f 10091 5277 10873
f 4053 4075 3761
f 10584 10425 5723
f 9162 4971 4975
f 2128 2139 1876
f 539 1700 538
f 793 221 785
f 12918 11760 13355
f 9246 8765 8707
f 2957 5868 6144
f 10752 12030 8654
f 3132 3196 2846
f 2375 390 2099
f 7675 5848 4882
f 7000 7769 9446
f 13011 9869 13464
f 1787 1809 2075
f 3918 3912 5510
f 3609 3602 1378
f 528 1688 1686
f 2525 2243 12679
f 8864 9145 6771
f 7325 8208 6514
f 12468 12366 12781
f 2227 2504 2773
f 2131 6436 2408
f 1295 5165 1008
f 13271 13272 13530
f 6142 5872 3226
f 8393 8387 7249
f 5515 1068 1367
f 9806 5027 6845
f 1077 1360 1067
f 2675 2662 1845
f 8646 12023 12585
f 4247 4236 5261
f 9112 9678 9105
f 7986 7979 5728
f 12068 12294 10167
f 252 1700 539
f 5028 971 5413
f 6434 6423 8120
f 5515 5221 1068
f 12204 11736 12108
f 5628 10491 4639
f 1434 5577 5296
f 1945 8481 7332
f 12324 12319 12160
f 13105 11541 13111
f 4505 3595 2467
f 8214 8464 8469
f 5222 1067 1360
f 12465 12711 12599
f 2829 7614 6867
f 12291 10995 11759
f 12838 12828 10612
f 7655 6929 7672
f 9431 8850 9143
f 3739 3738 4078
f 5598 4630 5615
f 10911 8001 10620
f 3310 6220 13362
f 8458 8455 8198
f 8458 8198 8455
f 3096 3379 3377
f 1709 548 829
f 3294 3007 3304
f 5769 6331 6321
f 12692 12445 8623
f 1457 2627 2285
f 12934 13369 11772
f 5096 5132 922
f 12956 11795 12952
f 890 1272 1252
f 7310 6483 8448
f 8477 8467 8218
f 7081 9474 8897
f 5478 5479 5204
f 9430 8470 8849
f 7402 7876 7933
f 3913 10575 4204
f 9774 8238 8507
f 6819 7804 7089
f 6819 7089 7804
f 1886 12672 12427
f 1040 1332 1035
f 2548 1546 1759
f 1675 1669 512
f 8630 11652 10725
f 8630 10725 11652
f 4145 3847 4149
f 4511 3596 1361
f 13094 10261 11525
f 8276 2861 3153
f 11 8 12762
f 9480 13093 9935
f 5231 1072 1361
f 12466 10557 12733
f 692 5162 5446
f 10601 10884 10100
f 1664 499 500
f 5703 7961 3637
f 2814 1986 2257
f 573 2041 22
f 9795 9794 8934
f 2509 2227 1967
f 7327 6514 8208
f 4577 4270 3970
f 224 794 216
f 5243 5251 1099
f 13527 13266 7809
f 7337 5960 6520
f 956 2068 1266
f 3716 3723 4127
f 6685 6968 6700
f 8476 8210 7333
f 3233 2952 2944
f 10794 7449 7896
f 2528 2527 8616
f 3914 3905 4205
f 3736 3735 4061
f 3931 4542 4236
f 4515 4508 1069
f 2201 1929 1070
f 7332 6519 2477
f 11288 11338 11859
f 9769 9746 9462
f 7343 8476 8484
f 3637 7961 1401
f 4515 1363 4508
f 6251 6785 8225
f 11630 2243 1973
f 3473 1262 1254
f 7328 6513 8466
f 6811 7080 7796
f 1936 789 217
f 170 1613 441
f 7529 7966 7968
f 9043 8768 9614
f 221 1660 785
f 7045 7750 4952
f 9541 9602 9009
f 913 1213 1212
f 9243 12997 11323
f 1667 1666 792
f 9769 6559 9205
f 5523 10083 3913
f 8214 5959 6244
f 5040 1259 5337
f 5602 7958 7403
f 12595 12838 10616
f 5480 256 4260
f 12080 6599 4820
f 8620 12676 2787
f 13253 13250 13512
f 7222 2931 3222
f 8854 9427 9426
f 12373 12647 12746
f 12373 12746 12647
f 7710 6998 7720
f 9654 8798 9086
f 9427 9424 9426
f 12801 12815 10421
f 11767 11001 12925
f 12600 10750 10752
f 5596 4610 10326
f 5231 4511 1072
f 9698 8834 9127
f 10873 10102 10888
f 2676 2110 1846
f 11184 11066 11221
f 9442 8862 1941
f 10712 10720 11998
f 7119 6348 8030
f 872 1230 943
f 10535 10534 10371
f 3943 4233 4978
f 4378 4403 3498
f 1913 2180 2453
f 12944 12187 13274
f 10110 10104 10891
f 11992 10715 11638
f 270 1433 5578
f 6447 8413 7259
f 3106 3388 6018
f 947 1245 1785
f 1356 1362 2186
f 227 502 791
f 3333 5959 6245
f 3900 1353 4492
f 4658 5683 12653
f 12671 2689 2418
f 4041 3738 3739
f 10587 12801 10421
f 11136 11770 11252
f 2933 6120 5851
f 7012 7723 7004
f 4181 3882 4188
f 556 2530 2797
f 12456 12702 12019
f 6744 4929 4932
f 8168 6195 6205
f 5349 1202 3742
f 550 1710 841
f 8172 5922 6473
f 12010 10730 12565
f 9431 9143 9718
f 797 1933 1665
f 4225 1683 4535
f 13211 12154 12316
f 4008 5125 10838
f 4896 6707 5866
f 12713 12465 12712
f 12713 12712 12465
f 7082 7798 7797
f 3003 735 3276
f 4347 3472 3461
f 7256 150 2970
f 12161 13516 12320
f 8522 11377 11142
f 508 223 788
f 6329 8998 9580
f 8910 8898 9473
f 11919 11958 10653
f 12352 9958 13120
f 12352 13120 9958
f 5443 5166 131
f 162 729 723
f 6270 5999 3085
f 3591 4497 9694
f 7732 7020 7734
f 9399 9403 8830
f 2158 2151 1888
f 4248 1702 6292
f 5919 3277 6188
f 5073 4429 898
f 5381 942 1242
f 6522 7323 8470
f 13326 12313 13510
f 2230 252 539
f 1678 508 1670
f 12554 12801 1702
f 960 1253 1269
f 8457 3319 9426
f 12931 11768 11007
f 5544 4228 3938
f 18 343 5318
f 10416 10579 10593
f 7724 4910 7719
f 5215 216 5498
f 2199 5515 1367
f 2881 7660 3168
f 9717 9143 9712
f 717 708 149
f 8042 9333 8302
f 11286 11849 11194
f 6504 6498 8191
f 1145 4263 5285
f 6953 6700 6125
f 5072 5082 5347
f 7244 5873 6422
f 10309 10044 5628
f 10911 10131 8003
f 9708 6764 8201
f 8042 6358 8750
f 13350 11751 11760
f 13300 13344 12876
f 10267 11258 9938
f 1085 4515 3603
f 12047 12219 12113
f 1339 3578 1049
f 5421 5133 3836
f 2513 1701 538
f 6210 6214 5934
f 3343 6260 3348
f 6771 9145 4951
f 3605 1376 3598
f 2715 1626 1625
f 11778 11023 12558
f 10407 12784 10573
f 9444 9730 6794
f 2155 1885 1891
f 3352 3348 3063
f 3352 3063 3348
f 12158 12318 12161
f 8000 7558 8645
f 1928 1059 2193
f 12850 13325 11720
f 6826 7096 6825
f 3915 3907 5511
f 2686 2695 2417
f 6815 4997 6814
f 6776 6773 7037
f 8002 7999 10902
f 4905 4902 6719
f 4925 9111 9677
f 6803 7790 3060
f 1315 1014 3547
f 2605 2356 2050
f 4520 3612 1372
f 4963 7046 7038
f 7330 7328 6515
f 12956 12951 13397
f 6642 7661 6934
f 5266 5560 824
f 7443 4708 4696
f 536 534 1697
f 184 756 479
f 13254 12160 12162
f 1839 685 11982
f 9078 6713 9656
f 4162 6723 4158
f 10892 10428 10105
f 10892 10105 10428
f 13545 13277 13543
f 8427 2992 8418
f 8861 9424 9427
f 4350 919 979
f 1333 1036 4470
f 3354 6262 5978
f 12551 12563 12810
f 8963 9537 4327
f 131 5166 140
f 8476 7335 6517
f 7899 7515 7505
f 6779 7752 7045
f 4066 4377 3494
f 3655 3693 4598
f 6732 7003 7002
f 2155 2436 1885
f 1038 1329 4464
f 508 788 787
f 2272 1999 2629
f 5238 4211 1374
f 12431 12689 12442
f 11075 11862 11320
f 2025 1216 3753
f 2150 2418 2149
f 1086 4510 1375
f 3041 6246 3331
f 10625 10624 10456
f 8218 8467 6524
f 4014 1479 321
f 3332 7040 3328
f 13316 13460 13240
f 7274 6461 7273
f 7479 8592 11622
f 10270 9776 9202
f 6781 13515 12324
f 11805 11318 11841
f 3384 6298 6297
f 11282 11907 11161
f 402 2370 1569
f 2069 2357 2081
f 6396 6393 8086
f 2502 2767 2772
f 4523 1083 1078
f 1663 500 501
f 4960 3040 7755
f 2991 6179 5904
f 13304 13458 13196
f 1480 2578 326
f 8786 6973 7692
f 12493 12784 10407
f 7275 6458 7268
f 748 2710 1892
f 10786 10061 10800
f 6601 6901 4857
f 6304 6303 3097
f 10914 11720 5795
f 10584 5723 4731
f 8509 6549 7369
f 10786 10800 10572
f 9105 8812 9673
f 10110 10432 10107
f 2381 2659 387
f 1657 490 772
f 4523 1078 5230
f 2532 1980 2251
f 12832 12828 12585
f 13268 7808 7094
f 2485 510 2200
f 5558 5556 5270
f 8976 9627 9553
f 9138 6505 8847
f 3774 3474 4383
f 7990 10601 4751
f 740 1620 732
f 2200 219 783
f 1529 669 111
f 10712 828 255
f 11896 7379 6566
f 10582 10600 10431
f 2674 2107 1844
f 11451 8731 8771
f 1247 1773 960
f 12848 12711 12036
f 8532 8529 3387
f 6250 3042 5961
f 6469 6462 8164
f 8254 6299 9796
f 8104 6129 3218
f 11937 10667 10647
f 8280 11323 7182
f 9154 9723 9429
f 8839 9408 9121
f 4336 898 1282
f 2881 6933 7660
f 527 3627 4535
f 8506 8229 9469
f 9122 6750 4930
f 9817 11208 11099
f 7051 8864 6771
f 8123 8385 8379
f 11431 13078 10198
f 4220 5232 10578
f 6242 6755 4942
f 6250 3330 3040
f 7295 3014 3300
f 9773 9200 9772
f 13013 9900 9881
f 3404 3397 4321
f 12372 11580 7936
f 9316 8751 9312
f 8871 6529 7338
f 8652 12024 10743
f 2817 2545 2816
f 1856 2120 2666
f 2575 3462 4423
f 10474 10513 10405
f 493 1645 2732
f 13191 13508 7582
f 3065 6265 3353
f 6477 6485 8181
f 3782 4098 4085
f 12059 12245 12253
f 9770 9457 4987
f 7848 864 1182
f 1066 1077 1365
f 11183 11084 11747
f 11643 8624 8619
f 7843 5615 4630
f 10115 10896 7556
f 8908 8229 9173
f 6635 9345 6910
f 10895 4261 10592
f 8074 8092 3200
f 3914 10410 10083
f 225 1929 2201
f 5702 4722 3624
f 564 1722 845
f 1332 5192 1035
f 11084 13064 10191
f 7763 6782 4954
f 6846 7831 5027
f 5834 5846 2910
f 7079 7793 7795
f 4918 8818 9104
f 4025 5090 5151
f 7277 8416 2995
f 9155 4233 3614
f 5015 8926 9790
f 10782 10793 9983
f 5527 5239 1100
f 13103 9943 9781
f 10387 10069 10551
f 2337 2624 2335
f 6343 6389 8038
f 11284 11845 11870
f 8863 9146 8858
f 1940 1934 2751
f 6269 7080 6811
f 11683 13335 12913
f 5520 10084 10411
f 3677 3676 1432
f 6875 7632 7631
f 8866 9437 9147
f 11521 11520 10256
f 5596 10326 7926
f 11516 13512 9422
f 11521 10256 11520
f 10757 10846 10023
f 3979 5573 4273
f 2485 1935 2753
f 226 224 504
f 128 398 696
f 2485 2200 1935
f 2897 2895 7653
f 812 807 236
f 13105 11536 8914
f 3744 3775 4095
f 1832 1136 2531
f 849 565 277
f 525 1684 1690
f 7764 6779 7045
f 4091 3770 5387
f 6530 5967 6255
f 4443 4144 4438
f 7053 7762 6774
f 10329 5668 5632
f 10458 10760 4717
f 11655 7554 12017
f 9763 4995 9762
f 10246 13253 11516
f 3912 5228 5229
f 3069 7359 3358
f 12164 13253 10246
f 7443 4696 4685
f 9138 9719 4949
f 2482 2201 505
f 2482 505 2201
f 7283 3282 3001
f 8484 7333 3043
f 8756 9324 7187
f 11796 12839 12593
f 1097 1397 1388
f 9463 9741 8878
f 13115 9951 9953
f 8220 8472 7328
f 12872 12890 13333
f 5013 6296 6012
f 12099 12286 12287
f 13111 13530 11540
f 9474 6807 9754
f 4276 3976 3977
f 9944 9778 9203
f 9248 9625 8338
f 1925 2177 2459
f 2970 5898 3266
f 8656 11665 8650
f 3940 2768 4232
f 2756 2481 1672
f 6582 4805 9595
f 7371 3092 6009
f 1384 5234 1087
f 6013 3386 8532
f 5870 6417 8114
f 5870 8114 6417
f 9161 9150 9722
f 12328 12162 12164
f 7778 8867 3345
f 7773 7048 6776
f 2094 2372 394
f 3614 3612 4520
f 11207 11847 11092
f 9193 9204 9780
f 8925 9494 11532
f 5451 4153 5173
f 1667 506 1666
f 1082 1373 5233
f 13388 11380 13122
f 6555 5998 8249
f 4985 6802 7072
f 8517 3369 7364
f 8905 8904 8903
f 2290 1193 2009
f 6402 8088 8098
f 12480 12725 12745
f 643 81 1806
f 7228 2937 5855
f 2479 2473 2474
f 6562 8538 8257
f 2757 2205 2480
f 5151 5432 5150
f 12621 1482 12781
f 4527 4521 3604
f 8002 7561 7999
f 6531 8475 8220
f 12872 13333 11708
f 12605 8597 11595
f 435 1606 444
f 73 1543 625
f 5530 4213 5234
f 11686 10985 11106
f 1091 1083 1381
f 2427 1878 2700
f 5530 4222 3915
f 13418 11439 13009
f 10128 8002 10909
f 7746 3033 13249
f 7747 7754 7043
f 1089 1375 5242
f 519 2207 2493
f 6685 6700 6953
f 8143 2123 2679
f 1555 1547 379
f 1090 3604 1376
f 2208 1943 1938
f 7590 6959 4863
f 5110 642 5149
f 4249 3641 4554
f 13133 13311 13415
f 2444 1906 2726
f 11538 13113 13107
f 4528 3605 3613
f 11304 11209 11839
f 11304 11839 11209
f 7169 9034 6357
f 12488 12751 12752
f 6784 4959 6780
f 11586 11865 8590
f 8558 5695 12419
f 10729 12016 10734
f 5499 4194 1056
f 6242 6518 8205
f 4729 3654 4564
f 201 482 3891
f 13326 13510 13246
f 3924 3916 4214
f 1408 3633 4545
f 4615 9820 10146
f 5972 6255 5967
f 1080 1362 1372
f 2131 2408 2694
f 10745 12452 8638
f 1062 1056 1348
f 12354 9963 13125
f 1970 2782 2514
f 2757 2480 1943
f 8173 9120 6487
f 8207 9702 2747
f 2655 119 1556
f 8482 7331 7337
f 11182 11065 11191
f 4221 3916 3924
f 5286 839 266
f 3501 4412 3505
f 4496 1913 1050
f 2744 2183 2737
f 3923 4215 3916
f 5073 4130 4429
f 4327 6668 4095
f 10350 10025 10813
f 8652 8650 11669
f 9407 9692 9119
f 232 2208 1938
f 1420 7973 1129
f 11280 11906 11387
f 5964 6249 3334
f 6061 3169 6076
f 1203 10036 7955
f 11496 8764 9334
f 1599 4161 448
f 208 5493 762
f 5090 5415 5432
f 5114 953 648
f 12331 6795 9732
f 257 11989 10706
f 10273 10271 9947
f 33 325 605
f 12956 11039 11795
f 12891 13341 13226
f 6816 5003 6272
f 4575 3671 1428
f 8538 7385 8259
f 1675 511 1669
f 1202 5127 980
f 1029 1327 2143
f 8145 6449 6457
f 4985 7791 7792
f 9319 9593 8062
f 2618 1817 2082
f 7998 3698 1448
f 10025 7946 7504
f 4529 3613 3606
f 4403 970 3498
f 7431 4655 5697
f 3640 1110 1402
f 2646 2087 1825
f 2134 2693 1883
f 9309 8751 8327
f 1339 5196 5475
f 12681 12439 8622
f 12208 13405 12046
f 7829 6837 5020
f 9238 7584 8666
f 1330 1035 3558
f 4962 7036 7758
f 10737 10445 12586
f 10517 10374 10539
f 9154 9435 9440
f 10446 12450 12587
f 2580 96 1494
f 9483 9743 9768
f 5772 5768 6388
f 3070 3372 6289
f 512 1669 510
f 3865 4166 3867
f 10427 10099 7983
f 11539 10269 11145
f 7269 8152 6456
f 1382 5534 1092
f 8420 6465 8154
f 554 262 835
f 6571 2264 7381
f 3941 5538 5256
f 3941 5256 5538
f 7898 8579 10333
f 8531 8526 7375
f 1749 2312 2568
f 9499 9941 13102
f 7853 7408 7444
f 1348 4491 3579
f 6624 5117 4108
f 10313 10525 10015
f 9946 13101 9945
f 161 2143 730
f 2290 3425 1193
f 11358 13356 3220
f 1317 1322 1030
f 6242 8213 6520
f 11430 8698 7200
f 12736 12503 12747
f 2376 391 2652
f 517 3929 1671
f 8876 7772 9446
f 12718 12730 12494
f 3925 3918 4218
f 1912 2731 1901
f 8296 3141 2859
f 2716 2724 2448
f 10688 11615 11965
f 13177 11831 12887
f 9729 9149 6788
f 3259 2980 3272
f 5963 3336 6250
f 11040 11795 11797
f 1469 5078 1496
f 1452 2614 285
f 6447 7259 8402
f 2441 469 1637
f 1866 1881 2139
f 230 1672 516
f 230 795 1672
f 12324 13514 13254
f 10350 10516 4075
f 6990 7704 5463
f 12166 12325 12323
f 10581 10102 10873
f 8943 7377 9515
f 11315 9838 12994
f 11423 9828 9918
f 10606 10435 4759
f 5265 5551 4246
f 765 483 202
f 1755 2032 1766
f 12209 12249 13419
f 7342 8216 6528
f 6215 7018 6746
f 6548 3056 7349
f 8203 6244 5959
f 8221 8217 6525
f 2549 4312 3410
f 6503 8190 8195
f 11935 10685 11934
f 8609 12426 2419
f 1094 1377 3607
f 9277 9341 8692
f 6063 6343 8038
f 4554 1113 5262
f 3086 6551 6284
f 9322 8746 8330
f 8062 8342 6380
f 1831 7213 1824
f 1065 1070 1920
f 1960 1413 1122
f 2178 2452 2451
f 4971 9160 4975
f 8626 12440 11645
f 8626 11645 12440
f 517 1671 509
f 13248 13516 7029
f 9132 6513 2474
f 1083 3602 4512
f 3436 4429 3813
f 11830 7192 8336
f 7998 5741 3698
f 1989 1988 2818
f 11983 11629 752
f 5246 5521 10866
f 6337 7195 6361
f 10803 10047 10569
f 4524 3610 2484
f 11810 11077 11198
f 2687 8131 1867
f 2012 1764 1777
f 8165 6464 6470
f 4072 4088 3786
f 5598 5615 4657
f 1386 4538 5530
f 3956 4250 5271
f 468 1622 453
f 814 250 826
f 7058 7761 8864
f 4003 5386 3748
f 9135 8208 6512
f 5334 5146 5076
f 4335 4332 883
f 3091 12936 7369
f 9444 8863 9151
f 9191 9466 8904
f 6809 7079 3355
f 746 174 736
f 10875 7983 7526
f 718 6163 3248
f 3279 2989 6178
f 12200 13283 13544
f 8185 8441 7291
f 7391 8539 11385
f 7391 11385 8539
f 6466 8407 7267
f 2716 1626 2715
f 6869 7602 6960
f 7546 10887 10115
f 1472 302 313
f 2974 6445 155
f 5128 102 5405
f 1716 264 557
f 9864 10225 12305
f 12456 12703 12702
f 12983 9873 11506
f 7858 7477 4684
f 782 5513 5223
f 6787 4968 4962
f 12693 11651 7543
f 2133 1967 2227
f 12010 12013 10730
f 3354 8497 8228
f 9161 9160 9150
f 8840 9123 9409
f 6745 9111 4930
f 7770 6787 4962
f 6792 9731 6789
f 12328 12164 9924
f 13365 13364 12924
f 13269 7811 6007
f 3636 4562 4558
f 1421 3659 1148
f 4463 1022 9374
f 8171 8182 7298
f 11281 11905 11160
f 2490 2761 2484
f 211 765 202
f 7058 8864 9445
f 9444 9151 9730
f 1944 2490 2754
f 4027 5124 3775
f 12981 11490 13078
f 9155 3614 4520
f 7572 8753 6958
f 4183 3882 3569
f 10785 10009 7908
f 3690 1147 2544
f 9939 11530 11885
f 3411 3430 4308
f 11251 11250 11368
f 5241 5238 5525
f 10025 10814 10035
f 8169 6197 3286
f 12358 12200 12201
f 5782 5781 6079
f 4 12534 12403
f 11003 11000 11765
f 13126 9521 8950
f 1924 1348 2175
f 3903 3909 4200
f 11916 11601 12645
f 494 1646 484
f 1868 2144 1322
f 4003 3748 3711
f 5982 3057 3058
f 13249 12157 12319
f 7458 10525 4683
f 9229 8951 9226
f 5000 7788 4999
f 3044 7767 4966
f 5944 3020 3300
f 7608 8692 6891
f 10875 821 5276
f 231 2755 1668
f 2165 2173 1906
f 1788 1804 2071
f 10622 10450 10621
f 4470 1031 3561
f 11986 11632 10700
f 9442 1941 1088
f 12326 13255 13518
f 3068 6002 5991
f 1358 4514 3597
f 3473 3498 1262
f 741 443 1610
f 847 271 277
f 9512 8934 9794
f 9411 7738 8838
f 11887 11886 11374
f 9136 8851 6506
f 5964 3334 3047
f 5216 5490 5496
f 6019 6015 6307
f 2226 2503 2220
f 2573 4398 3459
f 750 1890 2708
f 13256 13518 13517
f 5669 8603 12658
f 5941 3311 3015
f 6592 6630 6853
f 8869 8477 7341
f 10601 10590 10101
f 3488 4399 3511
f 8556 12655 12395
f 7597 6898 6876
f 4226 3928 4217
f 531 1695 241
f 10710 10888 12571
f 7341 8218 7336
f 422 707 1579
f 3925 1098 4219
f 11016 11131 11889
f 6051 8018 5780
f 11540 13530 13272
f 7085 4984 6812
f 517 1674 802
f 8014 7139 6318
f 4530 3921 2760
f 10267 11137 11258
f 13158 12074 13425
f 1478 2600 1510
f 10892 10590 10601
f 11568 10833 884
f 1807 2631 2068
f 802 1674 1675
f 1746 2310 2632
f 2701 1876 2139
f 8866 8861 9726
f 9443 8871 8866
f 12071 13215 12116
f 2505 2510 2786
f 5653 7944 10365
f 2517 545 12545
f 4336 4107 5073
f 11774 11249 11771
f 12705 12458 11666
f 4515 1079 1363
f 4587 1145 1436
f 3031 5949 3309
f 12213 13196 13422
f 1857 1847 1579
f 2494 514 2768
f 4313 2573 4692
f 4784 7597 6876
f 13264 13260 12178
f 4804 4811 7685
f 10894 7553 10897
f 3914 4205 10410
f 7240 8112 6420
f 12718 12494 11938
f 5449 2386 3542
f 9448 6784 9735
f 1926 1061 2181
f 9964 10289 9961
f 10740 12019 11658
f 8910 9472 8898
f 1756 2065 2029
f 5168 1010 4452
f 7619 7616 6941
f 3621 3924 1393
f 4730 4565 7527
f 11917 12750 12784
f 8421 7273 6455
f 1838 2108 1845
f 762 5486 3886
f 8217 7327 8471
f 11399 13036 13049
f 1064 1925 2740
f 7578 7609 6857
f 7992 7544 10893
f 12329 10251 9929
f 4073 3806 5146
f 9230 6845 12349
f 10507 10340 3802
f 1095 5240 5241
f 10165 9897 10234
f 7764 7045 4952
f 4139 2354 2643
f 1540 2639 388
f 6832 7103 7101
f 2765 515 2497
f 6001 12174 11005
f 3040 3330 3327
f 12390 11589 12633
f 6336 6100 5780
f 1146 4278 4586
f 11282 12710 11396
f 10635 10348 10054
f 6097 5820 5819
f 1168 1287 992
f 5713 5719 4729
f 3342 8489 3337
f 8498 8527 7377
f 4644 9919 7490
f 12091 12302 10947
f 1729 569 853
f 9188 9186 10259
f 9928 10249 12326
f 1636 4477 4181
f 4227 3934 3615
f 4963 7759 7762
f 9370 7702 7701
f 12554 12801 12806
f 2553 1741 2281
f 11930 12609 12737
f 9311 8777 8730
f 4227 3615 4527
f 2459 2177 2456
f 5235 3913 4207
f 8227 8486 8222
f 1696 1692 816
f 10461 4718 10318
f 3620 1373 1082
f 6241 6754 4939
f 3783 3772 4087
f 11165 11069 11065
f 153 148 706
f 3342 7340 3049
f 12607 11234 10235
f 12958 13392 13393
f 10951 12895 10969
f 9545 8679 8961
f 11573 4713 7501
f 9476 8235 8504
f 2681 2401 2674
f 5703 3637 4723
f 3342 8482 7340
f 12797 1704 11996
f 9954 12348 10283
f 4382 12662 4693
f 5862 6402 8098
f 7446 7507 7941
f 406 2378 403
f 5249 4527 1090
f 9117 9119 9692
f 12011 12689 12807
f 9667 4907 9100
f 10620 10618 10452
f 12285 10206 9875
f 5244 1390 5526
f 5001 7092 6821
f 12428 2241 8613
f 2187 1912 764
f 12813 12808 12000
f 11998 12799 10720
f 1882 2415 2692
f 11378 12948 11894
f 5249 1090 4228
f 6664 6685 4849
f 804 2757 1943
f 9157 8872 7782
f 7100 7101 7819
f 9527 9231 8956
f 8136 8126 6429
f 12159 11004 11003
f 11549 9958 10279
f 5304 5579 5580
f 9500 9213 8933
f 3953 3641 4249
f 852 3099 282
f 7056 7065 9450
f 13261 12336 11010
f 12180 10264 9940
f 5267 3960 5561
f 1771 2055 2060
f 297 1493 309
f 6779 4958 7752
f 100 5421 3836
f 3457 1486 375
f 1150 1158 1441
f 12329 12165 10251
f 10429 10100 5565
f 5104 3768 5376
f 8888 9451 8881
f 12010 12565 12812
f 3050 7342 6528
f 11878 7269 6456
f 2944 8365 7216
f 4531 3618 3932
f 7342 3333 8474
f 12967 7489 9880
f 1270 3505 975
f 2716 1898 2452
f 4611 5593 4665
f 7175 6365 6364
f 5748 2845 3162
f 12800 826 11997
f 6537 7350 8891
f 3925 3623 1098
f 11100 9877 11213
f 85 659 5138
f 5528 3625 1389
f 4970 6779 7772
f 3106 6018 6576
f 9117 9686 9119
f 7771 9168 4969
f 10247 9727 9157
f 6840 5014 7822
f 9736 6788 9165
f 7184 8340 7171
f 6990 7705 7703
f 6493 6480 6491
f 11666 12014 12825
f 5246 10866 7517
f 3361 3088 3373
f 1174 1763 1997
f 1174 1997 1763
f 12270 10244 12155
f 7446 1281 989
f 13378 12937 12942
f 6736 4914 7722
f 12458 12578 10442
f 2220 2503 2771
f 60 59 619
f 5863 6139 8100
f 9984 10849 10356
f 104 364 1537
f 1021 1013 4455
f 6791 4973 9158
f 10128 10903 7561
f 10270 12338 9942
f 11422 9898 10204
f 6706 8096 9067
f 7431 7932 10009
f 2126 1864 2120
f 2489 4575 2798
f 6992 7720 4912
f 6745 7013 6742
f 9378 8800 9374
f 8825 9399 7729
f 4596 4281 4603
f 6000 3084 3083
f 2301 619 318
f 2337 1265 2052
f 7530 7971 7533
f 10446 5737 12450
f 11327 11350 11867
f 7340 8479 8478
f 10272 11537 9948
f 803 233 1942
f 10264 13263 11529
f 10093 5563 3961
f 5989 6540 6539
f 2306 2059 2339
f 13405 13024 13141
f 863 1286 1176
f 5097 4059 4351
f 1386 1384 5537
f 12988 12255 9856
f 9925 12327 13519
f 8890 9740 9175
f 1094 1093 5254
f 12513 10691 10387
f 3738 4079 4078
f 5388 5123 5417
f 10585 10878 10097
f 8561 12414 8597
f 8876 4970 7772
f 12560 10714 12555
f 11013 11011 11770
f 8024 6337 7151
f 13419 13236 13147
f 5247 5531 1392
f 6716 4919 4913
f 4775 6857 4859
f 12696 12448 8634
f 13287 12963 12202
f 10704 12557 12560
f 534 3083 248
f 1957 814 1690
f 4986 4985 6805
f 2209 2758 235
f 3228 1829 8365
f 8650 11665 8644
f 3401 1231 3475
f 934 2591 4423
f 10249 9926 12166
f 8951 9803 9226
f 8226 7334 6526
f 13308 12910 13334
f 8556 12667 11625
f 9760 7078 9472
f 9508 6839 9792
f 12919 10997 11761
f 3950 5540 5257
f 3619 5535 3935
f 6921 2890 3178
f 11991 10708 12795
f 12709 12461 11671
f 3620 4532 3936
f 2759 1685 1677
f 5488 4188 3889
f 3052 6257 8485
f 1354 1913 1053
f 5115 5101 5393
f 5197 5474 5469
f 11023 11780 11779
f 2834 7162 8298
f 9447 8885 7058
f 11572 7419 4652
f 9408 6752 9697
f 9408 9697 6752
f 12377 10331 12616
f 1109 7518 1392
f 9245 8682 9256
f 8508 8914 8520
f 10416 10089 12548
f 7961 7517 1401
f 3977 3673 4573
f 12833 12447 12449
f 9978 10781 7408
f 8488 7775 8884
f 6705 4883 6695
f 877 1280 1252
f 2536 4588 2809
f 257 12547 546
f 13464 12126 13220
f 7088 6817 7068
f 8976 9553 8677
f 5311 3710 3746
f 4951 9711 6761
f 3330 3326 3327
f 2393 2392 12424
f 5572 7820 5288
f 2308 1812 2584
f 1873 2142 2138
f 12485 12375 12730
f 11044 13545 13281
f 8809 7709 5455
f 12501 10339 331
f 8262 7377 6568
f 8429 6465 8420
f 4839 8734 7639
f 9925 9929 13087
f 1091 5532 5250
f 4360 3490 4068
f 7637 6906 6916
f 8431 7008 9396
f 8487 7346 7345
f 178 736 459
f 3073 3091 3376
f 3291 6202 2993
f 5881 6156 3237
f 11520 10254 9931
f 3173 7662 2874
f 231 228 801
f 8204 9133 6507
f 8037 6079 6100
f 10420 10419 10586
f 2934 7204 3205
f 13209 6941 13499
f 10593 10101 10423
f 4003 615 5067
f 9447 7066 8885
f 8273 6326 7130
f 493 2732 2467
f 13407 13084 12215
f 10708 12549 12795
f 7732 7734 7015
f 6286 3079 3078
f 3548 4455 1013
f 3548 1013 4455
f 1710 1706 268
f 3498 970 1262
f 1295 5436 3532
f 2442 2163 178
f 2212 2498 1949
f 7999 5743 10121
f 2201 1070 1371
f 11569 12406 12639
f 12819 10605 10442
f 7595 7640 6900
f 10545 10401 10533
f 10187 9890 9609
f 10434 10609 10443
f 1621 457 729
f 10115 10594 10890
f 9448 8889 9456
f 3365 3364 3074
f 3134 2842 3122
f 10600 10889 7539
f 9803 5022 5023
f 3456 1284 3522
f 4576 1428 3669
f 9745 4975 6797
f 12598 12845 10753
f 10600 10589 10889
f 3942 4234 4230
f 3745 3799 4089
f 9162 4975 9745
f 13174 10225 12095
f 13139 13478 13150
f 456 731 453
f 6840 7102 9507
f 6821 4989 9197
f 12372 12646 11580
f 5558 4251 536
f 5865 6147 2941
f 5715 7524 3652
f 2715 2451 2169
f 2494 2499 2771
f 9448 9174 8889
f 9449 9455 8891
f 10707 11986 11988
f 642 98 668
f 228 503 1661
f 233 241 811
f 7060 6815 13520
f 4435 1290 3518
f 11885 11371 11884
f 4314 4427 3504
f 12707 12834 11272
f 10413 3958 5708
f 3341 3056 3347
f 5855 6126 6133
f 13282 13544 12198
f 7778 7071 4977
f 9378 8798 8800
f 8006 6315 7186
f 8180 6483 8179
f 9229 9226 8953
f 496 767 1647
f 7966 7981 5722
f 11667 12823 12697
f 1455 351 352
f 4473 4468 3560
f 8613 2241 11632
f 9392 8820 9391
f 2432 2149 2422
f 7763 6773 7048
f 2089 1818 1288
f 12037 12842 12034
f 8730 9058 9306
f 12072 13181 9992
f 3282 5905 2992
f 7350 8492 7344
f 1729 2819 569
f 12206 11689 12062
f 6612 4836 10205
f 11037 11033 11793
f 5929 6469 8164
f 6410 5857 7211
f 2715 2441 2723
f 10447 5738 5737
f 11654 12442 12689
f 1656 1647 489
f 6252 8221 9731
f 8493 9462 7345
f 13283 13281 13542
f 9759 8891 8890
f 8308 9338 8067
f 519 1690 1684
f 5895 428 1592
f 1563 1827 2644
f 1870 2141 1877
f 3084 3370 3083
f 844 10728 10727
f 4895 6709 6714
f 7056 7770 7052
f 6608 6665 4794
f 7372 6295 3381
f 1536 1822 676
f 10181 11489 13055
f 3763 4110 3808
f 13001 11459 13194
f 1922 2184 2194
f 7574 4877 6865
f 4952 7750 6765
f 7474 7943 4703
f 12780 11970 11980
f 8966 9570 8973
f 6019 6307 8256
f 9515 7377 8527
f 12483 12418 10632
f 2101 1834 1848
f 3343 6257 6260
f 335 1534 1495
f 6503 6497 8190
f 10454 10620 10452
f 8718 9026 9592
f 1635 2436 461
f 11831 12107 10178
f 401 695 1573
f 6501 7295 8436
f 9153 7751 12163
f 10648 11938 12494
f 13310 11718 13331
f 2838 3193 3184
f 9930 11517 10250
f 9271 9055 9607
f 11547 11546 10276
f 818 1700 252
f 7744 7039 4946
f 9188 9936 9764
f 13379 12940 3375
f 12257 12270 12155
f 709 2116 143
f 6773 4954 6766
f 6617 5802 6375
f 304 1491 1524
f 5284 1133 8926
f 7879 5669 10041
f 6636 9006 4817
f 2814 2540 1986
f 11004 11000 11766
f 7074 7779 9749
f 10270 9202 9777
f 2121 1850 2114
f 6447 8402 1860
f 6016 7380 3104
f 11911 12523 10637
f 6502 7313 8189
f 7789 6793 7062
f 1790 1785 955
f 11595 8597 12649
f 10318 4718 7492
f 9690 6740 6739
f 5760 5818 6049
f 7886 7492 4718
f 10331 10080 10548
f 11382 11790 11032
f 2 8595 12420
f 4724 5707 7520
f 808 1947 2215
f 10269 9950 11264
f 1595 432 5899
f 1248 954 1788
f 1144 1981 2801
f 5080 10033 10811
f 8289 7140 7167
f 3295 8426 3008
f 3939 3933 4229
f 7273 6461 6455
f 7594 5843 2847
f 932 1265 1249
f 7074 7786 7066
f 8372 2937 7228
f 286 1460 2310
f 4247 3958 3950
f 9116 4921 8824
f 2504 2496 2773
f 430 5900 6452
f 8954 7115 9523
f 946 953 1244
f 12705 11668 12457
f 9395 9683 9106
f 3283 6183 3278
f 7072 7063 7790
f 7087 6801 7071
f 9171 9738 9167
f 9533 8065 6374
f 2162 1904 184
f 496 1647 1656
f 874 4406 4121
f 11847 11220 11339
f 10436 10442 10605
f 8974 6636 8972
f 11701 11079 11196
f 9359 9647 9074
f 3087 11014 12933
f 11162 11080 11318
f 2945 5867 6137
f 11325 11324 11206
f 2264 1994 2263
f 11632 2240 8611
f 975 3505 4412
f 3343 8486 8227
f 4009 5131 3802
f 4505 3599 3595
f 11277 11271 11151
f 12376 12614 8566
f 2509 1956 1951
f 5963 6532 7346
f 6403 8100 8090
f 12979 11492 13060
f 11547 13121 11552
f 2071 2358 1801
f 4103 3496 4418
f 9750 6799 4973
f 7384 6017 6572
f 2181 2455 1909
f 3468 951 4385
f 585 1752 2574
f 7712 7716 7001
f 12011 12560 12807
f 5630 7469 4643
f 5005 7807 7094
f 5712 3959 3651
f 5303 4269 4576
f 9734 9454 6790
f 12582 12825 12014
f 5920 6190 4922
f 3571 4471 4171
f 6819 9458 7069
f 7072 4974 7782
f 2718 2453 1642
f 2793 6553 2522
f 9812 11163 10143
f 3074 3061 3073
f 6788 4961 6777
f 2839 3138 2855
f 2499 2768 3629
f 1908 188 2168
f 4754 5736 5734
f 6209 6205 8177
f 7032 9419 3323
f 12167 10250 13256
f 3149 8300 8035
f 9317 2903 8738
f 5821 6095 5836
f 12920 12919 13360
f 10621 10451 10127
f 526 1691 1687
f 7154 6385 7195
f 9336 9637 9617
f 12171 12169 12332
f 10334 5645 7884
f 1380 3607 1370
f 13201 13494 12132
f 3118 2871 3176
f 7785 8882 9450
f 9933 10257 9178
f 9982 7951 5694
f 4014 5131 612
f 1569 401 411
f 837 836 263
f 12739 12403 12534
f 4348 3497 3811
f 3950 3958 4255
f 11382 11897 11896
f 5726 5725 7982
f 2267 2321 2616
f 4001 5056 3731
f 10288 9960 9962
f 8701 8989 6328
f 7785 7065 8886
f 10584 4562 4256
f 3947 4257 3961
f 12973 13202 11468
f 8487 3335 7346
f 10988 11759 10995
f 812 236 523
f 12481 12728 12529
f 6711 5870 4899
f 3877 4172 3873
f 4216 792 5229
f 13274 12187 12342
f 7785 9457 8882
f 13546 12354 12199
f 8106 9644 6132
f 2488 522 2213
f 1584 139 698
f 1396 1393 1102
f 5616 4658 7444
f 5550 5279 4257
f 1062 1351 1056
f 9571 9007 9298
f 11018 11026 11783
f 2295 2061 94
f 4980 4978 6796
f 4319 3438 1287
f 815 1689 6263
f 11785 11028 12942
f 7993 7553 7989
f 12442 12561 12438
f 11923 11577 10847
f 12819 12571 10605
f 6204 3000 8176
f 1458 598 3207
f 13255 12323 13516
f 6278 3364 3365
f 8890 8884 9454
f 4761 5739 10611
f 8979 9004 8674
f 661 383 1553
f 12010 10718 12566
f 232 1938 796
f 10416 12548 12796
f 8496 7348 8491
f 10581 10873 5277
f 12024 11656 8635
f 8305 7152 7159
f 5269 5278 5554
f 7163 7158 8311
f 5864 6146 6418
f 1112 1104 1394
f 5198 740 5471
f 2254 1979 2534
f 7614 6955 7669
f 6305 6304 6014
f 11411 13241 13151
f 12545 545 1705
f 1423 1134 4570
f 4996 12172 12333
f 5882 2949 2951
f 9217 9213 8931
f 6151 8123 3236
f 7983 7534 12687
f 7524 1124 3652
f 8272 11277 11395
f 2005 576 76
f 10000 10500 10343
f 2644 2355 2363
f 12684 12802 12552
f 4789 7668 7621
f 70 338 666
f 4180 4478 4185
f 9546 8997 10159
f 13447 13213 12139
f 13447 12139 13213
f 1960 2229 1413
f 3167 6912 9349
f 9883 10241 10212
f 10587 10421 12340
f 9596 2331 3485
f 13298 11708 11722
f 7077 9750 9471
f 12945 13383 13387
f 437 1608 2693
f 11538 13533 13113
f 173 734 443
f 11369 13368 8517
f 1502 350 2319
f 9482 8917 9481
f 8000 5744 10442
f 3353 6265 8496
f 9774 8913 9781
f 10907 10896 7555
f 4548 5706 4725
f 11427 11818 11314
f 8756 8770 9324
f 12577 10733 8635
f 12972 13034 11412
f 4247 5261 1116
f 7523 7964 11632
f 10730 12016 12564
f 5595 4665 10568
f 9197 4990 9760
f 8450 8838 7305
f 1851 2669 1841
f 5692 7937 7494
f 4769 4804 6593
f 12552 10702 542
f 4213 4209 5234
f 5891 6169 5907
f 2714 4473 2425
f 2848 3209 2925
f 8900 9518 8952
f 2553 2281 2276
f 7875 10384 10066
f 5751 6322 2908
f 12572 12811 10717
f 3639 1410 3632
f 1928 1933 2198
f 532 531 241
f 11464 13216 13062
f 5710 4738 3660
f 4826 9620 9021
f 10865 10082 10409
f 11701 11698 10928
f 2123 1862 2118
f 571 851 1728
f 1182 5326 10776
f 690 698 139
f 6045 3156 5843
f 6817 7784 7068
f 4047 3748 5107
f 5298 5569 4266
f 12209 13404 12249
f 5269 3938 4235
f 11008 3078 12927
f 2800 841 1980
f 8488 3047 3338
f 7604 6935 4868
f 6790 4963 7059
f 8651 10743 8642
f 6819 9758 9458
f 4470 4466 1031
f 9397 1044 5198
f 7592 7591 6919
f 9770 9206 9482
f 863 3430 4299
f 5555 3939 3631
f 7543 5726 7982
f 13378 12939 3089
f 13003 10194 11441
f 13003 11441 10194
f 10498 10018 12760
f 8241 9462 8493
f 8056 6381 8073
f 1695 529 238
f 3635 1108 1400
f 10315 10483 10310
f 2200 783 1930
f 3762 5136 4112
f 8867 9722 9434
f 11798 11153 11273
f 4549 1115 1412
f 1410 1109 3632
f 7185 8343 8329
f 9373 9369 9089
f 4018 4639 10491
f 5715 3652 4727
f 11015 12940 11779
f 1896 1903 2171
f 224 784 504
f 1709 549 2789
f 10134 10133 10130
f 9234 9051 8695
f 11575 8572 8578
f 3231 142 2954
f 5715 7540 7965
f 12808 12556 12555
f 9861 10230 12144
f 5997 5992 6283
f 3609 1369 3602
f 7077 4979 6799
f 2253 269 1434
f 10027 10517 10806
f 803 241 233
f 9503 9211 9787
f 5321 3808 4100
f 849 1725 565
f 10792 11954 10504
f 1680 2768 514
f 5878 6424 2946
f 172 447 1614
f 1682 2762 4232
f 7590 13183 6869
f 1062 5499 1351
f 6484 8536 8266
f 6028 3175 2889
f 12461 12708 11671
f 5159 5433 5436
f 4839 7639 6935
f 3152 2887 2881
f 3073 3376 6281
f 4724 4722 7519
f 7129 2827 3135
f 9768 9743 9459
f 3358 6283 3080
f 719 6988 3252
f 4247 5257 4236
f 8634 12448 12575
f 7380 8532 3387
f 11172 10220 11067
f 2776 1950 809
f 11669 8644 10735
f 244 813 1691
f 682 109 679
f 8172 6201 5922
f 12766 11964 11611
f 9815 12966 9834
f 10907 7556 10896
f 9337 8755 8345
f 11549 10277 10278
f 8531 7375 6564
f 10182 9042 9567
f 9468 9461 9745
f 5887 5879 6165
f 1357 1921 2188
f 1984 1979 2254
f 8687 9313 6917
f 10296 10543 10078
f 8266 6574 6308
f 11531 9940 13099
f 689 1828 2088
f 1404 3634 2502
f 13042 11478 9912
f 13042 9912 11478
f 10262 10253 11518
f 4954 4948 6766
f 10890 10594 10886
f 10248 9932 9176
f 2491 2756 1672
f 4013 4006 3710
f 244 4239 5545
f 11379 11265 11147
f 9735 9746 9174
f 11385 11898 13389
f 7828 8937 7109
f 9597 8060 6367
f 6274 7071 3349
f 3951 810 1696
f 12984 10232 11484
f 6210 5926 6214
f 8194 6502 6495
f 4595 3695 1444
f 9812 10235 11163
f 5550 3947 5543
f 4814 7624 6908
f 1652 488 2738
f 2575 4423 2591
f 1095 1103 5240
f 4792 7834 9219
f 12334 12179 12178
f 1097 1388 1399
f 1152 4597 5302
f 12339 6823 5004
f 12568 10714 12560
f 5361 3770 5398
f 1150 1444 1158
f 4653 10164 9841
f 3140 3155 7667
f 5272 249 819
f 10290 9965 10288
f 3061 3346 6255
f 12695 12447 12691
f 1335 3567 3877
f 12754 12534 12516
f 5984 3058 3070
f 1840 708 2670
f 7740 4938 4934
f 4679 10570 10539
f 2094 394 676
f 5830 3210 2926
f 4575 3672 2798
f 8132 6423 6434
f 9604 8778 9330
f 10035 10812 4074
f 12100 12275 12110
f 7700 4899 5870
f 9413 9407 8837
f 9180 6537 8891
f 6531 6256 5968
f 4253 5273 5559
f 1957 250 814
f 7109 6835 5017
f 13108 8920 8917
f 7729 7005 9391
f 9483 9768 9780
f 5049 5429 5330
f 4243 1111 5260
f 745 170 744
f 5246 5237 5521
f 815 530 812
f 12599 10747 8653
f 8682 8679 9256
f 4225 4218 3919
f 8516 5996 8250
f 1927 2197 2746
f 9975 10763 10557
f 11441 10194 9865
f 10722 10720 12562
f 4778 4860 6594
f 5642 7910 11483
f 10172 9876 12093
f 1702 540 12543
f 310 2616 1539
f 2483 2750 2198
f 3074 6266 5975
f 12338 12343 12189
f 7217 7214 8356
f 9092 8799 9371
f 8431 8833 7296
f 10626 12772 11938
f 5245 5235 5527
f 3364 6266 3074
f 5546 3942 3634
f 318 4079 3738
f 7130 6359 8066
f 5978 3062 3063
f 7892 10352 5664
f 5060 3721 5331
f 12345 12188 13535
f 4869 6969 7688
f 3897 4193 4191
f 1171 3406 5617
f 11800 13398 13547
f 10128 7561 8002
f 2990 448 5468
f 9360 7690 8788
f 5018 6834 7104
f 8231 9751 9463
f 11420 13044 10194
f 7723 9100 6728
f 12457 8642 12577
f 1229 919 4350
f 8911 9772 9485
f 4347 3461 3452
f 11071 11226 11112
f 2524 2245 2514
f 9234 6909 9532
f 5551 4253 4246
f 8541 8946 9521
f 5024 6841 6308
f 6406 8094 8096
f 8506 8494 8229
f 4157 5166 4154
f 10114 7997 10896
f 2963 3245 6147
f 8654 11672 8646
f 6552 6285 3081
f 5387 1274 2049
f 3131 6073 3127
f 5271 4250 5556
f 8256 8525 3101
f 5579 5307 5589
f 3095 6010 259
f 3127 3186 5806
f 13284 12199 12354
f 13284 12354 12199
f 6916 6906 7627
f 12272 12104 9894
f 564 274 278
f 5977 3351 6267
f 180 177 739
f 3674 4574 1429
f 2336 3991 560
f 2445 462 473
f 5062 4067 3731
f 8025 6389 6343
f 9443 9726 8874
f 5526 5228 5522
f 437 2693 2407
f 5 8 11
f 12739 12666 12403
f 7634 6956 8776
f 5027 9798 6845
f 7970 7535 7975
f 8240 6534 6536
f 3154 6102 6955
f 2127 1857 156
f 10723 10720 12569
f 1408 4544 3633
f 13118 13117 11552
f 2734 1905 2725
f 6075 5793 5829
f 8975 7601 4783
f 1317 1030 1324
f 1227 943 5093
f 1375 4510 3600
f 399 1568 412
f 225 790 786
f 3390 3107 3389
f 12729 12752 11948
f 1597 1605 2692
f 6804 6268 5979
f 7099 7817 5010
f 4995 4984 6804
f 361 2341 2623
f 8220 8475 8472
f 7622 6912 2919
f 5204 5479 3577
f 7791 7075 4984
f 2559 2353 1747
f 2705 1881 1886
f 9930 11518 13088
f 4471 5189 4171
f 7360 7351 6535
f 9767 9461 9468
f 4352 1285 946
f 5413 971 1264
f 2128 8392 1866
f 451 532 241
f 6790 9454 7054
f 6504 8191 8444
f 170 733 1613
f 12933 13371 13372
f 7792 7791 4984
f 10010 10646 8572
f 6556 6554 6551
f 12897 12896 10972
f 4225 3925 4218
f 9260 13056 9607
f 4872 7672 8769
f 10800 13212 13491
f 5041 5075 5404
f 12861 13331 13329
f 3576 3876 3879
f 7882 5679 5634
f 4268 5282 10880
f 5206 4186 3886
f 11397 9964 11279
f 12204 12108 13483
f 5554 5553 3946
f 4614 7463 4678
f 12595 10616 10450
f 9271 8778 9055
f 2202 1936 1931
f 6619 8985 9608
f 107 2341 367
f 4570 1134 3665
f 3938 4228 3933
f 10902 10443 10120
f 11998 10720 12800
f 3106 7385 8537
f 82 3817 356
f 10461 4649 5691
f 9477 8897 8894
f 4777 6675 7670
f 4777 7670 6675
f 3548 1006 1302
f 5983 529 1695
f 8505 8240 7360
f 2522 2232 1971
f 7552 5728 7977
f 9407 9119 8837
f 9539 8990 9557
f 2087 1815 1825
f 12720 11587 12623
f 6803 6267 3351
f 5528 1076 4217
f 11184 11221 11109
f 13287 12358 13285
f 5478 1334 5479
f 10908 10742 10125
f 4625 7883 5610
f 12010 11656 10735
f 2104 1834 2096
f 1998 2353 1759
f 10809 10074 10403
f 10310 10565 10858
f 3618 4223 3932
f 11318 11080 8316
f 9606 6356 9039
f 5931 6211 6471
f 8786 8783 9352
f 280 2258 850
f 3106 6576 7385
f 3683 2536 3680
f 6539 8496 8232
f 1129 4560 1123
f 5888 6158 6155
f 4598 1148 4592
f 13190 12129 13451
f 1721 561 1720
f 174 444 736
f 9307 8731 9330
f 3341 3347 3051
f 6299 6572 6017
f 11047 11729 11207
f 497 218 1661
f 5926 3013 3307
f 12713 11676 11678
f 7352 7347 8490
f 7352 8490 7347
f 4343 4372 1486
f 11655 8636 8633
f 9606 9045 8774
f 6345 7150 2317
f 13099 11529 13098
f 2519 2242 10705
f 13127 11900 13124
f 4908 3861 3551
f 10419 3961 10586
f 2883 12898 13243
f 12035 12587 10742
f 9997 10472 10810
f 11179 11849 11331
f 7805 6800 4980
f 8361 7204 2934
f 7865 7502 4621
f 3110 6097 5819
f 1913 2453 2727
f 9809 13190 13002
f 9181 4989 6806
f 5262 1113 5547
f 10454 10911 10620
f 2677 2663 1853
f 4444 4140 3536
f 1530 1815 673
f 1035 5192 4164
f 738 726 1607
f 2783 1701 2513
f 6587 6031 4779
f 11652 10725 12009
f 11652 12009 10725
f 8699 5343 7631
f 815 6263 3363
f 5716 12428 8613
f 1477 1534 335
f 1868 1322 5182
f 10964 12886 13331
f 32 2309 1492
f 2571 1781 2030
f 7841 7463 7470
f 10224 9900 10223
f 9955 13116 9950
f 2794 2247 2526
f 10454 10133 10911
f 4992 7793 7079
f 3071 5973 4981
f 7608 6628 6893
f 11002 11764 10999
f 11382 11791 11790
f 4835 9037 7663
f 9930 13088 11517
f 12602 4693 5695
f 5744 12458 10442
f 9791 8260 6573
f 11528 10262 13100
f 2525 2246 1974
f 9826 10202 9872
f 5989 8232 6278
f 5527 1100 1391
f 13396 12955 13395
f 13229 12133 13225
f 3538 3544 4445
f 8802 9372 6986
f 8042 8750 9333
f 10767 7915 7491
f 7357 7353 6541
f 10822 5130 10859
f 11930 12637 11576
f 2887 3172 2881
f 3955 4249 5548
f 1279 3825 5430
f 11951 10673 13328
f 12613 12371 12409
f 7283 8414 3282
f 4051 4338 3751
f 4621 7945 5672
f 4249 5262 5548
f 1246 933 2040
f 12167 13517 6778
f 11901 13393 12954
f 12885 11858 13327
f 3954 5548 4245
f 3480 4386 3476
f 2409 1879 2695
f 11720 13325 10956
f 7967 10413 5708
f 7798 4993 7081
f 6544 5993 5999
f 10546 10380 10534
f 1755 2305 2032
f 2008 1745 2045
f 3805 3502 4387
f 4849 6953 7658
f 6782 4960 7755
f 8508 8516 7358
f 10509 12276 10391
f 3287 2999 2990
f 5183 4160 6722
f 8497 7351 8228
f 293 1483 1484
f 5897 6182 8147
f 7212 8354 8363
f 7592 4868 7605
f 11158 11272 11152
f 4225 4535 3925
f 4551 4541 1105
f 7926 10050 7483
f 151 426 414
f 9139 8852 6502
f 4446 3545 3544
f 10771 4651 10494
f 5610 7883 4616
f 5374 5361 3803
f 4528 4228 1090
f 1056 4491 1348
f 9736 4973 6791
f 11583 8602 11621
f 1695 811 241
f 9660 6717 6980
f 4750 7987 5732
f 9808 10149 10188
f 6271 5994 5995
f 2536 2805 4584
f 8898 9472 7078
f 8847 6505 7317
f 3275 8147 6182
f 766 1641 201
f 8503 8898 7356
f 9996 7927 5676
f 6329 6048 5774
f 5028 4118 971
f 9188 9764 9179
f 6810 6809 4991
f 3708 2002 290
f 1089 1379 1086
f 13095 13257 11526
f 3436 3813 4416
f 4551 1124 1114
f 2202 1932 1081
f 2202 1081 1932
f 12713 12711 8653
f 596 4089 5148
f 7427 7858 7441
f 9185 5979 6534
f 1790 2612 2347
f 8945 7111 7830
f 1782 2052 1779
f 7217 3206 2932
f 704 1578 696
f 3586 9694 4497
f 4311 4408 989
f 9761 6543 8235
f 12608 12503 12736
f 1927 2746 4499
f 3656 1412 2234
f 3656 2234 1412
f 5974 5966 6258
f 574 1457 321
f 6269 3068 3356
f 1583 705 1575
f 3751 3462 2299
f 5137 5155 4136
f 2755 1933 797
f 38 2058 3481
f 1297 1000 1301
f 13106 11534 9488
f 9630 9638 8357
f 8170 5928 6216
f 6815 12333 13520
f 8456 3318 7302
f 9307 9330 8778
f 287 595 42
f 3639 3632 1397
f 9775 6543 9182
f 5539 5251 5255
f 3059 3345 805
f 925 1222 5362
f 6754 6753 4937
f 13416 12116 13143
f 6575 8267 8268
f 7799 3069 7083
f 3682 4586 3681
f 12945 11781 11025
f 10558 10854 10066
f 3425 4372 3729
f 5932 6221 6212
f 10290 9962 10287
f 7806 3943 4982
f 3922 4259 557
f 6781 7042 13515
f 4994 6811 7082
f 1058 3583 1345
f 11165 11065 11182
f 12307 9906 10233
f 9196 8909 8888
f 11807 11301 11827
f 7443 7946 4708
f 8551 12392 5639
f 350 2599 2319
f 350 2319 2599
f 10260 13092 9934
f 8869 7341 3053
f 7059 7053 7766
f 7373 7372 8521
f 616 1775 10855
f 9762 8505 9475
f 7006 9390 8819
f 9500 9499 8931
f 9762 4995 9185
f 2403 2119 1863
f 9881 9900 10224
f 4996 5995 12172
f 1184 948 7488
f 11261 11370 11130
f 12075 12281 13176
f 2394 2674 2109
f 13415 12055 12096
f 195 753 754
f 1989 1987 1988
f 535 3952 5988
f 4506 4510 4507
f 8075 8355 7208
f 7085 9187 9189
f 7741 6753 4941
f 3135 2844 8305
f 8908 9173 9742
f 5449 410 2386
f 9954 11544 13113
f 12158 12161 12320
f 1789 95 648
f 9200 8912 5001
f 13396 11791 11031
f 4620 9870 13015
f 7496 7495 7942
f 2793 2522 2527
f 12820 10724 12015
f 5182 1023 1317
f 10485 5646 10359
f 5890 6156 5881
f 5459 5172 5451
f 5542 5252 239
f 4597 3686 3990
f 9985 10563 10768
f 4764 4820 6599
f 4283 4573 4572
f 8900 9224 7833
f 13187 12272 10221
f 1716 555 264
f 205 760 492
f 8901 7085 9189
f 8462 7321 8845
f 12608 12499 12531
f 11258 11137 11250
f 11825 11181 11094
f 5467 266 1984
f 7384 6572 8264
f 12148 9918 10242
f 10376 10543 10561
f 1093 1379 5253
f 4468 1030 3560
f 9480 9479 8902
f 3111 5751 2908
f 9440 7062 6793
f 8905 9479 9480
f 739 446 1609
f 2300 1283 317
f 4026 978 4358
f 5674 4707 4677
f 4201 4210 3911
f 9435 9716 8862
f 10658 12764 10378
f 5558 536 249
f 2229 3648 1413
f 294 103 29
f 5984 3070 6289
f 12395 11593 12648
f 9649 6130 8107
f 2158 1893 2151
f 2291 322 6351
f 8373 7225 8371
f 7712 6185 5899
f 2202 1071 1081
f 1405 5275 1121
f 21 58 378
f 3921 3608 4522
f 5461 5189 1032
f 1355 2196 1930
f 11903 7389 8541
f 5026 7112 6843
f 10898 10608 10438
f 4801 8983 8729
f 3534 4141 4441
f 3874 4168 5192
f 4274 5293 1427
f 10644 11978 11958
f 9461 8888 8881
f 13408 13012 13173
f 1410 1128 4548
f 4607 3996 3995
f 12932 11773 11013
f 1375 3911 5518
f 4084 3805 4387
f 5265 5559 5273
f 10869 4257 5279
f 3862 4156 5458
f 2441 460 469
f 5807 6388 2921
f 9944 11544 10277
f 5578 1433 5285
f 1388 1099 1399
f 6927 4878 7644
f 2221 1963 2234
f 9533 9012 8763
f 5197 1045 5474
f 2264 2263 1993
f 5550 5264 5549
f 5889 6165 5879
f 8802 8795 9372
f 11549 13120 9958
f 12549 262 554
f 2753 1935 1079
f 3335 3332 3042
f 11263 6559 8252
f 11142 11774 6011
f 6272 6004 5981
f 11751 10988 13355
f 7357 7356 8502
f 6633 6944 6924
f 3332 6248 5961
f 5072 897 905
f 1116 1406 1124
f 2411 6440 8136
f 2544 2808 2819
f 9769 9205 9192
f 4580 3675 1429
f 5302 4597 4285
f 10305 10472 9997
f 6278 3365 5986
f 4929 6743 4931
f 1116 1415 3958
f 11366 7373 11143
f 284 853 569
f 3881 3568 4179
f 9995 10802 9988
f 6558 8251 2514
f 9161 4977 9160
f 11890 11134 11372
f 11997 250 10702
f 4784 6681 6951
f 4735 5718 4728
f 5272 1411 5557
f 4454 1004 1299
f 7563 7649 6920
f 12226 12106 12257
f 9791 5019 6300
f 398 2656 1567
f 398 1567 2656
f 3582 4486 4487
f 5932 6748 6221
f 4052 3752 5400
f 3842 4430 4136
f 9633 9063 4876
f 5460 3864 4165
f 486 198 478
f 737 1883 2693
f 7193 7188 6396
f 13090 9932 11521
f 3926 4536 4224
f 6708 9642 6975
f 12795 12549 12548
f 959 1275 5134
f 3881 3886 4186
f 7903 10795 7500
f 2262 1992 8526
f 4201 1652 2466
f 12201 12200 12357
f 4057 4349 3755
f 8294 2589 1794
f 10140 9913 11499
f 11271 11270 11151
f 3640 1407 1125
f 3366 3091 3071
f 2806 1142 2804
f 532 237 808
f 6035 5797 3176
f 5216 4196 3895
f 4772 7571 5752
f 6083 5811 6108
f 8983 9338 8729
f 9384 8810 1020
f 9933 11520 9931
f 9052 3512 1291
f 7909 7479 7947
f 924 1254 949
f 12726 11934 12473
f 6818 6007 7811
f 10484 12722 12753
f 9165 7344 8878
f 13517 12322 7035
f 244 824 813
f 6845 9960 12349
f 6845 12349 9960
f 12754 7 12516
f 12754 12516 7
f 3311 7304 6486
f 9463 8878 8492
f 6305 6562 6564
f 529 3059 238
f 4821 12110 7656
f 5028 3759 4081
f 3084 6287 6556
f 10479 4676 4711
f 10333 10514 10356
f 2457 1903 2170
f 5759 6112 6682
f 7756 3329 7041
f 6817 5003 6816
f 13156 12260 12098
f 13156 12098 12260
f 10601 10100 10429
f 6344 7155 8030
f 2227 2773 1952
f 6273 6560 6006
f 6305 6564 2811
f 2844 7152 8305
f 13436 13452 12301
f 12701 12829 12452
f 6633 6924 4861
f 5553 5277 5266
f 8362 7211 7206
f 4421 3520 1280
f 4829 6934 7661
f 13399 12961 11398
f 1139 1430 9505
f 12039 10751 12843
f 1610 2138 1874
f 9688 9121 9693
f 588 94 620
f 2689 2410 2418
f 13162 13425 12143
f 2869 3187 5844
f 1241 969 963
f 5983 1695 6005
f 183 1893 2158
f 3229 7217 2943
f 5268 3961 5563
f 1027 1024 4462
f 2752 2479 2474
f 2392 2108 2106
f 12168 12324 12327
f 5983 6290 6007
f 9810 10162 12048
f 6539 5980 3353
f 7179 8321 7189
f 12570 10723 12005
f 815 3363 254
f 5540 5250 5257
f 4926 8823 9109
f 7976 7537 4738
f 12330 12169 12171
f 5838 2914 7204
f 9814 12642 11170
f 2741 2458 2734
f 5558 5557 5556
f 179 1616 738
f 5958 3038 7742
f 8276 3191 2921
f 2104 2390 1848
f 7986 5724 7979
f 10729 12563 10716
f 7777 8871 7064
f 439 5888 6167
f 9181 6806 9753
f 2855 4845 5791
f 8594 8593 11608
f 11071 11236 11869
f 10620 8001 5742
f 9483 9491 9492
f 12865 11455 11836
f 1955 2515 2225
f 210 774 209
f 7016 9683 9395
f 9511 9797 7108
f 4183 3889 3882
f 13109 9487 8916
f 12474 12760 12501
f 1854 1846 2664
f 11527 13097 13525
f 12960 11561 13284
f 12573 12816 12824
f 13401 11909 12961
f 5921 3281 6192
f 2777 2515 1955
f 12840 12704 12593
f 12037 8646 12842
f 5933 3009 6222
f 7804 7094 7808
f 2688 8136 11242
f 762 478 198
f 1409 1414 1126
f 533 540 1702
f 5835 12916 2930
f 9973 10559 10820
f 12671 11243 8138
f 6819 7089 7808
f 8905 8903 9765
f 7277 2995 7291
f 5646 5671 10359
f 6777 7041 6249
f 11528 13100 11527
f 11806 11313 11198
f 120 113 675
f 5555 1126 5280
f 1239 3475 4406
f 12561 12560 12557
f 3413 1270 975
f 9731 6525 9152
f 9731 9152 6525
f 6071 5790 5841
f 12855 13336 11843
f 10605 10442 10119
f 10605 10119 10442
f 13011 11450 10198
f 6709 9641 4891
f 11917 12784 10670
f 5985 3073 6281
f 5529 5246 1102
f 1001 1004 4449
f 3074 5985 6281
f 8936 8935 9511
f 8296 2859 7153
f 12023 12583 12831
f 7228 8383 7236
f 11369 12930 13368
f 5529 3924 4214
f 3750 5350 1210
f 130 2367 391
f 5864 5856 6405
f 11693 12751 10952
f 3008 8426 7281
f 1977 2795 1976
f 8515 8511 8246
f 497 1659 4198
f 11385 12947 13386
f 5247 10867 10084
f 7834 8939 7114
f 275 10728 844
f 8703 9297 6629
f 8243 5990 6549
f 6611 12300 13462
f 11883 11012 12930
f 9200 5001 6821
f 5198 5471 7010
f 8287 8325 7177
f 5759 5756 6032
f 12025 12017 7554
f 6021 8068 5751
f 8869 8865 9438
f 7983 7973 7534
f 8912 9485 5001
f 12880 10975 10976
f 1458 5812 322
f 13057 13505 13495
f 13136 13436 13458
f 9525 8952 9518
f 9486 8910 9199
f 5231 5507 5514
f 8263 7378 3103
f 10142 9809 9870
f 4958 8855 7752
f 5079 5423 3819
f 11916 8554 11601
f 3677 3668 4581
f 12517 11968 12771
f 7996 7549 4757
f 11804 10925 13154
f 8488 8891 7350
f 12035 10742 10908
f 11793 13390 12950
f 6501 8436 8186
f 1377 1370 3607
f 9596 8059 2331
f 11751 13355 11760
f 11550 10284 12193
f 3651 3959 4256
f 2794 1976 2247
f 10600 7539 4748
f 3434 3806 3763
f 1120 1417 1418
f 5449 3542 1308
f 10351 10055 10511
f 7123 2925 6378
f 6785 4960 6782
f 4250 4249 3955
f 12330 10251 12328
f 9774 8507 8913
f 2394 2109 8608
f 9246 9539 9266
f 5245 5527 1391
f 1151 3664 3967
f 248 820 251
f 7844 4689 5673
f 7650 6944 7653
f 4250 4555 3953
f 517 802 2498
f 4755 7538 7537
f 6287 5999 6554
f 1319 7251 8804
f 1645 756 1904
f 1337 5201 1046
f 1452 1539 2616
f 7743 3036 7034
f 12829 12583 12452
f 11561 13130 13546
f 535 6276 534
f 7862 7446 4705
f 3032 3031 3313
f 125 2088 1829
f 4603 4290 4756
f 3688 4594 4601
f 1405 1964 2220
f 6325 8316 11080
f 6564 7375 2261
f 13161 12253 12146
f 12338 6822 9776
f 12547 12793 12555
f 9755 4986 6805
f 1680 505 2482
f 536 1698 534
f 6272 5003 6004
f 10768 10408 10008
f 9397 7010 8826
f 10148 9843 9892
f 3739 5368 3472
f 4532 3614 4233
f 2824 6348 7119
f 10056 10049 10831
f 8861 9714 9424
f 536 535 1698
f 6650 6649 6913
f 3050 7347 7342
f 2827 5770 3148
f 8029 8049 8317
f 1457 2285 321
f 8508 9775 8914
f 8543 8272 11395
f 10268 9938 11257
f 7091 7806 7805
f 1117 4547 1107
f 11307 11180 11356
f 10136 11453 9838
f 1388 1095 5525
f 9771 9202 9194
f 1915 2728 765
f 11199 11100 11213
f 12262 12136 12130
f 6016 3104 6563
f 864 7407 4657
f 4853 6666 6665
f 8347 7189 6394
f 8243 6549 8509
f 4091 5387 78
f 12480 91 10686
f 5919 2997 3277
f 7894 5689 10404
f 9934 12177 12176
f 13529 11779 13380
f 8701 4798 8989
f 11333 11864 11868
f 10891 10591 12808
f 8923 10267 9786
f 641 371 1520
f 1117 1107 4544
f 8929 9210 8928
f 3680 4585 2533
f 397 1563 2644
f 1839 2109 1837
f 4483 2724 2175
f 13291 11704 13353
f 8823 8820 9392
f 3421 4404 3500
f 10138 10232 9855
f 11430 7200 11839
f 827 1704 1699
f 3172 3181 6933
f 8131 6430 6425
f 3730 4040 5102
f 6827 5009 9783
f 1939 2203 2478
f 10056 12527 10381
f 12716 10331 10548
f 1155 1157 7985
f 6544 8237 5993
f 860 9296 4306
f 12848 12036 10747
f 5029 7445 10841
f 8652 10744 12032
f 8296 8293 3141
f 9527 13126 9526
f 3376 5990 6282
f 8372 3220 2937
f 407 1577 703
f 7213 8355 1824
f 4495 1343 1049
f 493 1651 199
f 3984 4291 3995
f 12727 12783 12535
f 9457 8879 9450
f 2803 2802 1141
f 1419 4560 1129
f 817 251 1700
f 3134 3186 2835
f 1646 193 755
f 3824 3521 1267
f 2128 7246 8392
f 3375 3374 3077
f 5989 6539 8232
f 3026 6215 5934
f 12334 9937 12179
f 6827 6826 5009
f 1330 3558 4466
f 1315 5169 1014
f 9359 6971 7691
f 2274 1188 3445
f 5654 4695 7934
f 11792 12835 12704
f 6718 5874 2952
f 1715 553 4265
f 1064 2740 4502
f 11557 10290 10287
f 12881 2858 13346
f 12210 12060 12277
f 3284 2988 3281
f 9399 7007 7729
f 1554 384 115
f 10131 10907 8003
f 5881 3237 2950
f 4561 1123 1413
f 11654 8628 11652
f 845 5301 5583
f 9493 8520 8914
f 12123 12153 10224
f 4030 5055 3811
f 6272 5981 3070
f 10788 10499 10498
f 5957 6241 4939
f 2517 2780 2778
f 11174 11122 11088
f 5443 3849 5166
f 3180 5834 2910
f 682 679 118
f 5045 3788 5065
f 1096 1089 5242
f 4791 7595 4853
f 11642 8624 7978
f 2755 797 1668
f 5211 5488 3894
f 12100 10176 13486
f 3165 2866 3158
f 6744 4932 9120
f 5997 8244 6550
f 8250 5997 6550
f 1437 3679 4582
f 3412 2591 1184
f 2509 2785 1956
f 6136 6422 5873
f 1469 331 5078
f 13264 12335 12173
f 9565 4793 8991
f 3881 4179 3886
f 12596 10749 12844
f 2676 2395 2110
f 13264 12173 13260
f 8063 5836 6113
f 933 3522 958
f 10105 10428 10590
f 11521 9932 10255
f 13172 12063 13006
f 8904 9466 9190
f 13384 12345 11781
f 6273 3361 6264
f 10739 12576 12451
f 3233 6718 2952
f 11142 11249 11774
f 1041 4479 1331
f 12755 11972 10677
f 1978 2249 1977
f 3981 3974 4265
f 5893 6177 8146
f 4092 641 5104
f 2938 3225 3236
f 6284 5991 3076
f 7368 6567 8940
f 11651 8627 11648
f 12174 12173 12335
f 3262 5895 2981
f 2513 2231 2782
f 9995 5366 5081
f 2283 5687 12394
f 1020 1310 5174
f 4823 5822 9040
f 8265 6569 8532
f 8109 6134 5858
f 10270 9942 9776
f 7637 2870 6906
f 12091 10947 13222
f 4059 3812 3494
f 10328 10536 3741
f 7246 8384 8392
f 1715 1712 553
f 6554 5993 6284
f 11258 11250 11138
f 12040 11676 12840
f 551 2789 1708
f 9437 9430 9720
f 11012 11768 12930
f 7865 4621 5637
f 6183 8150 5900
f 11150 12948 11030
f 12597 12844 12843
f 7014 9402 8831
f 1396 1102 7517
f 8298 6379 8070
f 6552 7361 8245
f 12931 13367 11768
f 5297 5296 5577
f 13538 7830 7111
f 10774 7413 4656
f 8725 8711 9001
f 3280 6179 2991
f 8424 8161 7271
f 8446 9410 6489
f 1477 2036 2313
f 1149 5295 4276
f 10481 10506 10353
f 8514 8512 8248
f 9924 12164 10246
f 5184 1028 6988
f 6475 6191 8162
f 7742 3032 7021
f 958 1284 1283
f 48 57 324
f 6021 5753 8068
f 2825 12894 13347
f 1987 848 1721
f 5730 7975 7535
f 3392 4298 904
f 6478 9692 8182
f 13462 12300 13229
f 7354 8896 9470
f 6558 2514 2233
f 230 2213 800
f 7529 7968 7981
f 13264 11006 12335
f 13370 13367 12931
f 6625 4863 6622
f 9241 6683 6935
f 3256 3268 2972
f 195 754 479
f 1923 2183 2744
f 775 766 201
f 9195 9174 8906
f 11142 11253 11132
f 5964 6777 6249
f 11013 11770 11136
f 5653 10365 10527
f 2161 7292 8440
f 5954 3024 3308
f 5431 5156 5155
f 4485 2719 2455
f 4505 2467 2741
f 11377 11253 11142
f 11135 11370 11254
f 6236 6764 6762
f 8724 9037 4850
f 10268 11134 11890
f 10289 12353 12194
f 11452 12998 13080
f 1586 703 700
f 11135 11256 11771
f 6023 6659 5755
f 3221 2935 3213
f 11943 12739 10666
f 12620 5633 4647
f 1255 3493 4415
f 13098 13370 11371
f 1705 544 12544
f 11530 11371 11885
f 8240 6536 7360
f 11672 12030 10745
f 5893 8146 6444
f 6989 7707 6984
f 11257 11885 11372
f 7366 8512 8247
f 11742 11741 10980
f 6170 6161 1599
f 5416 1266 3831
f 5031 4049 1500
f 7061 9442 1088
f 10273 10271 9948
f 10273 9948 10271
f 12039 12036 11677
f 9939 11885 11257
f 2380 2664 2377
f 3939 4235 3933
f 12618 12666 11579
f 4067 1497 4129
f 11258 11257 9938
f 5288 3972 5570
f 12231 12226 12144
f 5553 5278 5277
f 8203 9699 6757
f 1002 1296 5438
f 9531 9302 8672
f 13270 5005 12184
f 6310 6577 6015
f 12430 12436 12677
f 10104 10592 10422
f 4029 5053 5406
f 3550 4453 3549
f 1566 136 409
f 5946 3300 3014
f 466 746 2450
f 8682 9288 8679
f 13305 11753 12900
f 7456 4714 7920
f 3102 7376 7374
f 2348 2622 1823
f 5585 1443 5302
f 5296 3979 4275
f 5505 792 213
f 7257 7267 8407
f 12836 10446 12587
f 4770 9057 6390
f 2327 4394 3484
f 2217 2799 2532
f 8514 8248 7362
f 9807 9526 9231
f 9773 9772 9198
f 9732 4976 9159
f 2210 2205 1942
f 8660 944 5404
f 6558 6557 8251
f 7828 7827 7104
f 9788 8927 9501
f 13524 9940 11531
f 6731 7715 6999
f 5199 5202 5481
f 3363 5971 3055
f 7773 7055 7763
f 3700 5040 5315
f 6412 7223 8114
f 13524 13264 12180
f 7392 7842 5601
f 10489 10311 4688
f 4065 3490 4390
f 7021 3313 6221
f 11775 6289 3372
f 11936 10688 11965
f 568 1726 2818
f 7242 8116 8385
f 3460 4058 4425
f 5594 4667 5657
f 12798 12565 10716
f 10126 10614 10905
f 6987 7699 4904
f 510 793 2200
f 6383 2923 5831
f 5220 4200 5508
f 6875 6624 7632
f 715 418 704
f 8910 9760 9472
f 9937 10260 9934
f 10584 5712 10425
f 2940 6405 7214
f 11275 11274 11273
f 11992 11638 1964
f 4460 4455 3548
f 7383 8262 6574
f 10413 4255 3958
f 13204 11848 11482
f 11777 11019 6290
f 5059 3760 5363
f 4613 10810 7398
f 11665 12697 12823
f 2276 5606 7852
f 12792 12546 541
f 12072 12139 12304
f 12183 6822 12338
f 7714 7002 7003
f 6462 7262 8156
f 12475 12404 12758
f 1428 3671 1136
f 13537 13541 13276
f 11602 8588 8596
f 691 2093 131
f 405 134 1563
f 8977 8992 9563
f 12059 12253 10222
f 3571 3565 4471
f 12460 11664 12822
f 6898 7615 8712
f 8664 7679 9347
f 9509 9221 8941
f 1421 1414 7963
f 11169 11346 11115
f 8537 7384 8533
f 1183 7478 950
f 1749 2031 2312
f 2427 1877 2141
f 4593 3697 4761
f 3258 5903 2977
f 10513 12513 10387
f 5563 5276 821
f 10919 11081 11719
f 12680 12792 541
f 11209 11094 11335
f 778 5224 775
f 12966 11438 11428
f 7589 7685 6943
f 12103 9863 10189
f 13109 8915 9487
f 10626 9987 12538
f 44 2067 626
f 3306 6222 3009
f 12601 11589 12402
f 10654 12520 12519
f 11632 2241 1969
f 11639 1963 822
f 1825 1815 2081
f 3611 1371 4513
f 6273 6006 3088
f 13537 12346 12344
f 3659 5707 5706
f 6989 7700 3253
f 6239 5953 4949
f 3592 2464 2742
f 47 2036 1477
f 625 1543 667
f 7908 5697 10372
f 4946 6768 6759
f 10961 11749 11735
f 9187 9762 9475
f 11792 11788 11268
f 11792 11268 11788
f 12065 13246 12131
f 11794 11032 11790
f 10418 3649 3957
f 6871 7601 9279
f 185 190 755
f 11282 11160 11905
f 8868 9440 9435
f 12275 13473 12284
f 8553 11574 12370
f 5711 3649 10418
f 11564 11975 10862
f 12250 12079 12261
f 12521 1526 356
f 4684 10031 5668
f 3000 3280 3288
f 11634 1965 821
f 5968 523 236
f 11703 10952 11757
f 10469 5647 10051
f 10874 5562 10086
f 8957 7665 4854
f 5652 10064 10353
f 7991 10894 7550
f 8982 9578 9295
f 10289 12194 10285
f 5002 7808 9204
f 1567 2386 410
f 5757 6029 1483
f 9499 13102 11533
f 4824 4833 6648
f 13089 11521 11520
f 10226 4863 9048
f 2410 8138 6441
f 1087 4209 4516
f 11538 9944 8918
f 10271 9780 9204
f 1905 2172 1904
f 7957 5698 7956
f 2125 2676 1854
f 12943 11029 11026
f 1581 694 409
f 10281 9953 11543
f 5712 3651 7966
f 9721 6776 9428
f 5296 4275 1138
f 7630 7653 6944
f 6443 11243 11126
f 12578 12577 12821
f 3414 7507 5659
f 8035 6373 6339
f 11020 6005 543
f 870 4035 4402
f 10668 12510 12754
f 1196 5428 896
f 13365 12924 3318
f 13269 13273 13527
f 12709 12032 12590
f 2953 5867 3239
f 10419 10093 3961
f 840 4267 5287
f 11103 11214 11868
f 4463 3556 3559
f 8494 7346 6532
f 801 514 229
f 2257 846 279
f 5553 3944 3946
f 2181 1347 2455
f 61 66 328
f 6847 6920 7628
f 6810 4992 6809
f 3622 3923 4534
f 10114 10890 7997
f 10711 11994 825
f 10320 10530 10517
f 179 2153 1889
f 6849 7666 9239
f 10877 5561 10087
f 12682 1966 2515
f 1250 2066 1799
f 10436 10605 10888
f 2047 67 1782
f 1211 970 905
f 9733 9444 6796
f 4533 3625 3928
f 11653 8630 10725
f 11653 10725 8630
f 661 95 383
f 12692 8623 12004
f 9821 12986 11425
f 4294 3995 3994
f 6704 4887 6699
f 10416 10872 10089
f 9829 13081 12995
f 10255 11519 10254
f 7133 6327 11821
f 2136 1319 1033
f 12937 3088 6006
f 11312 11486 11487
f 9614 9346 6957
f 11538 8918 13266
f 3655 1440 1159
f 1633 754 2707
f 8954 8953 9522
f 9973 10405 10077
f 3610 5515 2199
f 3493 4113 4415
f 13095 11526 11525
f 7577 6861 7572
f 10868 5280 1126
f 10728 10737 10727
f 1081 1071 1364
f 3689 4596 4603
f 9928 12326 13518
f 9000 9571 6690
f 7796 7794 7078
f 1434 269 5577
f 1061 1931 5213
f 772 490 199
f 6556 6551 8247
f 494 1650 3904
f 13269 13535 13273
f 5043 1185 10815
f 7472 7939 7940
f 1313 1012 1310
f 10759 10073 10524
f 4735 4728 5709
f 3038 6248 3328
f 5858 5850 6123
f 7550 10894 10897
f 3284 3276 2988
f 12670 2688 11242
f 11017 11265 13381
f 12340 6824 6292
f 3114 2899 3187
f 9587 8716 9016
f 9667 4457 3549
f 3941 4231 5253
f 7968 7966 7521
f 9383 8814 9387
f 13374 12936 3376
f 3230 7213 691
f 7770 7757 7052
f 7023 6750 4935
f 10442 10899 10119
f 12077 13215 13469
f 6063 5784 6061
f 7288 8436 7295
f 8452 8197 8850
f 11770 11131 11252
f 4627 5662 5664
f 4627 5664 5662
f 10629 11957 11969
f 7972 10094 1419
f 7984 5719 4741
f 10712 3090 12935
f 7134 7192 8284
f 13117 11546 11552
f 13157 13446 13179
f 7903 7500 7451
f 11995 824 5560
f 2628 677 1537
f 2518 2788 2779
f 12602 2587 4382
f 8618 11633 11634
f 4566 12674 5717
f 6791 9158 9729
f 781 502 222
f 907 3442 1203
f 3863 4905 4160
f 3660 4738 4590
f 4766 6595 6861
f 1972 259 2520
f 6922 3170 6092
f 3374 11780 6293
f 12430 12675 12436
f 4053 4389 3771
f 7057 7760 7774
f 9545 9256 8679
f 12506 12749 1532
f 12720 12525 10685
f 9404 8827 9400
f 10084 10864 10577
f 4260 256 1707
f 4981 9743 9172
f 13375 3374 12940
f 4923 9109 9674
f 12941 13380 12940
f 11888 11138 11367
f 2683 12669 2394
f 232 796 800
f 9448 7050 6784
f 11632 1969 2240
f 1233 3774 5373
f 1536 676 1552
f 7860 5685 4689
f 10712 11998 10703
f 5091 5355 5132
f 7964 8613 11632
f 7971 7964 7523
f 2062 2349 383
f 8877 9746 9163
f 6 13 12534
f 2541 566 3982
f 1742 1193 881
f 932 2047 1782
f 3463 4390 3490
f 11375 13374 13526
f 5889 6154 3245
f 11498 13063 11497
f 4896 9082 9646
f 11891 11137 10267
f 11015 11779 11780
f 9805 9801 9227
f 9186 8893 9466
f 2225 2515 1966
f 10921 11738 11712
f 10921 11712 11738
f 2337 2622 2624
f 4910 6997 7719
f 2541 2814 566
f 9177 9464 8892
f 1944 236 807
f 2960 5871 3242
f 6711 9644 8106
f 10891 12813 10598
f 407 143 2116
f 4528 1376 3605
f 4347 3452 4041
f 12833 8637 12447
f 9955 9950 13114
f 12354 13125 11555
f 3228 688 1829
f 9436 9719 9723
f 5800 4852 6663
f 1840 2670 2391
f 11928 12723 11932
f 1096 5242 1387
f 12842 8646 12459
f 11429 11821 11078
f 10133 10131 10911
f 10704 12430 12557
f 4288 3987 4283
f 13182 13181 13448
f 11095 9912 10184
f 11095 10184 9912
f 11989 8615 10704
f 10367 10528 10844
f 8809 3550 9097
f 9788 9505 8927
f 4534 4221 3924
f 6592 7594 6886
f 1677 1685 2766
f 2089 2637 1818
f 5049 5330 4119
f 4730 7527 7976
f 11581 7496 7942
f 12011 12575 12696
f 8195 8190 6496
f 1473 315 630
f 10262 9941 13100
f 1924 2185 1920
f 3714 5354 1224
f 9587 9298 8716
f 5949 6501 6223
f 1135 1426 5291
f 12597 12843 10751
f 9858 10240 10211
f 5605 7432 4675
f 3964 5288 5564
f 6616 4867 6626
f 7125 8023 6314
f 4196 5492 3895
f 7311 8448 7303
f 3877 3567 4472
f 11775 11026 11018
f 2537 1721 2820
f 2749 2476 2197
f 4640 5692 7494
f 10410 4205 10575
f 7391 9524 8542
f 4577 3670 3674
f 5792 2888 6087
f 11053 10920 11727
f 7744 5949 3031
f 5272 1122 1411
f 10621 10450 10451
f 1711 551 1708
f 7967 10589 10413
f 7559 8645 12458
f 8847 9429 9719
f 12866 3118 2830
f 5929 6210 6215
f 2129 7247 8394
f 11916 12744 11960
f 8665 9021 9884
f 3113 8281 8029
f 2249 7371 11376
f 2129 1877 435
f 832 11989 257
f 8370 7233 7222
f 6615 6927 9321
f 9955 13114 10279
f 5953 6229 8192
f 12986 10171 12092
f 7819 13267 7810
f 11555 13275 13278
f 5179 5451 5456
f 2539 2798 2538
f 3990 10434 10604
f 6263 1689 523
f 6820 5000 4999
f 4552 4244 5256
f 2349 1795 2641
f 9559 8987 9584
f 3814 5434 5420
f 7543 5725 7987
f 8522 11142 6011
f 5291 5571 5568
f 12329 9929 13519
f 12361 12487 7905
f 7874 7868 5622
f 4059 3494 4351
f 1595 6160 5876
f 3553 4456 1304
f 2246 2792 1974
f 5753 6043 6597
f 9410 8839 9121
f 9662 9656 9370
f 6575 8268 8536
f 1972 3095 259
f 2860 5778 6093
f 2528 2793 2527
f 444 729 1603
f 10432 10891 10598
f 2613 373 2338
f 8823 9392 9674
f 3807 5152 5433
f 8541 7388 8946
f 10239 13075 9909
f 3897 499 3587
f 9867 11497 13063
f 10927 11744 13345
f 13096 8917 11533
f 1579 1847 697
f 10641 10514 12505
f 13390 11895 11894
f 11864 11233 11117
f 3321 3028 3314
f 7055 4969 7763
f 13537 12189 13536
f 9649 6704 6130
f 13535 12188 13273
f 1562 2650 1830
f 11828 11325 11840
f 10640 12512 10638
f 12344 13534 13112
f 2710 2426 2152
f 6076 6074 3183
f 2004 81 1780
f 3059 3349 3345
f 9214 9506 8932
f 4338 3501 3505
f 12679 2245 2524
f 11527 13525 13259
f 7422 13441 13046
f 9383 9102 8814
f 7181 8347 6381
f 9814 11113 10161
f 3620 1082 4518
f 5630 10379 7906
f 1656 4205 3905
f 2755 2198 1933
f 8618 11645 8621
f 5713 4564 3656
f 12857 10987 13219
f 11378 11894 11892
f 11378 11892 11894
f 735 2988 3276
f 573 22 584
f 1718 4267 840
f 8394 8386 7241
f 5970 6533 7347
f 11539 13109 13114
f 2519 2513 2782
f 10287 9960 12191
f 7539 10889 10589
f 3503 4431 3518
f 12944 11784 12187
f 8371 6419 7234
f 5986 6282 5990
f 8077 8350 8339
f 1 8 9
f 6574 6568 6308
f 4147 3855 4152
f 3998 3828 3827
f 9413 8842 9407
f 12864 12075 13176
f 13284 11561 13546
f 13412 13185 12871
f 5813 6115 10990
f 12591 12589 12833
f 8236 6542 8235
f 4146 2657 2387
f 2330 2617 353
f 3893 5483 4187
f 804 808 237
f 11162 11318 11069
f 11879 11364 11877
f 2583 1786 2599
f 2380 2666 2664
f 10771 10494 10073
f 12726 12473 12497
f 7274 6459 6461
f 10100 10880 5282
f 4769 4087 3772
f 2657 2661 2387
f 9785 9496 8921
f 3788 3780 4094
f 12818 12571 12821
f 5584 4287 5303
f 2596 2333 2332
f 1715 12796 554
f 8977 8673 4855
f 2161 2720 175
f 13115 13536 9951
f 592 106 3144
f 13358 11879 12919
f 12818 12003 12571
f 11777 11782 11025
f 12795 11988 12794
f 2231 251 1961
f 2179 2724 2452
f 2654 2643 1564
f 11891 9498 8523
f 11877 11128 11362
f 4501 2473 3590
f 9247 8663 8779
f 5517 3908 3909
f 10036 10035 10814
f 3048 3043 3333
f 8446 8839 9410
f 8446 9410 8839
f 1153 3685 1439
f 6893 7663 6918
f 9810 12222 11743
f 8904 9190 8903
f 7678 4880 6703
f 807 1686 521
f 9648 6970 6703
f 7845 7469 7906
f 6505 8192 7317
f 4732 4727 4563
f 8157 7263 6460
f 3724 1221 3469
f 13456 13448 13224
f 11637 8615 11989
f 12733 10557 11929
f 8448 8180 6217
f 1318 1025 9376
f 7288 7295 8434
f 7105 5581 3985
f 10599 7533 10879
f 9940 11529 13099
f 7098 8924 7817
f 12102 12308 12309
f 6141 8102 5860
f 12159 12322 12161
f 7189 4884 6394
f 6071 5841 2919
f 7818 7817 7099
f 5168 4154 4148
f 2854 7172 6342
f 1139 1137 1430
f 13090 11521 13089
f 7531 10881 7972
f 2937 3220 2929
f 8476 6517 8210
f 9733 4978 9155
f 6741 6733 4918
f 4505 2741 2468
f 5576 4276 5295
f 11770 11251 11131
f 8382 7235 8381
f 6052 2884 3142
f 11021 12339 11784
f 5587 5306 5305
f 2522 8246 2232
f 9848 9293 9584
f 3931 4236 5257
f 7570 8685 8667
f 9176 9932 9752
f 5888 6155 5882
f 13382 11266 11783
f 2723 1637 477
f 264 555 270
f 2945 8098 7210
f 3290 2992 8427
f 7527 4728 7976
f 7968 7536 7981
f 11327 11094 11209
f 3990 4761 10609
f 4200 3909 5508
f 13372 12932 11373
f 11244 12668 11127
f 6251 5962 6785
f 8108 8383 7228
f 11017 11144 11265
f 11422 10204 12081
f 9077 9083 9648
f 12346 13534 12344
f 3883 5476 1333
f 4792 9219 8939
f 9091 6717 9660
f 7573 7598 6948
f 1614 447 724
f 6803 3060 6267
f 13460 12893 11465
f 9175 9452 8887
f 1714 1713 2796
f 2508 2216 2226
f 8626 10721 5727
f 4289 566 1730
f 5965 6265 5976
f 7775 7054 8884
f 13108 11545 8932
f 3100 6013 6298
f 9730 9151 9724
f 3616 4523 3923
f 7487 7935 7957
f 8611 2517 12545
f 11379 11895 11148
f 3711 343 4128
f 4587 3970 4263
f 7381 8525 8255
f 2258 848 1987
f 12692 12004 12811
f 1922 5221 776
f 11642 8619 8624
f 2538 3672 563
f 4995 6804 5979
f 4053 4360 4068
f 1680 1673 505
f 10709 10717 12004
f 10709 822 823
f 3169 7169 5839
f 7138 8041 6377
f 2713 3569 4477
f 7666 7683 8760
f 12432 12685 11647
f 1956 1118 1951
f 2817 2815 2545
f 13529 13271 12341
f 11004 11766 11003
f 9242 9241 8734
f 637 5121 5399
f 8987 6678 4861
f 4599 4603 4756
f 4337 5132 4109
f 8521 3381 3095
f 11090 11224 11225
f 11370 11882 11130
f 1896 745 744
f 12183 12344 13112
f 11744 12908 11112
f 11573 8576 12627
f 2990 5908 448
f 7996 7547 7549
f 2702 1615 1606
f 8753 9323 8752
f 7969 7532 7979
f 7417 10806 4680
f 1190 4332 3495
f 12684 12433 12442
f 6490 8176 7293
f 5310 1446 5590
f 4359 969 1241
f 1066 2187 1360
f 11818 12906 13346
f 3996 4293 4604
f 9572 4821 9049
f 5685 8602 5684
f 3091 3376 12936
f 2707 1887 2147
f 1402 1391 1100
f 330 2325 2077
f 6140 3223 5869
f 1678 2495 2767
f 10113 10445 10737
f 13378 12942 13377
f 273 842 855
f 8616 11636 11637
f 10633 12407 8598
f 4846 6649 6089
f 9342 8773 9639
f 5964 7344 9165
f 11581 8573 11604
f 12345 12190 12348
f 5613 7416 4699
f 6436 8122 8132
f 23 603 11924
f 12000 10096 10883
f 7487 10829 10059
f 8234 8231 6537
f 6529 6253 8223
f 5246 7517 1102
f 8027 7196 6324
f 6874 7600 7632
f 8929 8928 9211
f 11311 11110 11857
f 5714 5724 4737
f 11074 11833 10984
f 10584 4256 3959
f 7157 2906 7671
f 5453 5176 5168
f 11788 11148 11268
f 470 2433 2710
f 5528 1389 1382
f 10586 10585 10097
f 10554 10852 10395
f 905 897 5103
f 6654 12283 6924
f 10266 9949 10276
f 10093 10882 10099
f 7579 6962 6692
f 12326 12323 13255
f 10647 12498 10652
f 13543 11380 13388
f 11142 11132 11249
f 11088 11204 11087
f 7373 8521 2246
f 8924 9497 9785
f 11664 12015 12822
f 2271 2555 1816
f 10729 12008 12810
f 3363 6263 5971
f 716 5456 5173
f 8954 9523 8953
f 10763 10631 11929
f 1246 962 933
f 12332 12169 4974
f 10419 10882 10093
f 1731 12827 12582
f 2222 1983 1982
f 12433 12676 12431
f 10299 5676 5691
f 4980 4979 7787
f 1770 2356 2078
f 1442 1156 4606
f 7647 6957 9346
f 11157 11040 11797
f 6305 6014 6562
f 7549 7547 7986
f 11911 12738 11933
f 8834 9404 9400
f 12599 8654 12037
f 12550 12809 12437
f 11404 10210 12964
f 6170 1591 6161
f 8109 6135 6134
f 10194 13044 9877
f 3288 3280 2991
f 97 113 110
f 10530 10374 10517
f 7990 4751 7548
f 934 4423 3505
f 8840 8834 9123
f 7075 6803 3351
f 7828 8936 8937
f 10749 12025 10741
f 836 3378 3092
f 9477 8894 9764
f 12805 12438 12436
f 947 1268 1245
f 11139 11887 11374
f 12818 12821 12577
f 5594 7515 7899
f 3726 10341 3447
f 4199 3904 1650
f 7818 3096 7098
f 845 5583 275
f 10906 10905 10614
f 3546 3544 1303
f 7289 6485 8169
f 12051 13208 10918
f 9415 7321 8465
f 4656 7477 7917
f 8922 9495 9496
f 6057 5819 5820
f 10893 10892 10897
f 558 12556 3966
f 3052 7348 8496
f 128 2366 398
f 2079 4426 991
f 11394 11553 11899
f 1917 2729 2454
f 1066 4502 1919
f 431 420 1587
f 2751 2194 2473
f 8205 8204 6507
f 8205 6507 8204
f 9709 2478 9144
f 11912 10648 10804
f 3243 6144 8384
f 2840 12892 13312
f 1925 2459 2740
f 2109 1844 2107
f 4732 4568 4727
f 9805 9227 6580
f 5467 5575 5286
f 11168 11823 11095
f 10002 7470 7463
f 3482 353 1519
f 5989 5986 6279
f 3849 2093 3529
f 4522 4514 1074
f 3958 1415 3650
f 154 714 147
f 5237 4212 3914
f 4030 583 5048
f 8606 10736 12023
f 4230 2767 4537
f 7979 7532 4746
f 7101 6831 12342
f 4892 4888 9070
f 810 520 1692
f 9517 7830 8945
f 9517 8945 7830
f 1338 5474 1045
f 8824 7014 9398
f 7170 8077 8339
f 11665 12013 10735
f 5555 3631 1409
f 13396 11031 12955
f 13511 13252 12160
f 5552 3940 4237
f 4585 1435 1142
f 5945 7299 6500
f 8333 8332 7183
f 4100 3808 3809
f 8665 13045 9310
f 1211 1262 970
f 8994 9576 9628
f 4052 3741 3752
f 12196 13280 12350
f 8229 9739 9173
f 8743 8755 7163
f 8632 8622 12439
f 5264 3941 5538
f 1733 34 575
f 7548 7976 5718
f 11282 11396 11907
f 11340 11231 11859
f 7987 5725 7980
f 10113 10737 10728
f 9568 6687 6608
f 7561 10903 10907
f 7774 7050 7049
f 7774 7049 7050
f 12467 11930 10642
f 11017 13381 12937
f 1297 3533 1292
f 4832 6945 6677
f 6650 6089 6649
f 5971 6263 5968
f 13305 12900 10975
f 12011 12561 12442
f 10598 12813 10883
f 13104 13111 13531
f 1678 513 2495
f 10721 10099 10427
f 2658 1560 394
f 11893 11547 11146
f 1717 4259 5007
f 1167 2055 2269
f 10428 10101 10590
f 8937 7107 9508
f 1092 5534 5251
f 9417 9137 8849
f 3375 12940 3374
f 1252 3520 3524
f 3727 4045 3746
f 5002 9204 6819
f 4245 5548 5263
f 10422 10592 4261
f 117 669 388
f 12045 13194 11459
f 6681 9621 6951
f 596 5148 1541
f 13147 13439 12234
f 3321 5939 3028
f 2223 1965 1953
f 345 78 1529
f 10588 10882 10419
f 507 222 502
f 10540 12663 10567
f 3023 5938 7302
f 9088 8790 9083
f 4264 1133 5284
f 13415 13311 11705
f 12858 10977 11868
f 9525 8955 7117
f 8950 9520 8949
f 1217 926 9000
f 7594 7612 6886
f 9788 9501 9212
f 3745 4089 38
f 12044 10992 12147
f 10942 11741 11742
f 3343 3053 7341
f 2535 2254 2534
f 1811 2076 2619
f 7256 8406 7262
f 4578 3666 9787
f 2573 3459 12644
f 12624 11617 8592
f 10459 10319 10305
f 4943 5951 7027
f 5241 5240 5517
f 10381 10546 10534
f 12683 8618 12443
f 6581 6964 6909
f 10449 10611 10617
f 1691 522 1687
f 10941 11756 12913
f 571 284 281
f 18 5318 5122
f 559 1718 840
f 8857 7033 7756
f 3985 3975 5284
f 2833 3191 8334
f 3745 4377 4066
f 3677 1435 3676
f 393 2638 1545
f 12208 12316 12154
f 5369 5098 5111
f 11912 10804 9987
f 7758 4955 7757
f 13289 12875 12899
f 9667 9095 4907
f 11994 11993 12791
f 3018 8435 7299
f 6238 4948 5952
f 5585 3664 1443
f 12404 8585 12507
f 5268 821 247
f 12104 12156 10245
f 12670 12426 2688
f 9231 9806 8956
f 4207 4204 3904
f 1989 2818 1726
f 4270 4263 3970
f 12709 12590 12707
f 7652 2887 5804
f 2864 5776 5817
f 259 1709 2520
f 6061 5784 2870
f 3930 4230 4234
f 12999 9911 11478
f 5916 2987 5912
f 3084 6556 7365
f 811 238 805
f 11631 4741 11646
f 10022 10385 5688
f 7813 3094 6008
f 6064 5787 6103
f 1910 2721 1902
f 432 3862 5899
f 12820 12572 10724
f 12965 9867 9843
f 10113 10603 10902
f 5585 5303 4576
f 3621 1393 1105
f 7650 4842 6654
f 8930 8929 9503
f 4597 4606 3692
f 10622 10621 10453
f 5775 6050 6324
f 6571 8528 7378
f 9136 8199 9713
f 4553 3645 4563
f 10830 3826 10053
f 10483 10378 10565
f 8161 6453 7271
f 4000 10337 10377
f 6114 3206 8358
f 3822 3821 4133
f 8107 6130 5856
f 4589 1147 1425
f 7542 4745 5722
f 11333 11862 12905
f 2526 2247 261
f 4732 5714 5720
f 5605 4719 10560
f 1783 2067 1800
f 5501 2190 211
f 5290 5572 5288
f 7224 2934 6408
f 5708 3958 3650
f 2826 3157 3110
f 11016 3093 3379
f 12588 12833 12449
f 12000 10883 10715
f 11796 11037 12956
f 2649 2360 2637
f 12800 12543 540
f 2224 2502 1954
f 8809 5455 1312
f 749 1889 745
f 4443 3543 4144
f 9810 11746 12264
f 12590 12700 12830
f 8458 8457 9426
f 3673 1425 4573
f 5085 5425 3769
f 3486 2610 4383
f 4576 3672 4575
f 4576 4575 1428
f 3061 6255 5972
f 714 5174 1310
f 3570 1333 4470
f 10155 10187 9860
f 1616 726 738
f 9381 8817 8404
f 1139 1429 1137
f 2765 2497 2774
f 4755 5731 5736
f 4755 5736 5731
f 5296 5574 3979
f 9785 9208 9209
f 5576 3981 5575
f 4622 12610 12622
f 4506 4507 3592
f 1622 456 453
f 1595 5876 421
f 6576 6566 8259
f 12983 13015 11426
f 10300 10834 10559
f 2505 2786 1693
f 7021 6748 4933
f 8942 9222 6842
f 7108 6838 7825
f 10617 5739 4757
f 8795 9085 9082
f 12971 13082 11446
f 6164 5877 3250
f 4331 4427 4133
f 7399 4686 4650
f 10730 12823 12016
f 6814 7083 3360
f 9359 9365 8791
f 7721 7003 6732
f 2012 614 1764
f 489 759 194
f 10117 10898 10895
f 10846 10845 10552
f 11675 12032 12709
f 10904 12017 12025
f 13118 11546 13117
f 10363 10543 10376
f 11762 13360 13364
f 3682 3679 1437
f 3997 3693 5588
f 6203 3289 8174
f 7552 7546 7556
f 2377 2664 1846
f 13455 12305 13232
f 346 80 2333
f 4193 1046 5201
f 7994 7542 5722
f 1146 4277 4278
f 4998 6813 7084
f 2610 2628 1537
f 11448 13062 8684
f 4589 3684 3683
f 5933 6473 6475
f 5505 5229 792
f 10110 10107 10430
f 2518 2779 1969
f 10881 10878 10094
f 13414 13180 12111
f 7417 5672 7912
f 12800 12569 10722
f 6384 8357 7209
f 11848 11873 11357
f 11792 12704 11788
f 469 2706 1637
f 10449 10443 4761
f 4301 3517 4422
f 5073 4107 5361
f 6741 4924 6733
f 5735 12694 12446
f 5735 12446 12694
f 4202 1653 773
f 4335 3449 1216
f 2211 1944 2204
f 1693 2786 541
f 11649 12688 12809
f 1897 189 2173
f 11157 11797 11271
f 8045 8071 6385
f 12683 2785 11633
f 10490 10807 10780
f 161 5889 2968
f 11205 11231 11340
f 11278 12708 11156
f 4163 6726 3866
f 491 10699 191
f 9568 6608 8996
f 2413 2137 6443
f 4392 958 3522
f 11549 10279 11542
f 12594 12840 12839
f 4787 5842 4847
f 3354 8228 6262
f 2445 180 462
f 5733 7974 7540
f 1431 4577 3674
f 5630 4643 5653
f 6345 2317 2603
f 1665 498 503
f 13110 11537 10272
f 8948 9225 9804
f 8656 12462 8655
f 12932 13371 11773
f 12599 12848 10747
f 11947 11969 12740
f 11037 11792 11033
f 13116 11551 13122
f 7307 6493 6491
f 3729 4038 4031
f 11652 8629 12009
f 11652 12009 8629
f 7828 7104 8936
f 10168 9901 13037
f 490 195 479
f 10603 10443 10902
f 8488 7350 7344
f 9163 4966 7767
f 10301 10500 10000
f 9849 10167 13013
f 9736 6791 9729
f 10834 7509 10559
f 11775 11018 6003
f 3480 940 1265
f 9257 4796 6609
f 8451 7308 8841
f 10562 4116 10398
f 7902 10019 5696
f 4588 1131 2809
f 4751 5731 7976
f 4599 7540 1153
f 5182 1317 8802
f 1247 960 2054
f 4182 3888 5482
f 9195 8889 9174
f 7991 5723 10425
f 2288 2560 1772
f 8630 11652 8629
f 1458 322 1481
f 11666 8645 12020
f 12636 11840 11325
f 6414 9080 9658
f 7285 8419 8423
f 4760 10900 10440
f 9512 9508 8934
f 5735 7978 8624
f 3728 5686 10020
f 1407 1402 3628
f 4501 4497 3591
f 11785 12942 13381
f 12398 8583 12397
f 12943 11027 11784
f 7128 8333 2922
f 12573 10724 10719
f 11843 13348 11348
f 11778 11022 11023
f 3255 7243 2961
f 931 3464 1238
f 8951 8945 9517
f 1926 2181 1925
f 5305 4289 1730
f 1137 4272 5292
f 359 4114 3830
f 2131 1607 726
f 3728 10358 5686
f 12603 12624 12365
f 5037 10550 4012
f 7081 6807 9474
f 1087 4516 1084
f 12572 10719 10724
f 8819 9390 9672
f 623 1487 86
f 9526 8950 8949
f 739 737 446
f 1355 1363 2196
f 3627 3623 4535
f 12008 13383 11782
f 6829 6828 5010
f 8673 9294 7667
f 9284 6637 9565
f 5590 4292 5309
f 309 331 1469
f 6524 6517 7335
f 8954 7835 7115
f 4778 4108 3804
f 13542 13388 13122
f 1752 2625 1797
f 1677 1675 512
f 10634 8570 12396
f 771 1650 484
f 7391 7387 8539
f 3484 4394 4395
f 2011 2630 2559
f 11847 11329 11220
f 3087 6288 11014
f 2189 1916 203
f 9087 9504 5011
f 12567 12001 10715
f 9110 9679 9103
f 9772 9744 9460
f 528 1686 807
f 104 1537 677
f 1618 730 2430
f 10918 11714 11061
f 2479 2751 2473
f 9819 13033 11197
f 10350 3771 5667
f 11297 11871 12914
f 3330 5961 6243
f 3979 3978 5294
f 246 245 826
f 1962 8510 3367
f 2001 93 1259
f 6633 4861 4862
f 4502 2740 1919
f 7994 5729 7544
f 1476 2613 316
f 1441 3687 4594
f 11084 10960 11747
f 1382 1092 1374
f 2002 944 1774
f 6704 6699 4881
f 10895 10602 4280
f 13288 11833 11347
f 13534 11545 13112
f 6591 4837 9029
f 98 1547 654
f 12219 12113 9867
f 5735 12446 5737
f 4566 3648 2511
f 7729 7722 7005
f 775 203 766
f 13255 13516 12161
f 11186 11210 11121
f 12552 12802 12562
f 12101 12135 12298
f 4893 8787 7691
f 7987 7980 5729
f 12889 13246 7670
f 9381 8404 1019
f 4638 5690 5663
f 2248 8616 11637
f 623 647 102
f 4183 3569 4474
f 6040 3125 8027
f 7290 8176 3000
f 10298 10559 5674
f 8535 7382 8265
f 9828 13053 13023
f 10729 12810 12563
f 10314 10482 5608
f 1037 5191 4467
f 3036 6751 3312
f 4077 3790 5393
f 6383 5838 7204
f 5198 1044 2166
f 917 4061 4355
f 12960 11159 11561
f 3231 3239 2945
f 9478 7802 8901
f 12799 10702 12552
f 265 6008 3378
f 427 415 416
f 6472 2998 5917
f 1744 2293 2565
f 13128 9965 10290
f 13128 10290 9965
f 5478 5204 5203
f 6848 7565 4786
f 8978 8983 9554
f 11919 11978 10653
f 11919 10653 11978
f 7785 9450 7065
f 9769 8906 9746
f 11289 11307 11851
f 8183 6479 6487
f 6525 7326 8855
f 2530 2794 2526
f 6930 6949 7676
f 1737 7165 2044
f 12862 10927 10972
f 8645 12020 11660
f 8645 11660 12020
f 5712 4745 5721
f 8934 9792 9793
f 4729 12434 3654
f 11159 11041 11273
f 7056 9450 7770
f 12949 13390 11894
f 2687 1867 2422
f 6754 4937 6751
f 1714 2797 1713
f 6571 7378 8263
f 5364 5153 3783
f 10773 10059 10038
f 8684 9263 9612
f 10655 12497 12741
f 147 1310 2113
f 3875 3871 4169
f 9217 8938 9213
f 3849 4154 5166
f 10090 10886 10594
f 4005 3783 5153
f 12547 12555 12556
f 3252 2958 3251
f 688 125 1829
f 6530 8221 5967
f 9460 8887 9452
f 6895 7681 13506
f 2092 115 677
f 13232 12141 10225
f 9442 8868 8862
f 3004 7279 11881
f 1783 1800 2077
f 11550 13115 10284
f 300 1532 374
f 5865 5873 6147
f 4002 4369 4391
f 11636 11635 12675
f 11600 4703 12638
f 9194 4987 7785
f 4317 3423 5670
f 6900 7640 8761
f 7898 7505 11616
f 5836 6382 2928
f 1911 2723 196
f 2152 2426 2417
f 4160 4905 6722
f 1666 791 792
f 5769 5810 6331
f 3622 4534 3630
f 6972 7687 6705
f 4348 909 4390
f 11653 8630 8629
f 7840 5609 8568
f 8877 3044 7345
f 8453 8445 7306
f 5584 3992 4287
f 3636 4256 4562
f 10508 4357 4664
f 8951 9517 9803
f 12054 12222 12311
f 5049 3819 3815
f 13138 13178 12041
f 10258 10264 12179
f 3034 3027 3315
f 10771 7495 4651
f 2557 2286 2591
f 10111 10433 10603
f 5514 5224 220
f 1442 4606 4597
f 3687 4605 4601
f 3501 1279 987
f 11955 10691 11954
f 3080 6283 5992
f 7901 8572 7452
f 1213 911 1212
f 12244 10202 12297
f 11902 11390 11388
f 10127 5743 7999
f 5298 270 5578
f 12744 12645 12514
f 2362 1823 2640
f 11101 11234 10213
f 8319 9328 8767
f 11278 11272 11158
f 11699 13351 10946
f 2708 1890 2432
f 9792 5019 9791
f 9128 9694 8829
f 8223 6522 8215
f 3468 955 1236
f 12834 12579 11032
f 4483 3575 2448
f 4927 5929 6215
f 8540 8269 8271
f 5254 5253 4231
f 10874 5278 5562
f 7745 3032 7742
f 6174 5905 5898
f 3660 4567 3659
f 6306 3103 6298
f 13378 3089 3373
f 4549 3656 3654
f 13307 13469 11732
f 3 12420 12664
f 6838 3989 4284
f 924 4381 3473
f 10270 9777 9946
f 9484 8916 8908
f 7057 8883 9453
f 396 2643 2364
f 606 84 2872
f 7801 4998 7084
f 12799 12552 12562
f 2471 2749 1927
f 10551 10077 10405
f 13358 12920 11364
f 5021 9215 3989
f 5017 6835 6836
f 6302 6836 5016
f 1719 5300 843
f 12219 10193 12113
f 11390 13395 11389
f 3407 872 1227
f 156 1857 707
f 8929 9211 9503
f 1654 4204 10575
f 10101 10880 10884
f 8216 7325 6523
f 7103 6831 7101
f 10910 10127 7999
f 7896 7882 7514
f 5457 5175 5169
f 11684 10916 11694
f 3865 5187 4166
f 8952 9520 9802
f 576 643 662
f 307 56 325
f 8289 7167 8011
f 11520 10254 11519
f 11520 11519 10254
f 6511 9134 8843
f 10731 8634 12575
f 1982 1143 2805
f 3032 3320 3317
f 5191 5186 4165
f 3080 5992 3079
f 2381 2667 2659
f 8171 6478 8182
f 8256 8255 8525
f 1713 550 2800
f 3052 8485 7343
f 9668 9670 9099
f 3689 4603 4602
f 2941 6147 3240
f 1405 2220 3629
f 7867 7450 4663
f 6651 7627 4828
f 10617 10611 5739
f 2122 424 1580
f 3093 3377 3379
f 11916 10679 10631
f 7789 7062 7067
f 5067 615 5341
f 6845 9959 12349
f 6242 5960 6518
f 1688 521 1686
f 174 729 444
f 8097 8086 6393
f 8687 4785 8971
f 7825 6838 5020
f 6511 8468 8213
f 5327 3713 4112
f 4922 4915 6735
f 9114 4930 4925
f 976 4432 3526
f 8619 1968 2237
f 12929 11769 13367
f 9961 12348 12190
f 8874 7783 7064
f 13294 13343 12904
f 6304 3389 3107
f 8556 11625 12655
f 4217 5231 5514
f 8473 6515 8211
f 1602 4163 445
f 7222 7233 8377
f 6440 6426 8126
f 4552 1104 1398
f 7032 7755 8853
f 1990 1725 849
f 5957 4945 6246
f 10721 7983 10099
f 12853 11722 10957
f 11561 9966 13129
f 8050 5837 6369
f 2260 1990 849
f 8537 8533 7383
f 9809 10199 9870
f 353 2617 1530
f 2539 2538 2813
f 11109 11221 9913
f 10002 10328 3725
f 4841 6934 7645
f 6653 3180 6934
f 7560 8000 10119
f 2230 2512 1959
f 13158 11477 10151
f 5114 5378 1244
f 2501 2496 2766
f 287 2559 1464
f 6874 6672 6646
f 295 2311 2007
f 12611 7494 11580
f 4917 9101 7717
f 3464 4377 4370
f 9162 7773 4971
f 1091 5250 4525
f 9998 13212 10800
f 9161 8867 4977
f 530 528 240
f 466 174 746
f 9525 9518 8955
f 802 1949 2498
f 6274 6818 7071
f 2019 2041 1747
f 8506 6561 8242
f 3051 3347 6264
f 10462 4122 10337
f 4752 10886 10596
f 12820 12015 11664
f 5169 5445 3854
f 9470 9741 9751
f 8144 6448 6455
f 12726 12497 12507
f 5244 5522 4219
f 7560 5741 7998
f 13209 7619 6941
f 8580 12411 12654
f 1179 3402 3435
f 9161 9722 8867
f 3964 3972 5288
f 569 1991 281
f 11684 11685 12221
f 2440 2159 475
f 9962 9960 10287
f 4954 7044 4948
f 1270 4417 975
f 1270 975 4417
f 10081 5139 5414
f 451 237 532
f 7149 8292 8351
f 3033 5947 11002
f 6153 8237 3357
f 5587 5305 854
f 3228 135 688
f 9002 9576 8733
f 399 3530 2365
f 8869 9438 8477
f 4660 5648 7907
f 7606 4861 6924
f 6478 5920 9117
f 10349 10068 10510
f 12838 10612 10616
f 8950 8946 9520
f 299 1507 69
f 7339 5969 6527
f 4201 3911 3600
f 5255 5251 5534
f 1602 445 1612
f 12092 10171 12278
f 2583 2313 2036
f 3643 3647 4555
f 7543 7987 4750
f 1912 2459 2731
f 1997 1797 2342
f 2504 2501 2773
f 2504 2773 2501
f 782 5495 214
f 2881 3168 2867
f 2339 2604 2332
f 5760 296 12482
f 8509 7369 7355
f 8654 12030 11672
f 7166 8312 7158
f 10436 10899 10442
f 8589 10689 10672
f 6738 4917 5911
f 4556 3652 3638
f 12560 12557 12803
f 12560 12803 12557
f 7441 5655 963
f 13191 7582 4860
f 10273 13111 11541
f 1083 4512 1078
f 747 734 173
f 13209 13499 13474
f 13376 3372 6291
f 11286 11454 11303
f 8872 8865 9441
f 809 2213 522
f 9009 13030 8752
f 13385 12947 13389
f 4823 6641 4822
f 1649 760 757
f 9415 9127 8840
f 12877 12114 10994
f 4617 4705 3433
f 1003 1297 1301
f 841 268 267
f 7568 6895 6631
f 1754 1474 601
f 8535 8534 7382
f 13300 12914 13344
f 7252 2414 6438
f 10012 10857 10562
f 8631 11649 8635
f 12638 4703 11613
f 11794 11272 12834
f 8405 6458 8141
f 10437 10885 10597
f 8648 8643 11664
f 558 12804 12556
f 802 1675 1949
f 5347 1229 5368
f 10316 3712 10480
f 5392 10838 5125
f 1519 366 1527
f 7992 10897 7553
f 918 971 4419
f 2391 2112 2105
f 436 6159 5885
f 4235 3938 3933
f 9223 5023 9219
f 4551 3652 1124
f 1431 4578 1132
f 12981 9844 11316
f 7856 9980 4642
f 12797 12563 12551
f 7141 8294 8338
f 10380 12522 3785
f 10456 12035 12581
f 5310 5590 5309
f 3100 3103 3386
f 8650 8644 11669
f 11443 11509 13076
f 5585 5584 5303
f 8955 7835 8954
f 6380 7202 6397
f 13263 12337 12177
f 2444 463 2165
f 1190 880 4324
f 2230 539 2512
f 4762 5741 10441
f 11064 11222 11853
f 7549 7986 5728
f 2674 1844 2109
f 2225 2500 2774
f 395 383 2641
f 10137 9854 9906
f 2994 3283 3278
f 9945 9489 9779
f 4310 5655 4646
f 6203 5916 5912
f 594 336 326
f 3548 4455 1006
f 10481 10774 4656
f 12457 12577 12578
f 3352 7063 3053
f 5194 5464 3871
f 12552 10702 250
f 12552 250 10702
f 11185 11074 11238
f 4295 3997 4293
f 2226 1964 2236
f 4643 4698 7471
f 4801 8729 7671
f 3313 3309 3022
f 13524 12180 9940
f 7739 9120 4932
f 7120 6315 8310
f 3561 1323 164
f 8204 7328 8466
f 1436 1145 1144
f 4629 5659 7949
f 9945 9779 9205
f 715 704 152
f 7314 8447 8451
f 1267 3521 4424
f 11337 11855 11866
f 8272 11157 11277
f 12347 12191 9959
f 6816 6272 3350
f 5495 5488 5211
f 3044 4966 6780
f 6415 8118 8117
f 8746 9023 7178
f 3756 4081 5142
f 719 3251 157
f 684 113 120
f 7068 7783 4976
f 3366 13374 3075
f 2092 1820 2090
f 11692 3124 12886
f 567 1727 280
f 8243 5989 5990
f 5040 5337 5062
f 12020 10901 5307
f 6839 6837 5019
f 2529 11140 11260
f 6447 8152 8413
f 5245 1391 1101
f 11775 6003 6289
f 11800 12356 13545
f 7610 6902 7626
f 10621 10127 10910
f 7812 7095 7820
f 10746 13391 12021
f 1652 2738 2466
f 3993 5586 3986
f 9098 4908 3551
f 3698 5741 3994
f 3698 3994 5741
f 6580 8270 6563
f 1570 399 412
f 7409 9251 869
f 12680 541 2786
f 8299 3138 2850
f 9510 7104 9790
f 8962 8672 8737
f 1370 4507 3601
f 1831 1824 2083
f 9803 5023 9223
f 505 790 225
f 4870 6954 6695
f 9467 9465 9932
f 11298 11831 11310
f 7724 7719 4919
f 7806 4982 6800
f 2487 2483 2755
f 132 2086 2095
f 13528 7807 13270
f 4557 3640 1125
f 7998 10122 7558
f 9516 11385 13119
f 8746 7178 8330
f 10462 10824 5144
f 8646 12585 12459
f 7409 869 7950
f 10741 11657 8637
f 11164 11816 11342
f 11394 11899 11384
f 590 52 65
f 7391 8947 9524
f 2555 2561 2289
f 12572 10724 10717
f 12572 10717 10724
f 13032 10231 11471
f 3392 864 4298
f 11668 12825 12698
f 1694 253 537
f 11683 10915 12053
f 4485 4184 4476
f 2745 2478 9709
f 10086 7975 10885
f 4599 1153 3696
f 4077 3805 3790
f 12352 9958 13539
f 1338 1342 1042
f 6772 4949 9719
f 531 1704 543
f 7722 7720 6730
f 6858 6914 4843
f 6367 3200 2893
f 2874 7187 8313
f 7994 5732 5729
f 9153 9726 8854
f 8810 9096 3552
f 7589 6943 8732
f 2990 3279 5908
f 7288 3006 8436
f 5471 1612 445
f 12040 11678 11676
f 8015 8286 9262
f 2837 5820 6097
f 10285 12194 12192
f 11282 11905 11393
f 3764 3791 4116
f 2822 6571 8263
f 10877 10883 10096
f 3360 3358 3080
f 13324 12898 2883
f 5675 4686 5691
f 1712 835 1711
f 12491 12758 1535
f 8142 6454 8148
f 7210 7201 8360
f 11164 11092 11816
f 8583 12401 11598
f 8673 8764 9294
f 8230 7347 6533
f 13301 13431 12884
f 7010 5471 7726
f 8162 8410 8155
f 4307 3465 4322
f 1598 1604 449
f 11400 13211 10063
f 8633 11650 12690
f 6626 4858 9054
f 10113 10112 10111
f 5591 5309 3696
f 2087 116 673
f 1515 4096 3789
f 12592 12459 12828
f 1950 1947 2213
f 8701 9582 9305
f 2707 2147 2428
f 8553 12370 10694
f 9605 9052 9032
f 8952 9802 9519
f 5799 6070 6087
f 13263 13262 13261
f 12972 9875 11447
f 11835 12905 11356
f 5308 4293 1159
f 3727 321 3424
f 5415 5150 5432
f 9188 11522 9186
f 1788 954 2051
f 4611 10526 10564
f 5012 3965 4260
f 2776 537 2510
f 10613 10444 10612
f 10800 10541 10572
f 2691 2420 2698
f 7844 5673 3459
f 12750 11944 12784
f 8925 11532 13100
f 4492 4488 1047
f 1756 600 604
f 8967 4796 8671
f 4515 1069 1370
f 13375 12940 11015
f 11941 8585 11606
f 8170 6216 6486
f 11697 11742 10980
f 12600 12599 12465
f 9210 9502 8928
f 3698 3994 5589
f 2095 1841 701
f 3564 2430 2143
f 9138 8847 9719
f 310 3743 3470
f 3295 11365 8426
f 9810 11743 11746
f 10090 10594 10417
f 2152 2417 2695
f 9521 13124 11386
f 7198 7208 6399
f 5269 4235 5555
f 6018 3388 8268
f 9461 8881 9745
f 8004 6313 8007
f 12465 12599 12848
f 4717 7516 5701
f 5033 5360 4023
f 10500 10058 10840
f 11891 8923 9498
f 11686 10976 11713
f 11696 10958 11695
f 11400 13075 10239
f 7676 6697 4884
f 10435 10597 10885
f 11914 12623 11590
f 1168 1174 1287
f 6154 2948 3240
f 12035 10908 10129
f 11207 11329 11847
f 6949 6674 6965
f 5306 6838 4284
f 10506 5652 10353
f 13259 7810 7088
f 10437 10607 10899
f 2424 2139 1881
f 11154 11269 6575
f 11397 11279 11281
f 1384 5530 5234
f 12573 12824 12822
f 3705 4132 3832
f 6993 5455 7709
f 713 5449 5177
f 9140 8195 9709
f 6204 5924 6193
f 10805 7455 10519
f 7390 7386 8269
f 3759 5413 339
f 690 130 698
f 8488 3338 3045
f 9420 8453 9707
f 8875 9451 9168
f 3642 4554 3646
f 12487 10322 10034
f 4562 3644 4558
f 2602 1778 964
f 13033 13067 11501
f 3631 3939 4536
f 280 1727 2257
f 4270 3971 4263
f 9609 9634 9060
f 12801 11778 1702
f 12594 12026 12837
f 13287 12202 13549
f 4983 7069 7781
f 6814 6271 5995
f 466 1628 457
f 10755 4036 4006
f 13391 8524 12021
f 7580 6858 13170
f 8736 8735 9019
f 7762 7759 4956
f 10842 10855 10068
f 3442 4337 903
f 8299 2073 7150
f 4267 3966 4261
f 3539 1005 4450
f 5911 2984 6186
f 8999 6961 9286
f 11794 11790 11038
f 2503 2216 2771
f 2438 2712 2429
f 12669 2681 2394
f 10093 10875 5276
f 6490 7293 8438
f 7176 8073 8344
f 11371 13370 12931
f 8655 12709 11671
f 5573 8930 1423
f 435 1877 1606
f 4483 2175 3579
f 5436 5152 3838
f 8281 8049 8029
f 12049 12153 12214
f 9557 6682 8031
f 4239 1687 3934
f 10187 9609 9060
f 1376 3604 1368
f 6170 1599 5908
f 2997 8415 3277
f 9685 9401 7009
f 9000 6690 4874
f 1170 8740 9296
f 7105 7823 5300
f 4140 382 3836
f 6734 9677 9389
f 31 38 596
f 8125 8381 7235
f 5954 6237 6763
f 4203 4206 1657
f 13095 10260 9937
f 10806 10517 4680
f 11995 11999 10710
f 4227 5544 3944
f 6204 5913 3000
f 8131 6425 8121
f 7793 4988 7787
f 10128 10906 10123
f 12705 12457 12578
f 12455 2546 2820
f 400 1574 1568
f 3942 4230 3634
f 5617 4692 4682
f 5594 5657 4660
f 6277 3355 3085
f 7283 6474 8156
f 8079 8340 8339
f 9669 8806 9389
f 6571 8255 8528
f 12716 10548 12487
f 7089 7804 7808
f 13456 12299 10982
f 4034 4078 5092
f 5590 3697 4292
f 11022 6293 11780
f 10219 10236 9908
f 9228 9802 8946
f 2232 8511 8510
f 9145 6763 9711
f 3342 3057 8489
f 12217 10178 12107
f 8265 6573 8260
f 1347 3890 3580
f 1723 1722 564
f 6478 9117 9692
f 11705 10947 12302
f 13551 13550 13402
f 13551 13402 13550
f 13284 13546 12199
f 9439 9431 9718
f 12425 2699 2413
f 5180 5452 5178
f 9371 9657 9659
f 6229 5941 3301
f 11670 8642 12457
f 7886 7476 7919
f 10731 12011 8634
f 7123 8317 7129
f 9231 9525 9806
f 3250 5877 2957
f 13421 13149 13187
f 13421 13187 13149
f 13073 10222 9895
f 12597 12596 12844
f 11145 11146 11263
f 8943 8942 7112
f 10815 7468 10065
f 10742 12017 10904
f 8869 9441 8865
f 9514 8940 8941
f 13145 13175 13505
f 8823 9394 8820
f 4660 10510 5648
f 12794 10700 12545
f 4295 4759 3997
f 6268 3351 3062
f 5058 5375 3801
f 2791 1971 11635
f 7550 10897 7990
f 6717 7695 6980
f 5527 5519 5239
f 8666 13198 12997
f 11022 3090 6293
f 400 2665 1574
f 1119 3631 4540
f 8719 8779 9051
f 9837 9612 9042
f 9967 13126 13128
f 504 1660 221
f 6527 5969 6256
f 11993 10717 10709
f 4088 641 1520
f 3431 4414 966
f 4734 5716 4743
f 5357 5081 5356
f 12217 12057 10236
f 9126 6495 7296
f 11435 11456 10243
f 6252 5973 5967
f 11262 11144 6560
f 1630 2714 470
f 10447 10124 5738
f 8842 8444 9407
f 3112 2841 6928
f 3052 5965 6257
f 1634 2437 2711
f 3058 3344 6253
f 2576 2308 2300
f 11004 13363 11763
f 1171 5617 7891
f 12369 12740 12511
f 6411 5863 5853
f 6188 6177 2977
f 3371 12933 13372
f 4627 4711 4620
f 3429 973 4400
f 11805 11221 11066
f 12876 11747 10986
f 10166 11460 8695
f 5073 5361 4130
f 11001 13364 12925
f 6236 6231 5946
f 3152 6059 5804
f 6812 4984 4995
f 2211 8475 6531
f 3099 6297 6837
f 12087 9901 12306
f 3963 4258 4252
f 1907 2449 2728
f 1350 1052 3581
f 4240 524 3935
f 11040 6019 11795
f 4619 5639 12392
f 6270 8233 6544
f 7456 969 4714
f 1118 4545 1951
f 13284 12199 12355
f 7979 4746 7977
f 2688 2416 2411
f 3084 7365 3370
f 4784 6876 6609
f 1061 5213 5489
f 2097 117 2373
f 8577 8590 10670
f 11519 13087 10254
f 7677 6699 6952
f 12242 12134 12269
f 12707 12590 12834
f 13297 13479 11336
f 11831 13330 12887
f 11392 11275 11153
f 7147 8341 7151
f 5001 9485 7092
f 10634 12396 12492
f 10131 10128 8003
f 10131 8003 10128
f 3068 3357 3067
f 5219 773 204
f 13204 13467 13234
f 4826 6671 9620
f 12608 12477 12370
f 12594 10746 12026
f 7044 7749 4948
f 11038 11152 11272
f 10333 12757 10514
f 10089 10707 12548
f 12092 12114 12274
f 7115 7833 7113
f 6617 6375 9558
f 12355 12354 12195
f 1860 2122 1851
f 6303 3382 3097
f 11676 8653 11673
f 10310 10825 10476
f 5161 6976 5444
f 12330 9924 12169
f 5929 5926 6210
f 1834 680 2096
f 12952 13391 12951
f 10632 10674 8555
f 10632 8555 10674
f 6270 6544 5999
f 4379 3491 965
f 9002 9628 9576
f 9688 9113 4923
f 4650 5675 4649
f 7990 10897 10118
f 7103 13532 6831
f 11926 12725 12762
f 13545 12356 12355
f 2815 1992 2545
f 3039 7033 7024
f 10136 9866 11453
f 11786 12190 12345
f 3694 5736 4601
f 13111 11540 13531
f 9216 9796 9795
f 1988 2537 2810
f 3701 10531 3772
f 2197 2475 2746
f 3682 1436 3679
f 7801 7800 4998
f 9673 9385 8159
f 9482 8919 8917
f 12963 11801 12202
f 5920 5912 6190
f 9964 10286 11394
f 11219 12119 9874
f 12840 12706 12460
f 7090 6810 4245
f 11267 11785 13381
f 3910 563 3672
f 1830 2084 1819
f 11073 11070 11827
f 5955 6230 8442
f 9474 9754 8894
f 8846 9421 9423
f 2347 2084 2359
f 9954 12188 12348
f 11395 7387 7391
f 3877 4472 4172
f 4651 7495 7887
f 956 5416 5118
f 9761 9183 6543
f 5 11921 10675
f 4401 4397 3503
f 2940 3237 6146
f 7969 1125 1416
f 4162 6721 3863
f 11403 10193 9867
f 13059 11500 11344
f 3766 4083 5376
f 5011 6829 9783
f 3085 5999 6287
f 8470 7323 8468
f 8470 8468 7323
f 13318 12915 13353
f 2543 2542 2259
f 6817 7073 7784
f 1839 11626 8608
f 420 1586 700
f 12547 12556 12804
f 3358 8244 6283
f 5019 6297 6300
f 5466 5185 5463
f 7650 7653 2895
f 2209 1941 2203
f 279 278 848
f 12601 12402 8564
f 4448 3847 1297
f 13302 10972 11734
f 12040 12594 10750
f 8995 9610 9063
f 3116 8305 2848
f 6300 6569 8260
f 11599 8599 8586
f 11767 12925 13250
f 9968 10797 10318
f 2535 1984 2254
f 4053 3771 4075
f 9497 9786 9496
f 8022 5843 4815
f 11674 11663 8641
f 7675 2913 5848
f 4342 4340 3477
f 10585 4258 3963
f 2540 2803 2256
f 4666 10571 10549
f 4248 533 1702
f 6710 8102 6141
f 13085 13526 9492
f 13511 13250 13513
f 8101 6397 7202
f 898 3524 1282
f 2865 3147 2906
f 13130 13125 9963
f 11382 11032 11897
f 8027 6324 5773
f 13545 13543 13281
f 1582 1573 695
f 13364 11761 12924
f 3714 4105 3776
f 12713 12600 12465
f 856 5122 1176
f 9500 9507 8925
f 13397 12951 10746
f 9806 9230 8956
f 11581 12635 7496
f 10268 8922 9786
f 6524 8467 7324
f 287 42 2011
f 5349 5127 1202
f 9944 9203 8918
f 8954 9522 7116
f 6626 9054 9577
f 8396 9377 7243
f 8319 7163 8755
f 4240 3935 5535
f 10258 9934 12176
f 5928 3293 3015
f 11883 11369 11882
f 4373 3496 4103
f 13106 11542 11534
f 6580 8269 7386
f 11192 11071 11112
f 8507 7355 7370
f 7678 6970 4879
f 5735 4752 7978
f 8143 6453 8409
f 2250 2794 2530
f 11883 11882 11370
f 7988 8637 7545
f 3106 8537 7383
f 4368 3476 940
f 8675 7647 9346
f 7992 10116 10897
f 397 408 1571
f 4050 4342 3826
f 947 956 1808
f 3948 5541 5258
f 5369 5100 5098
f 2685 6436 8132
f 9126 7296 8833
f 7049 6770 4959
f 12486 10683 12517
f 12554 1702 12543
f 10524 10376 12771
f 7801 7799 7083
f 6817 6823 5003
f 11358 3222 13356
f 402 1569 411
f 4929 6749 4932
f 10983 11239 11356
f 9417 9714 9137
f 11138 11250 11367
f 11878 8417 7269
f 12029 12699 10745
f 4752 10890 10886
f 9796 5016 9794
f 5758 3114 2869
f 2569 1762 992
f 1715 4265 3974
f 12809 12688 12437
f 6815 6814 4996
f 5415 990 5150
f 10753 12846 12597
f 12465 12711 12464
f 5502 5222 210
f 2349 2641 383
f 5240 5516 5517
f 5983 6274 3349
f 10460 12756 10335
f 9706 9124 9696
f 12180 12178 12179
f 530 240 812
f 1204 900 899
f 7828 7109 7827
f 12568 12813 12000
f 13037 9901 11480
f 932 1782 1779
f 7061 5252 7788
f 3437 5667 3771
f 12009 10722 12562
f 2845 5844 3207
f 6443 8389 11241
f 3086 6284 3076
f 12434 12439 12682
f 2543 2807 2252
f 11436 13021 9857
f 12213 12094 13196
f 2035 2074 1808
f 13429 12126 13421
f 6592 4815 7594
f 7368 8940 9514
f 3685 4591 4739
f 170 169 450
f 10691 10856 10069
f 10606 10441 10435
f 6106 3193 5828
f 8775 8350 9052
f 9090 9081 8791
f 7397 13012 10837
f 10909 8002 10449
f 3155 6066 6643
f 10910 7561 10131
f 7479 11959 7947
f 3354 3065 3353
f 3466 3800 5377
f 4440 3541 1301
f 10756 10356 10514
f 10177 11472 11476
f 8935 9505 9797
f 11289 12976 11299
f 2174 2730 2450
f 10129 10908 10125
f 12317 11767 13250
f 6104 3095 3381
f 11276 11391 11275
f 12100 12310 10176
f 6504 8444 8842
f 12038 12847 10912
f 8144 6455 7266
f 10663 8584 7914
f 8173 9689 9120
f 3551 4452 3546
f 1399 1099 5251
f 2718 1642 2443
f 9925 13087 11519
f 2249 2795 1977
f 5037 10842 10550
f 3971 4266 5569
f 4552 4244 5264
f 4552 5264 4244
f 552 261 831
f 1765 618 1509
f 7116 7834 7114
f 6884 8721 9278
f 1186 927 967
f 9117 4922 9684
f 2536 4584 3680
f 9849 9881 13006
f 9741 9170 9165
f 12696 12575 12448
f 764 1640 480
f 8269 6563 8530
f 12960 13284 13547
f 11803 11084 11309
f 13266 8918 7809
f 1335 5479 1334
f 11174 11087 11122

